id,name,slug,critic_rating,critic_count,user_rating,user_count,release_year,decade,genres,platforms
4876,G-Force,g-force,100.0,3,79.3,19,2009,2000,"Platform, Adventure","PlayStation 3, PC (Microsoft Windows), Xbox 360"
1077,Super Mario Galaxy,super-mario-galaxy,98.8,4,88.7,1295,2007,2000,"Platform, Adventure","Wii, Wii U"
7346,The Legend of Zelda: Breath of the Wild,the-legend-of-zelda-breath-of-the-wild,97.6,27,92.5,2976,2017,2010,"Puzzle, Adventure","Wii U, Nintendo Switch"
6036,The Last of Us Remastered,the-last-of-us-remastered,97.4,10,93.3,1695,2014,2010,"Shooter, Adventure",PlayStation 4
139446,Mortal Kombat 11: Ultimate,mortal-kombat-11-ultimate,97.3,3,89.5,27,2020,2020,Fighting,"Google Stadia, Xbox Series X|S, PlayStation 4, PC (Microsoft Windows), PlayStation 5, Xbox One, Nintendo Switch"
240009,Elden Ring: Shadow of the Erdtree,elden-ring-shadow-of-the-erdtree,97.0,8,86.4,123,2024,2020,"Role-playing (RPG), Adventure","Xbox Series X|S, PlayStation 4, Nintendo Switch 2, PC (Microsoft Windows), PlayStation 5, Xbox One"
119133,Elden Ring,elden-ring,96.9,10,93.5,2294,2022,2020,"Role-playing (RPG), Adventure","Xbox Series X|S, PlayStation 4, Nintendo Switch 2, PC (Microsoft Windows), PlayStation 5, Xbox One"
492,Gears of War 3,gears-of-war-3,96.7,4,81.8,350,2011,2010,Shooter,Xbox 360
26758,Super Mario Odyssey,super-mario-odyssey,96.7,17,88.8,1873,2017,2010,"Platform, Adventure","Nintendo Switch 2, Nintendo Switch"
228,World of Warcraft: Wrath of the Lich King,world-of-warcraft-wrath-of-the-lich-king,96.7,3,90.4,288,2008,2000,Role-playing (RPG),"PC (Microsoft Windows), Mac"
12517,Undertale,undertale,96.4,13,86.0,1887,2015,2010,"Puzzle, Role-playing (RPG), Adventure, Indie","PlayStation 4, Linux, PC (Microsoft Windows), Mac, PlayStation Vita, Xbox One, Nintendo Switch"
1078,Super Mario Galaxy 2,super-mario-galaxy-2,96.3,6,88.9,950,2010,2010,"Platform, Adventure","Wii, Wii U"
7425,The Witness,the-witness--1,96.3,7,,,1983,1980,Adventure,"Atari 8-bit, Commodore C64/128/MAX, TRS-80 Color Computer, Atari ST/STE, Commodore 16, Mac, DOS, Amiga, Apple II, TRS-80, Amstrad CPC, Commodore Plus/4, Amstrad PCW"
19560,God of War,god-of-war--1,96.2,26,92.0,3574,2018,2010,"Role-playing (RPG), Hack and slash/Beat 'em up, Adventure","PlayStation 4, PC (Microsoft Windows), PlayStation 5"
499,God of War III,god-of-war-iii,96.0,6,86.2,807,2010,2010,"Hack and slash/Beat 'em up, Adventure",PlayStation 3
1058,LittleBigPlanet,littlebigplanet,96.0,9,79.1,275,2008,2000,Platform,PlayStation 3
3363,Mario & Luigi: Bowser's Inside Story,mario-luigi-bowser-s-inside-story,96.0,5,89.4,149,2009,2000,"Role-playing (RPG), Adventure",Nintendo DS
1985,Metal Gear Solid V: The Phantom Pain,metal-gear-solid-v-the-phantom-pain,95.7,19,84.7,1176,2015,2010,"Shooter, Tactical, Adventure","PlayStation 3, PlayStation 4, PC (Microsoft Windows), Xbox 360, Xbox One"
74,Mass Effect 2,mass-effect-2,95.6,9,91.2,2768,2010,2010,"Shooter, Role-playing (RPG), Adventure","PlayStation 3, PC (Microsoft Windows), Xbox 360"
565,Uncharted 2: Among Thieves,uncharted-2-among-thieves,95.4,8,88.7,2223,2009,2000,"Shooter, Platform, Adventure",PlayStation 3
9602,Super Smash Bros. for Wii U,super-smash-bros-for-wii-u,95.3,11,83.4,330,2014,2010,"Fighting, Platform",Wii U
21084,The Ico & Shadow of the Colossus Collection,the-ico-and-shadow-of-the-colossus-collection,95.3,4,89.5,21,2011,2010,"Platform, Puzzle, Adventure",PlayStation 3
1041,The Legend of Zelda: Oracle of Ages,the-legend-of-zelda-oracle-of-ages,95.3,3,84.2,173,2001,2000,"Puzzle, Adventure","Game Boy Color, Nintendo 3DS"
119388,The Legend of Zelda: Tears of the Kingdom,the-legend-of-zelda-tears-of-the-kingdom,95.3,6,92.9,920,2023,2020,"Puzzle, Adventure",Nintendo Switch
26192,The Last of Us Part II,the-last-of-us-part-ii,95.2,11,90.1,1798,2020,2020,"Shooter, Adventure","PlayStation 4, PlayStation 5"
27241,Shovel Knight: King of Cards,shovel-knight-king-of-cards,95.0,3,88.3,27,2019,2010,"Platform, Adventure, Indie","Amazon Fire TV, PlayStation 3, PlayStation 4, Linux, Nintendo 3DS, PC (Microsoft Windows), Mac, Wii U, PlayStation Vita, Xbox One, Nintendo Switch"
293,Sid Meier's Civilization IV,sid-meier-s-civilization-iv,95.0,3,85.2,307,2005,2000,"Simulator, Strategy, Turn-based strategy (TBS)","PC (Microsoft Windows), Mac"
254339,Super Mario Bros. Wonder,super-mario-bros-wonder,95.0,7,87.4,216,2023,2020,Platform,Nintendo Switch
112875,God of War Ragnarök,god-of-war-ragnarok,94.6,13,90.9,1161,2022,2020,"Role-playing (RPG), Hack and slash/Beat 'em up, Adventure","PlayStation 4, PC (Microsoft Windows), PlayStation 5"
9643,Return of the Obra Dinn,return-of-the-obra-dinn,94.6,7,89.6,504,2018,2010,"Puzzle, Adventure, Indie","PlayStation 4, PC (Microsoft Windows), Mac, Xbox One, Nintendo Switch"
119171,Baldur's Gate III,baldurs-gate-iii,94.5,10,94.9,1617,2023,2020,"Role-playing (RPG), Strategy, Turn-based strategy (TBS)","Google Stadia, Xbox Series X|S, Linux, PC (Microsoft Windows), PlayStation 5, Mac"
132181,Resident Evil 4,resident-evil-4--1,94.5,6,90.4,685,2023,2020,"Shooter, Puzzle, Adventure","Xbox Series X|S, PlayStation 4, Nintendo Switch 2, PC (Microsoft Windows), iOS, PlayStation 5, Mac"
250645,Destiny 2: The Final Shape,destiny-2-the-final-shape,94.3,4,73.1,13,2024,2020,"Shooter, Role-playing (RPG), Adventure","Xbox Series X|S, PlayStation 4, PC (Microsoft Windows), PlayStation 5, Xbox One"
26602,Metaphor: ReFantazio,metaphor-refantazio,94.3,7,86.0,108,2024,2020,"Role-playing (RPG), Turn-based strategy (TBS), Adventure","Xbox Series X|S, PlayStation 4, Nintendo Switch 2, PC (Microsoft Windows), PlayStation 5"
303811,Astro Bot,astro-bot,94.1,7,90.5,164,2024,2020,"Platform, Adventure",PlayStation 5
141503,Forza Horizon 5,forza-horizon-5,94.1,11,84.5,355,2021,2020,Racing,"Xbox Series X|S, PC (Microsoft Windows), PlayStation 5, Xbox One"
25076,Red Dead Redemption 2,red-dead-redemption-2,94.1,17,93.2,3847,2018,2010,"Shooter, Role-playing (RPG), Adventure","Google Stadia, PlayStation 4, PC (Microsoft Windows), Xbox One"
733,Grand Theft Auto: Vice City,grand-theft-auto-vice-city,94.0,4,87.3,3155,2002,2000,"Shooter, Racing, Adventure, Arcade","Xbox, PlayStation 3, PC (Microsoft Windows), Mac, PlayStation 2"
114283,Persona 5 Royal,persona-5-royal,94.0,10,94.4,679,2019,2010,"Role-playing (RPG), Adventure","Xbox Series X|S, PlayStation 4, PC (Microsoft Windows), PlayStation 5, Xbox One, Nintendo Switch"
21796,Super Street Fighter II Turbo HD Remix,super-street-fighter-ii-turbo-hd-remix,94.0,5,79.9,7,2008,2000,Fighting,"PlayStation 3, Xbox 360"
127038,Tales from the Borderlands: Episode 5 - The Vault of the Traveler,tales-from-the-borderlands-episode-5-the-vault-of-the-traveler,94.0,5,,,2015,2010,"Point-and-click, Adventure","PlayStation 3, PlayStation 4, Android, PC (Microsoft Windows), iOS, Xbox 360, Xbox One"
1352,Journey,journey,93.9,14,85.4,1180,2012,2010,"Platform, Adventure, Indie","PlayStation 3, PlayStation 4, PC (Microsoft Windows), iOS"
2180,Super Mario 3D World,super-mario-3d-world,93.9,14,84.3,434,2013,2010,Platform,Wii U
23914,Araya,araya,93.8,3,60.0,3,2016,2010,"Adventure, Indie",PC (Microsoft Windows)
2140,LittleBigPlanet 2,littlebigplanet-2,93.8,4,82.3,169,2011,2010,"Platform, Puzzle, Adventure",PlayStation 3
239800,Discounty,discounty,93.7,3,66.8,5,2025,2020,"Role-playing (RPG), Simulator, Indie","Xbox Series X|S, PlayStation 4, Android, PC (Microsoft Windows), iOS, PlayStation 5, Xbox One, Nintendo Switch"
340113,Star Wars Zero Company,star-wars-zero-company,93.7,3,82.4,7,2026,2020,"Strategy, Turn-based strategy (TBS), Tactical","Xbox Series X|S, PC (Microsoft Windows), PlayStation 5"
116,Star Wars: Knights of the Old Republic,star-wars-knights-of-the-old-republic,93.7,9,90.4,1483,2003,2000,"Role-playing (RPG), Adventure","Xbox, Android, PC (Microsoft Windows), iOS, Mac, Nintendo Switch"
236663,Metroid Prime Remastered,metroid-prime-remastered,93.6,5,87.6,86,2023,2020,"Shooter, Platform, Adventure",Nintendo Switch
9927,Persona 5,persona-5,93.6,21,92.5,1113,2016,2010,"Role-playing (RPG), Adventure","PlayStation 3, PlayStation 4"
113112,Hades,hades--1,93.5,17,89.4,1755,2020,2020,"Role-playing (RPG), Hack and slash/Beat 'em up, Adventure, Indie","Xbox Series X|S, PlayStation 4, PC (Microsoft Windows), iOS, PlayStation 5, Mac, Xbox One, Nintendo Switch"
2899,EarthBound,earthbound,93.3,3,89.0,570,1994,1990,"Role-playing (RPG), Turn-based strategy (TBS), Adventure","Super Nintendo Entertainment System, Wii U, New Nintendo 3DS, Game Boy Advance, Super Famicom"
549,God of War,god-of-war,93.3,3,83.5,1063,2005,2000,"Puzzle, Hack and slash/Beat 'em up, Adventure",PlayStation 2
36926,Monster Hunter: World,monster-hunter-world,93.3,20,83.8,573,2018,2010,"Role-playing (RPG), Adventure","PlayStation 4, PC (Microsoft Windows), Xbox One"
152071,Planet of Lana,planet-of-lana,93.3,3,75.9,118,2023,2020,"Platform, Puzzle, Adventure, Indie","Xbox Series X|S, PlayStation 4, Android, PC (Microsoft Windows), iOS, PlayStation 5, Xbox One, Nintendo Switch"
23373,The Talos Principle: Deluxe Edition,the-talos-principle-deluxe-edition,93.3,3,89.9,7,2015,2010,"Shooter, Puzzle, Strategy, Adventure, Indie","PlayStation 4, Nintendo Switch"
7471,Transformers: Revenge of the Fallen,transformers-revenge-of-the-fallen,93.3,7,68.0,36,2009,2000,"Shooter, Adventure","PlayStation 3, Wii, PC (Microsoft Windows), PlayStation Portable, Xbox 360, Nintendo DS, PlayStation 2"
512,Uncharted 3: Drake's Deception,uncharted-3-drake-s-deception,93.3,8,84.5,1464,2011,2010,"Shooter, Platform, Adventure",PlayStation 3
538,BioShock Infinite,bioshock-infinite,93.2,14,85.7,2682,2013,2010,"Shooter, Adventure","PlayStation 3, PlayStation 4, Linux, PC (Microsoft Windows), Mac, Xbox 360, Xbox One"
37094,Shadow of the Colossus,shadow-of-the-colossus--1,93.2,13,84.5,375,2018,2010,"Platform, Puzzle, Adventure",PlayStation 4
7331,Uncharted 4: A Thief's End,uncharted-4-a-thief-s-end,93.2,25,90.4,2646,2016,2010,"Shooter, Adventure",PlayStation 4
732,Grand Theft Auto: San Andreas,grand-theft-auto-san-andreas,93.1,6,90.1,4063,2004,2000,"Shooter, Racing, Adventure","Xbox, PlayStation 3, PlayStation 4, Windows Phone, Android, PC (Microsoft Windows), iOS, Mac, Xbox 360, PlayStation 2"
277,Battlefield 2,battlefield-2,93.0,4,81.3,356,2005,2000,Shooter,PC (Microsoft Windows)
5761,Burnout 3: Takedown,burnout-3-takedown,93.0,3,83.3,222,2004,2000,Racing,"Xbox, PlayStation 2"
620,Burnout Paradise,burnout-paradise,93.0,4,81.4,517,2008,2000,Racing,"PlayStation 3, PC (Microsoft Windows), Xbox 360"
228525,Hades II,hades-ii,93.0,4,88.8,165,2025,2020,"Role-playing (RPG), Hack and slash/Beat 'em up, Adventure, Indie","Xbox Series X|S, Nintendo Switch 2, PC (Microsoft Windows), PlayStation 5, Mac, Nintendo Switch"
298526,Kingdom Come: Deliverance II,kingdom-come-deliverance-ii,93.0,4,92.6,266,2025,2020,"Role-playing (RPG), Simulator, Adventure","Xbox Series X|S, Nintendo Switch 2, PC (Microsoft Windows), PlayStation 5"
132,Warcraft III: Reign of Chaos,warcraft-iii-reign-of-chaos,93.0,4,88.3,1670,2002,2000,"Real Time Strategy (RTS), Strategy","PC (Microsoft Windows), Mac"
11155,Dreams,dreams,92.9,7,89.6,34,2020,2020,Adventure,"PlayStation 4, PlayStation VR, PlayStation 5"
215769,Cyberpunk 2077: Phantom Liberty,cyberpunk-2077-phantom-liberty,92.8,6,91.3,248,2023,2020,"Shooter, Role-playing (RPG), Adventure","Xbox Series X|S, Nintendo Switch 2, PC (Microsoft Windows), PlayStation 5, Mac"
203722,Dave the Diver,dave-the-diver,92.8,8,81.3,186,2023,2020,"Role-playing (RPG), Simulator, Adventure","Xbox Series X|S, PlayStation 4, Nintendo Switch 2, Android, PC (Microsoft Windows), iOS, PlayStation 5, Mac, Nintendo Switch"
26845,Fire Emblem: Three Houses,fire-emblem-three-houses,92.8,9,85.9,327,2019,2010,"Role-playing (RPG), Strategy, Turn-based strategy (TBS), Tactical, Adventure",Nintendo Switch
551,God of War II,god-of-war-ii,92.8,4,85.6,1050,2007,2000,"Platform, Hack and slash/Beat 'em up, Adventure",PlayStation 2
126098,Half-Life: Alyx,half-life-alyx,92.8,9,93.3,252,2020,2020,"Shooter, Puzzle, Adventure",SteamVR
26764,Mario Kart 8 Deluxe,mario-kart-8-deluxe,92.8,17,84.3,624,2017,2010,"Racing, Arcade","Nintendo Switch 2, Nintendo Switch"
9600,Persona 4,persona-4,92.8,4,88.4,278,2008,2000,"Role-playing (RPG), Adventure","PlayStation 3, PlayStation 2"
19686,Resident Evil 2,resident-evil-2--1,92.8,12,87.4,1427,2019,2010,"Shooter, Adventure","Xbox Series X|S, PlayStation 4, Nintendo Switch 2, PC (Microsoft Windows), iOS, PlayStation 5, Mac, Xbox One"
233307,Shadow Gambit: The Cursed Crew,shadow-gambit-the-cursed-crew,92.8,6,79.5,15,2023,2020,"Role-playing (RPG), Strategy, Tactical, Adventure, Indie","Xbox Series X|S, PC (Microsoft Windows), PlayStation 5"
191692,Street Fighter 6,street-fighter-6,92.8,8,80.1,115,2023,2020,"Fighting, Arcade","Xbox Series X|S, PlayStation 4, PC (Microsoft Windows), PlayStation 5"
1300,Tom Clancy's Ghost Recon Advanced Warfighter,tom-clancy-s-ghost-recon-advanced-warfighter,92.8,4,67.4,77,2006,2000,"Shooter, Simulator, Strategy, Tactical","Xbox, PlayStation 3, Nintendo GameCube, PC (Microsoft Windows), Xbox 360, PlayStation 2"
2692,Rock Band 2,rock-band-2,92.7,7,86.4,113,2008,2000,Music,"PlayStation 3, Wii, Xbox 360, PlayStation 2"
40477,Slay the Spire,slay-the-spire,92.7,6,84.1,541,2019,2010,"Role-playing (RPG), Strategy, Turn-based strategy (TBS), Adventure, Indie, Card & Board Game","PlayStation 4, Linux, Android, PC (Microsoft Windows), iOS, Mac, Xbox One, Nintendo Switch"
534,The Legend of Zelda: Skyward Sword,the-legend-of-zelda-skyward-sword,92.7,7,81.9,398,2011,2010,"Puzzle, Adventure","Wii, Wii U"
185246,Alan Wake II,alan-wake-ii,92.6,5,87.1,326,2023,2020,"Shooter, Adventure","Xbox Series X|S, PC (Microsoft Windows), PlayStation 5"
20,BioShock,bioshock,92.6,8,86.6,3213,2007,2000,"Shooter, Puzzle, Role-playing (RPG), Adventure","PlayStation 3, PC (Microsoft Windows), Mac, Xbox 360"
103337,Divinity: Original Sin II - Definitive Edition,divinity-original-sin-ii-definitive-edition,92.6,9,90.2,148,2018,2010,"Role-playing (RPG), Strategy, Adventure","Xbox Series X|S, PlayStation 4, Nintendo Switch 2, PC (Microsoft Windows), iOS, PlayStation 5, Mac, Xbox One, Nintendo Switch"
266690,Paper Mario: The Thousand-Year Door,paper-mario-the-thousand-year-door--1,92.6,5,96.5,40,2024,2020,"Role-playing (RPG), Adventure",Nintendo Switch
1399,Professor Layton and the Unwound Future,professor-layton-and-the-unwound-future,92.6,5,84.0,98,2008,2000,"Point-and-click, Puzzle, Visual Novel",Nintendo DS
7342,Inside,inside,92.5,39,85.7,1635,2016,2010,"Platform, Puzzle, Adventure, Indie","PlayStation 4, PC (Microsoft Windows), iOS, Mac, Xbox One, Nintendo Switch"
136604,Control: Ultimate Edition,control-ultimate-edition,92.4,5,85.5,114,2020,2020,"Shooter, Adventure","Google Stadia, Xbox Series X|S, PlayStation 4, visionOS, PC (Microsoft Windows), iOS, PlayStation 5, Mac, Xbox One, Nintendo Switch"
72,Portal 2,portal-2,92.4,9,91.3,4478,2011,2010,"Platform, Puzzle, Adventure","PlayStation 3, Linux, PC (Microsoft Windows), Mac, Xbox 360, Nintendo Switch"
1128,Castlevania: Symphony of the Night,castlevania-symphony-of-the-night,92.3,3,92.2,841,1997,1990,"Platform, Role-playing (RPG), Adventure","PlayStation 3, Sega Saturn, PlayStation, PlayStation Portable, Xbox 360"
117266,Chicory: A Colorful Tale,chicory-a-colorful-tale,92.3,3,81.1,30,2021,2020,"Puzzle, Role-playing (RPG), Adventure, Indie","Xbox Series X|S, PlayStation 4, PC (Microsoft Windows), PlayStation 5, Mac, Xbox One, Nintendo Switch"
134606,Demon's Souls,demons-souls,92.3,9,86.6,215,2020,2020,"Role-playing (RPG), Hack and slash/Beat 'em up, Adventure",PlayStation 5
3915,Fight Night Round 2,fight-night-round-2,92.3,4,82.7,15,2005,2000,"Fighting, Sport","Xbox, PlayStation 2"
74545,Opus Magnum,opus-magnum,92.3,3,86.5,37,2017,2010,"Puzzle, Simulator, Indie","Linux, PC (Microsoft Windows), Mac, Xbox One"
2909,The Legend of Zelda: A Link Between Worlds,the-legend-of-zelda-a-link-between-worlds,92.3,15,87.3,717,2013,2010,"Puzzle, Adventure",Nintendo 3DS
228530,Death Stranding 2: On the Beach,death-stranding-2-on-the-beach,92.2,6,89.4,113,2025,2020,"Shooter, Adventure","PC (Microsoft Windows), PlayStation 5"
43,Deus Ex: Human Revolution,deus-ex-human-revolution,92.1,8,84.4,1046,2011,2010,"Shooter, Puzzle, Role-playing (RPG)","PlayStation 3, PC (Microsoft Windows), Mac, Xbox 360"
180876,Astral Ascent,astral-ascent--1,92.0,3,89.8,10,2023,2020,"Platform, Adventure, Indie","PlayStation 4, PC (Microsoft Windows), PlayStation 5, Mac, Nintendo Switch"
366884,Dragon Quest VII Reimagined,dragon-quest-vii-reimagined,92.0,5,90.0,8,2026,2020,"Role-playing (RPG), Adventure","Xbox Series X|S, Nintendo Switch 2, PC (Microsoft Windows), PlayStation 5, Nintendo Switch"
11781,Muv-Luv Alternative,muv-luv-alternative,92.0,3,89.2,20,2006,2000,Visual Novel,"PlayStation 3, PC (Microsoft Windows), PlayStation Vita, Xbox 360"
15734,Pony Island,pony-island,92.0,3,75.5,150,2016,2010,"Puzzle, Simulator, Adventure, Indie","Linux, PC (Microsoft Windows), Mac"
848,Rise of Nations,rise-of-nations,92.0,3,82.4,193,2003,2000,"Real Time Strategy (RTS), Strategy","PC (Microsoft Windows), Mac"
325594,Split Fiction,split-fiction,92.0,6,88.5,239,2025,2020,"Platform, Puzzle, Adventure","Xbox Series X|S, Nintendo Switch 2, PC (Microsoft Windows), PlayStation 5"
366878,Super Mario Galaxy + Super Mario Galaxy 2,super-mario-galaxy-plus-super-mario-galaxy-2,92.0,3,,,2025,2020,"Platform, Adventure","Nintendo Switch 2, Nintendo Switch"
1039,The Legend of Zelda: Ocarina of Time 3D,the-legend-of-zelda-ocarina-of-time-3d,92.0,6,90.1,530,2011,2010,"Puzzle, Adventure",Nintendo 3DS
13166,The Witcher 3: Wild Hunt - Blood and Wine,the-witcher-3-wild-hunt-blood-and-wine,92.0,14,96.4,472,2016,2010,"Role-playing (RPG), Adventure","Xbox Series X|S, PlayStation 4, PC (Microsoft Windows), PlayStation 5, Xbox One, Nintendo Switch"
31551,Final Fantasy XVI,final-fantasy-xvi,91.9,9,82.6,214,2023,2020,"Role-playing (RPG), Adventure","Xbox Series X|S, PC (Microsoft Windows), PlayStation 5"
75235,Ghost of Tsushima,ghost-of-tsushima,91.9,12,88.3,1130,2020,2020,"Role-playing (RPG), Hack and slash/Beat 'em up, Adventure","PlayStation 4, PlayStation 5"
12503,The Witcher 3: Wild Hunt - Hearts of Stone,the-witcher-3-wild-hunt-hearts-of-stone,91.9,8,91.8,551,2015,2010,"Role-playing (RPG), Adventure","Xbox Series X|S, PlayStation 4, PC (Microsoft Windows), PlayStation 5, Xbox One, Nintendo Switch"
5503,Batman: Arkham Knight,batman-arkham-knight,91.8,16,85.0,1518,2015,2010,"Hack and slash/Beat 'em up, Adventure","PlayStation 4, PC (Microsoft Windows), Xbox One, Nintendo Switch"
2720,Bully,bully,91.8,4,81.3,359,2006,2000,Adventure,"PlayStation 4, PC (Microsoft Windows), PlayStation 2"
110069,Dragon Quest XI S: Echoes of an Elusive Age - Definitive Edition,dragon-quest-xi-s-echoes-of-an-elusive-age-definitive-edition,91.8,4,85.7,89,2019,2010,"Role-playing (RPG), Turn-based strategy (TBS), Adventure","Google Stadia, PlayStation 4, Nintendo Switch 2, PC (Microsoft Windows), Xbox One, Nintendo Switch"
112874,Horizon Forbidden West,horizon-forbidden-west,91.8,10,85.4,383,2022,2020,"Role-playing (RPG), Adventure","PlayStation 4, PC (Microsoft Windows), PlayStation 5"
434,Red Dead Redemption,red-dead-redemption,91.8,8,89.3,2547,2010,2010,"Shooter, Role-playing (RPG), Adventure","PlayStation 3, PC (Microsoft Windows), Xbox 360"
195517,Return to Monkey Island,return-to-monkey-island,91.8,8,80.5,89,2022,2020,"Point-and-click, Puzzle, Adventure","Xbox Series X|S, Linux, Android, PC (Microsoft Windows), iOS, PlayStation 5, Mac, Nintendo Switch"
20744,Ōkami HD,okami-hd,91.8,19,88.0,111,2012,2010,"Role-playing (RPG), Adventure","PlayStation 3, PlayStation 4, PC (Microsoft Windows), Xbox One, Nintendo Switch"
145838,F1 2021,f1-2021,91.7,6,78.8,37,2021,2020,"Racing, Simulator, Sport","Xbox Series X|S, PlayStation 4, PC (Microsoft Windows), PlayStation 5, Xbox One"
144024,Final Fantasy VII Remake Intergrade,final-fantasy-vii-remake-intergrade,91.7,13,86.0,122,2021,2020,"Role-playing (RPG), Adventure","Xbox Series X|S, Nintendo Switch 2, PC (Microsoft Windows), PlayStation 5"
26801,Guilty Gear Xrd: Rev 2,guilty-gear-xrd-rev-2,91.7,3,79.3,28,2017,2010,Fighting,"Arcade, PlayStation 3, PlayStation 4, PC (Microsoft Windows)"
152288,Immortality,immortality,91.7,3,81.7,54,2022,2020,"Point-and-click, Simulator, Indie","Xbox Series X|S, Android, PC (Microsoft Windows), iOS, PlayStation 5, Mac"
1038,The Legend of Zelda: Spirit Tracks,the-legend-of-zelda-spirit-tracks,91.7,3,75.8,191,2009,2000,"Puzzle, Adventure","Wii U, Nintendo DS"
1942,The Witcher 3: Wild Hunt,the-witcher-3-wild-hunt,91.7,26,93.8,5467,2015,2010,"Role-playing (RPG), Adventure","Xbox Series X|S, PlayStation 4, PC (Microsoft Windows), PlayStation 5, Xbox One, Nintendo Switch"
2670,Guitar Hero II,guitar-hero-ii,91.6,5,81.3,175,2006,2000,Music,"Xbox 360, PlayStation 2"
619,Brothers in Arms: Road to Hill 30,brothers-in-arms-road-to-hill-30,91.5,6,72.0,92,2005,2000,"Shooter, Simulator, Strategy, Tactical","Xbox, Wii, PC (Microsoft Windows), Mac, PlayStation 2"
338067,Mario Kart World,mario-kart-world,91.5,4,78.9,130,2025,2020,"Racing, Adventure",Nintendo Switch 2
5056,NBA 2K11,nba-2k11,91.5,3,87.8,67,2010,2010,Sport,"OnLive Game System, PlayStation 3, Wii, PC (Microsoft Windows), PlayStation Portable, Xbox 360, PlayStation 2"
1792,Ratchet & Clank Future: Tools of Destruction,ratchet-clank-future-tools-of-destruction,91.5,4,78.6,142,2007,2000,"Shooter, Platform, Puzzle",PlayStation 3
19746,Rez Infinite,rez-infinite,91.5,10,73.6,26,2016,2010,"Shooter, Music, Adventure, Arcade","PlayStation VR2, PlayStation 4, PlayStation VR, Android, PC (Microsoft Windows), SteamVR, PlayStation 5, Oculus Rift, Daydream, Oculus Quest"
1009,The Last of Us,the-last-of-us,91.5,13,92.8,3586,2013,2010,"Shooter, Adventure",PlayStation 3
2135,Bayonetta 2,bayonetta-2,91.4,21,87.5,238,2014,2010,"Shooter, Hack and slash/Beat 'em up, Adventure","Wii U, Nintendo Switch"
2129,Mark of the Ninja,mark-of-the-ninja,91.4,7,84.4,317,2012,2010,"Platform, Adventure, Indie","Linux, PC (Microsoft Windows), Mac, Xbox 360"
186725,Vampire Survivors,vampire-survivors,91.4,5,80.9,385,2022,2020,"Role-playing (RPG), Adventure, Indie, Arcade","Xbox Series X|S, PlayStation 4, Linux, Android, PC (Microsoft Windows), iOS, PlayStation 5, Mac, Xbox One, Nintendo Switch"
122238,Xenoblade Chronicles: Definitive Edition,xenoblade-chronicles-definitive-edition,91.4,8,81.2,82,2020,2020,"Real Time Strategy (RTS), Role-playing (RPG)",Nintendo Switch
26226,Celeste,celeste,91.3,10,86.7,1464,2018,2010,"Platform, Adventure, Indie","Google Stadia, PlayStation 4, Linux, PC (Microsoft Windows), Mac, Xbox One, Nintendo Switch"
117271,Chained Echoes,chained-echoes,91.3,3,83.0,29,2022,2020,"Role-playing (RPG), Strategy, Adventure, Indie","PlayStation 4, Linux, PC (Microsoft Windows), Mac, Xbox One, Nintendo Switch"
124954,Crusader Kings III,crusader-kings-iii,91.3,3,82.9,197,2020,2020,"Role-playing (RPG), Simulator, Strategy","Xbox Series X|S, Linux, PC (Microsoft Windows), PlayStation 5, Mac"
11800,Divinity: Original Sin II,divinity-original-sin-ii,91.3,13,87.5,466,2017,2010,"Role-playing (RPG), Strategy, Adventure","PC (Microsoft Windows), iOS, Mac"
55034,Final Fantasy XV: Windows Edition,final-fantasy-xv-windows-edition,91.3,3,71.7,26,2018,2010,"Role-playing (RPG), Hack and slash/Beat 'em up, Adventure",PC (Microsoft Windows)
14593,Hollow Knight,hollow-knight,91.3,8,91.8,2239,2017,2010,"Platform, Adventure, Indie","Xbox Series X|S, PlayStation 4, Linux, Nintendo Switch 2, PC (Microsoft Windows), PlayStation 5, Mac, Wii U, Xbox One, Nintendo Switch"
2287,Pokémon Y,pokemon-y,91.3,4,78.7,332,2013,2010,"Role-playing (RPG), Turn-based strategy (TBS), Adventure",Nintendo 3DS
1628,Super Smash Bros. Brawl,super-smash-bros-brawl,91.3,4,81.8,596,2008,2000,"Fighting, Platform",Wii
168670,Uncharted: Legacy of Thieves Collection,uncharted-legacy-of-thieves-collection,91.3,11,87.9,94,2022,2020,"Shooter, Adventure","PC (Microsoft Windows), PlayStation 5"
251833,Balatro,balatro,91.2,5,86.1,393,2024,2020,"Strategy, Turn-based strategy (TBS), Indie, Card & Board Game","Xbox Series X|S, PlayStation 4, Nintendo Switch 2, Android, PC (Microsoft Windows), iOS, PlayStation 5, Mac, Xbox One, Nintendo Switch"
501,Batman: Arkham City,batman-arkham-city,91.2,10,87.6,2689,2011,2010,"Hack and slash/Beat 'em up, Adventure","OnLive Game System, PlayStation 3, PC (Microsoft Windows), Xbox 360, Nintendo Switch"
113344,Monster Hunter: World - Iceborne,monster-hunter-world-iceborne,91.2,13,85.5,80,2019,2010,"Role-playing (RPG), Adventure","PlayStation 4, PC (Microsoft Windows), Xbox One"
6363,Tearaway,tearaway,91.2,10,82.8,52,2013,2010,"Platform, Adventure",PlayStation Vita
8593,The Legend of Zelda: Majora's Mask 3D,the-legend-of-zelda-majoras-mask-3d,91.2,13,90.4,184,2015,2010,"Puzzle, Adventure",Nintendo 3DS
7334,Bloodborne,bloodborne,91.1,18,91.2,1861,2015,2010,"Role-playing (RPG), Adventure",PlayStation 4
153700,Ghost of Tsushima: Director's Cut,ghost-of-tsushima-directors-cut,91.1,11,86.9,269,2021,2020,"Role-playing (RPG), Adventure","PlayStation 4, PC (Microsoft Windows), PlayStation 5"
176552,Animal Crossing: New Horizons - Happy Home Paradise,animal-crossing-new-horizons-happy-home-paradise,91.0,3,91.3,36,2021,2020,Simulator,"Nintendo Switch 2, Nintendo Switch"
6555,Art of Balance,art-of-balance,91.0,3,69.5,6,2010,2010,"Puzzle, Strategy, Arcade","PlayStation 4, Wii, Wii U, Nintendo Switch"
550,God of War: Ghost of Sparta,god-of-war-ghost-of-sparta,91.0,4,81.0,267,2010,2010,"Hack and slash/Beat 'em up, Adventure",PlayStation Portable
438,Rome: Total War,rome-total-war,91.0,3,83.1,322,2004,2000,"Real Time Strategy (RTS), Simulator, Strategy, Turn-based strategy (TBS), Tactical","Android, PC (Microsoft Windows), iOS, Mac"
1343,The World Ends with You,the-world-ends-with-you,91.0,3,76.3,104,2007,2000,"Role-playing (RPG), Arcade",Nintendo DS
2136,Bayonetta,bayonetta,90.9,15,81.9,561,2009,2000,"Shooter, Hack and slash/Beat 'em up, Adventure","PlayStation 3, PC (Microsoft Windows), Xbox 360"
152063,Death Stranding: Director's Cut,death-stranding-directors-cut,90.9,7,88.4,145,2021,2020,"Shooter, Role-playing (RPG), Adventure","Xbox Series X|S, PC (Microsoft Windows), iOS, PlayStation 5, Mac"
149657,Blue Prince,blue-prince,90.8,5,86.9,122,2025,2020,"Puzzle, Strategy, Adventure, Indie","Xbox Series X|S, Nintendo Switch 2, PC (Microsoft Windows), PlayStation 5, Mac"
141540,Disco Elysium: The Final Cut,disco-elysium-the-final-cut,90.8,6,94.2,228,2021,2020,"Role-playing (RPG), Adventure, Indie","Google Stadia, Xbox Series X|S, PlayStation 4, PC (Microsoft Windows), PlayStation 5, Mac, Xbox One, Nintendo Switch"
115060,Dragon's Dogma II,dragons-dogma-ii,90.8,6,73.1,85,2024,2020,"Role-playing (RPG), Adventure","Xbox Series X|S, Nintendo Switch 2, PC (Microsoft Windows), PlayStation 5"
398,Final Fantasy XII,final-fantasy-xii,90.8,4,83.9,331,2006,2000,"Role-playing (RPG), Adventure",PlayStation 2
112412,Final Fantasy XIV: Shadowbringers,final-fantasy-xiv-shadowbringers,90.8,8,91.1,68,2019,2010,Role-playing (RPG),"Xbox Series X|S, PlayStation 4, Nintendo Switch 2, PC (Microsoft Windows), PlayStation 5, Mac"
82090,Forza Horizon 4,forza-horizon-4,90.8,14,82.2,431,2018,2010,"Racing, Sport, Adventure","Xbox Series X|S, PC (Microsoft Windows), Xbox One"
987,Halo 3,halo-3,90.8,4,85.3,845,2007,2000,Shooter,"PC (Microsoft Windows), Xbox 360, Xbox One"
2350,Mario Kart 8,mario-kart-8,90.8,15,86.6,674,2014,2010,"Racing, Arcade",Wii U
75,Mass Effect 3,mass-effect-3,90.8,14,85.2,1850,2012,2010,"Shooter, Role-playing (RPG), Strategy, Adventure","PlayStation 3, PC (Microsoft Windows), Xbox 360"
189781,Mina the Hollower,mina-the-hollower,90.8,5,82.1,28,2026,2020,"Platform, Role-playing (RPG), Adventure, Indie","Xbox Series X|S, Linux, Nintendo Switch 2, PC (Microsoft Windows), PlayStation 5, Mac, Nintendo Switch"
37001,Ori and the Will of the Wisps,ori-and-the-will-of-the-wisps,90.8,12,87.1,578,2020,2020,"Platform, Adventure","Xbox Series X|S, PC (Microsoft Windows), Xbox One, Nintendo Switch"
138227,Super Mario 3D World + Bowser's Fury,super-mario-3d-world-plus-bowsers-fury,90.8,13,88.7,111,2021,2020,"Platform, Adventure","Nintendo Switch 2, Nintendo Switch"
1693,Advance Wars: Dual Strike,advance-wars-dual-strike,90.7,3,85.9,62,2005,2000,"Simulator, Strategy, Turn-based strategy (TBS), Tactical","Wii U, Nintendo DS"
381239,Diablo IV: Lord of Hatred,diablo-iv-lord-of-hatred,90.7,3,80.1,6,2026,2020,Role-playing (RPG),"Xbox Series X|S, PlayStation 4, PC (Microsoft Windows), PlayStation 5, Xbox One"
3364,Mario & Luigi: Partners in Time,mario-luigi-partners-in-time,90.7,3,79.5,129,2005,2000,"Puzzle, Role-playing (RPG), Adventure","Wii U, Nintendo DS"
26202,Nex Machina,nex-machina,90.7,16,80.1,30,2017,2010,"Shooter, Indie, Arcade","PlayStation 4, PC (Microsoft Windows)"
134582,Ratchet & Clank: Rift Apart,ratchet-and-clank-rift-apart,90.7,15,85.9,312,2021,2020,"Shooter, Platform, Adventure","PC (Microsoft Windows), PlayStation 5"
1341,Beyond Good & Evil,beyond-good-evil,90.6,5,85.2,396,2003,2000,"Shooter, Puzzle, Adventure","Xbox, Nintendo GameCube, PC (Microsoft Windows), Xbox 360, PlayStation 2"
2155,Dark Souls,dark-souls,90.6,8,86.6,1721,2011,2010,"Role-playing (RPG), Adventure","PlayStation 3, PlayStation 4, PC (Microsoft Windows), Xbox 360, Xbox One, Nintendo Switch"
159119,Dead Space,dead-space--1,90.6,7,83.7,235,2023,2020,"Shooter, Role-playing (RPG), Adventure","Xbox Series X|S, PC (Microsoft Windows), PlayStation 5"
30208,Dragon Age: The Veilguard,dragon-age-the-veilguard,90.6,7,69.5,145,2024,2020,"Role-playing (RPG), Strategy, Adventure","Xbox Series X|S, PC (Microsoft Windows), PlayStation 5"
3029,Spelunky,spelunky,90.6,10,85.4,188,2012,2010,"Platform, Adventure, Indie","PlayStation 3, PlayStation 4, PC (Microsoft Windows), PlayStation Vita, Xbox 360, Nintendo Switch"
2626,Burnout Revenge,burnout-revenge,90.5,4,79.2,109,2005,2000,Racing,"Xbox, Xbox 360, PlayStation 2"
2963,Dota 2,dota-2,90.5,4,79.3,771,2013,2010,"Strategy, MOBA","Linux, PC (Microsoft Windows), Mac"
347668,Resident Evil Requiem,resident-evil-requiem,90.5,6,89.4,329,2026,2020,"Shooter, Puzzle, Adventure","Xbox Series X|S, Nintendo Switch 2, PC (Microsoft Windows), PlayStation 5"
132058,Rogue Legacy 2,rogue-legacy-2,90.5,6,77.4,54,2022,2020,"Platform, Role-playing (RPG), Adventure, Indie","Xbox Series X|S, PlayStation 4, PC (Microsoft Windows), PlayStation 5, Xbox One, Nintendo Switch"
17000,Stardew Valley,stardew-valley,90.5,13,86.0,1824,2016,2010,"Role-playing (RPG), Simulator, Strategy, Adventure, Indie","PlayStation 4, Linux, Nintendo Switch 2, Android, PC (Microsoft Windows), iOS, Mac, Wii U, PlayStation Vita, Xbox One, Nintendo Switch"
2276,The Legend of Zelda: The Wind Waker HD,the-legend-of-zelda-the-wind-waker-hd,90.5,10,90.4,391,2013,2010,"Puzzle, Adventure",Wii U
114944,The Walking Dead: Season One - Episode 5: No Time Left,the-walking-dead-season-one-episode-5-no-time-left,90.5,4,85.1,11,2012,2010,Point-and-click,"PlayStation 3, PlayStation 4, Android, PC (Microsoft Windows), iOS, Mac, PlayStation Vita, Xbox 360, Xbox One, Nintendo Switch"
2364,Xenoblade Chronicles,xenoblade-chronicles,90.5,6,85.8,144,2010,2010,"Role-playing (RPG), Adventure","Wii, Wii U"
3069,Forza Motorsport 3,forza-motorsport-3,90.4,5,79.9,76,2009,2000,"Racing, Simulator, Sport",Xbox 360
548,Gears of War 2,gears-of-war-2,90.4,5,83.4,447,2008,2000,Shooter,Xbox 360
27034,Linelight,linelight,90.4,5,77.1,21,2017,2010,"Platform, Puzzle, Strategy, Adventure, Indie","PlayStation 4, Linux, Android, PC (Microsoft Windows), iOS, Mac, Nintendo Switch, Oculus Quest"
7198,Super Street Fighter IV,super-street-fighter-iv,90.4,4,73.8,57,2010,2010,Fighting,"PlayStation 3, Xbox 360"
127,Assassin's Creed II,assassin-s-creed-ii,90.3,8,86.7,3211,2009,2000,"Platform, Adventure","PlayStation 3, PC (Microsoft Windows), Mac, Xbox 360"
1983,Bastion,bastion,90.3,8,82.5,757,2011,2010,"Role-playing (RPG), Adventure, Indie","PlayStation 4, Linux, PC (Microsoft Windows), iOS, Mac, PlayStation Vita, Xbox 360, Xbox One, Nintendo Switch"
76888,Bayonetta 3,bayonetta-3,90.3,4,81.5,50,2022,2020,"Shooter, Hack and slash/Beat 'em up, Adventure",Nintendo Switch
1136,Castlevania: Dawn of Sorrow,castlevania-dawn-of-sorrow,90.3,3,84.5,114,2005,2000,"Platform, Role-playing (RPG), Adventure",Nintendo DS
2368,Dark Souls II,dark-souls-ii,90.3,20,79.4,847,2014,2010,"Role-playing (RPG), Adventure","PlayStation 3, PC (Microsoft Windows), Xbox 360"
76253,Devil May Cry 5,devil-may-cry-5,90.3,15,82.6,557,2019,2010,"Hack and slash/Beat 'em up, Adventure","PlayStation 4, Nintendo Switch 2, PC (Microsoft Windows), Xbox One"
102420,Dicey Dungeons,dicey-dungeons,90.3,3,74.0,69,2019,2010,"Role-playing (RPG), Strategy, Adventure, Indie, Card & Board Game","Xbox Series X|S, PlayStation 4, Linux, Android, PC (Microsoft Windows), iOS, PlayStation 5, Mac, Xbox One, Nintendo Switch"
338106,Donkey Kong Bananza,donkey-kong-bananza,90.3,3,92.4,82,2025,2020,"Platform, Adventure",Nintendo Switch 2
1443,Fire Emblem Awakening,fire-emblem-awakening,90.3,10,85.2,271,2012,2010,"Role-playing (RPG), Strategy, Turn-based strategy (TBS), Tactical",Nintendo 3DS
317627,Ghost of Yotei,ghost-of-yotei,90.3,3,85.7,104,2025,2020,"Role-playing (RPG), Adventure",PlayStation 5
234,Guild Wars,guild-wars,90.3,3,80.2,115,2005,2000,"Role-playing (RPG), Strategy, Adventure",PC (Microsoft Windows)
135243,It Takes Two,it-takes-two,90.3,15,88.5,1151,2021,2020,"Platform, Puzzle, Adventure","Xbox Series X|S, PlayStation 4, Nintendo Switch 2, PC (Microsoft Windows), PlayStation 5, Xbox One, Nintendo Switch"
1866,Killzone 2,killzone-2,90.3,8,78.2,165,2009,2000,Shooter,PlayStation 3
22654,Out of the Park Baseball 16,out-of-the-park-baseball-16,90.3,3,,,2015,2010,"Simulator, Sport",PC (Microsoft Windows)
366893,Pokémon Pokopia,pokemon-pokopia,90.3,4,84.2,26,2026,2020,"Simulator, Adventure",Nintendo Switch 2
841,RalliSport Challenge,rallisport-challenge,90.3,4,84.1,13,2002,2000,"Racing, Simulator, Sport","Xbox, PC (Microsoft Windows)"
278602,Wild Bastards,wild-bastards,90.3,3,,,2024,2020,"Shooter, Strategy, Indie","Xbox Series X|S, PC (Microsoft Windows), PlayStation 5, Nintendo Switch"
191411,Xenoblade Chronicles 3,xenoblade-chronicles-3,90.3,6,85.0,64,2022,2020,"Role-playing (RPG), Adventure",Nintendo Switch
109462,Animal Crossing: New Horizons,animal-crossing-new-horizons,90.2,11,82.1,497,2020,2020,Simulator,Nintendo Switch
76,Dragon Age: Origins,dragon-age-origins,90.2,10,86.3,1734,2009,2000,Role-playing (RPG),"PlayStation 3, PC (Microsoft Windows), Mac, Xbox 360"
79864,The Talos Principle II,the-talos-principle-ii,90.2,6,87.5,58,2023,2020,"Puzzle, Adventure, Indie","Xbox Series X|S, PC (Microsoft Windows), PlayStation 5"
313595,Two Point Museum,two-point-museum,90.2,6,79.4,11,2025,2020,"Simulator, Strategy, Indie","Xbox Series X|S, Linux, Nintendo Switch 2, PC (Microsoft Windows), PlayStation 5, Mac"
26855,Dead Cells,dead-cells,90.1,12,82.9,641,2018,2010,"Platform, Adventure, Indie","PlayStation 4, Linux, Android, PC (Microsoft Windows), iOS, PlayStation 5, Mac, Xbox One, Nintendo Switch"
14177,Divinity: Original Sin - Enhanced Edition,divinity-original-sin-enhanced-edition,90.1,7,84.6,150,2015,2010,"Role-playing (RPG), Strategy, Turn-based strategy (TBS), Tactical, Adventure, Indie","PlayStation 4, Linux, PC (Microsoft Windows), Mac, Xbox One"
76882,Sekiro: Shadows Die Twice,sekiro-shadows-die-twice,90.1,11,89.7,1392,2019,2010,Adventure,"Google Stadia, PlayStation 4, PC (Microsoft Windows), Xbox One"
7477,Valkyria Chronicles,valkyria-chronicles,90.1,8,85.2,136,2008,2000,"Role-playing (RPG), Strategy, Turn-based strategy (TBS), Tactical",PlayStation 3
299582,Alien: Rogue Incursion,alien-rogue-incursion,90.0,3,70.0,7,2024,2020,Shooter,"PlayStation VR2, SteamVR, Meta Quest 3"
314944,Castlevania Dominus Collection,castlevania-dominus-collection,90.0,4,89.6,12,2024,2020,"Platform, Role-playing (RPG), Arcade","Xbox Series X|S, PC (Microsoft Windows), PlayStation 5, Nintendo Switch"
38,Dead Space 2,dead-space-2,90.0,8,86.4,1085,2011,2010,"Shooter, Adventure","PlayStation 3, PC (Microsoft Windows), Xbox 360"
275171,Diablo IV: Vessel of Hatred,diablo-iv-vessel-of-hatred,90.0,4,70.2,21,2024,2020,"Role-playing (RPG), Hack and slash/Beat 'em up","Xbox Series X|S, PlayStation 4, PC (Microsoft Windows), PlayStation 5, Xbox One"
348330,Forza Horizon 6,forza-horizon-6,90.0,5,82.6,99,2026,2020,"Racing, Simulator, Sport, Arcade","Xbox Series X|S, PC (Microsoft Windows), PlayStation 5"
19917,Fru,fru,90.0,4,80.0,0,2016,2010,"Platform, Puzzle",Xbox One
15756,Geometry Wars: Retro Evolved,geometry-wars-retro-evolved,90.0,3,61.2,21,2005,2000,"Shooter, Arcade","PC (Microsoft Windows), Xbox 360"
27117,Into the Breach,into-the-breach,90.0,10,82.4,271,2018,2010,"Puzzle, Role-playing (RPG), Simulator, Strategy, Turn-based strategy (TBS), Indie","Google Stadia, Linux, Android, PC (Microsoft Windows), iOS, Mac, Nintendo Switch"
1221,Kingdom Hearts II,kingdom-hearts-ii,90.0,3,88.3,860,2005,2000,"Role-playing (RPG), Adventure",PlayStation 2
440,Medieval II: Total War,medieval-ii-total-war,90.0,3,86.0,251,2006,2000,"Real Time Strategy (RTS), Simulator, Strategy, Turn-based strategy (TBS), Tactical","Linux, Android, PC (Microsoft Windows), iOS, Mac"
191761,Minishoot' Adventures,minishoot-adventures,90.0,4,85.9,25,2024,2020,"Shooter, Role-playing (RPG), Adventure, Indie","Xbox Series X|S, Nintendo Switch 2, PC (Microsoft Windows), PlayStation 5, Xbox One, Nintendo Switch"
11525,NBA 2K16,nba-2k16,90.0,5,75.3,73,2015,2010,"Simulator, Sport","PlayStation 3, PlayStation 4, PC (Microsoft Windows), Xbox 360, Xbox One"
173172,Outer Wilds: Archaeologist Edition,outer-wilds-archaeologist-edition,90.0,3,99.5,16,2021,2020,"Puzzle, Simulator, Adventure, Indie","Xbox Series X|S, PlayStation 4, PC (Microsoft Windows), PlayStation 5, Xbox One, Nintendo Switch"
4648,Pro Evolution Soccer 2009,pro-evolution-soccer-2009,90.0,4,74.0,78,2008,2000,"Simulator, Sport","PlayStation 3, PC (Microsoft Windows), Xbox 360"
3735,Red Dead Redemption: Undead Nightmare,red-dead-redemption-undead-nightmare,90.0,4,84.4,182,2010,2010,"Shooter, Adventure","PlayStation 3, Xbox 360"
266717,Resident Evil 4: Separate Ways,resident-evil-4-separate-ways--1,90.0,3,86.2,62,2023,2020,Adventure,"Xbox Series X|S, PlayStation 4, Nintendo Switch 2, PC (Microsoft Windows), PlayStation 5"
287850,Shin Megami Tensei V: Vengeance,shin-megami-tensei-v-vengeance,90.0,5,89.8,16,2024,2020,"Role-playing (RPG), Adventure","Xbox Series X|S, PlayStation 4, PC (Microsoft Windows), PlayStation 5, Xbox One, Nintendo Switch"
140556,South of the Circle,south-of-the-circle,90.0,3,83.6,23,2020,2020,"Point-and-click, Adventure","Xbox Series X|S, PlayStation 4, PC (Microsoft Windows), iOS, PlayStation 5, Mac, Xbox One, Nintendo Switch"
1079,Super Mario 3D Land,super-mario-3d-land,90.0,9,80.9,386,2011,2010,"Platform, Adventure",Nintendo 3DS
1246,Tekken 5,tekken-5,90.0,3,81.3,273,2005,2000,"Fighting, Hack and slash/Beat 'em up",PlayStation 2
262538,Thank Goodness You're Here!,thank-goodness-youre-here,90.0,3,80.4,68,2024,2020,"Platform, Puzzle, Adventure, Indie","Xbox Series X|S, PlayStation 4, PC (Microsoft Windows), PlayStation 5, Mac, Nintendo Switch"
13177,The Binding of Isaac: Afterbirth,the-binding-of-isaac-afterbirth,90.0,4,89.1,113,2015,2010,"Shooter, Role-playing (RPG), Adventure, Indie","PlayStation 4, Linux, PC (Microsoft Windows), Mac, Xbox One"
103320,The Forgotten City,the-forgotten-city,90.0,5,80.6,157,2021,2020,"Role-playing (RPG), Adventure, Indie","Xbox Series X|S, PlayStation 4, PC (Microsoft Windows), PlayStation 5, Mac, Xbox One"
339,The Orange Box,the-orange-box,90.0,3,89.3,156,2007,2000,"Shooter, Puzzle","PlayStation 3, Linux, PC (Microsoft Windows), Mac, Xbox 360"
21149,Trenched,trenched,90.0,3,,,,,,
2182,Wii Sports Resort,wii-sports-resort,90.0,3,78.5,215,2009,2000,"Racing, Simulator, Sport",Wii
121586,Wingspan,wingspan,90.0,3,83.1,18,2020,2020,"Strategy, Turn-based strategy (TBS), Indie, Card & Board Game","Xbox Series X|S, PlayStation 4, Android, PC (Microsoft Windows), iOS, PlayStation 5, Mac, Xbox One, Nintendo Switch"
9546,Zombie Night Terror,zombie-night-terror,90.0,3,66.8,13,2016,2010,"Platform, Puzzle, Strategy, Indie","Linux, Android, PC (Microsoft Windows), iOS, Mac, Nintendo Switch"
47452,Diablo III: Reaper of Souls - Ultimate Evil Edition,diablo-iii-reaper-of-souls-ultimate-evil-edition,89.9,9,80.8,54,2014,2010,"Role-playing (RPG), Strategy, Hack and slash/Beat 'em up, Adventure","PlayStation 3, PlayStation 4, Xbox 360, Xbox One"
134584,Returnal,returnal,89.9,19,83.0,191,2021,2020,Shooter,"PC (Microsoft Windows), PlayStation 5"
134831,Destiny 2: The Witch Queen,destiny-2-the-witch-queen,89.8,5,84.1,27,2022,2020,"Shooter, Role-playing (RPG), Tactical, Adventure","Xbox Series X|S, PlayStation 4, PC (Microsoft Windows), PlayStation 5, Xbox One"
9740,Deus Ex: Human Revolution - Director's Cut,deus-ex-human-revolution-directors-cut,89.8,6,88.9,161,2013,2010,"Shooter, Puzzle, Role-playing (RPG), Adventure","PlayStation 3, PC (Microsoft Windows), Mac, Wii U, Xbox 360"
338079,Elden Ring: Tarnished Edition,elden-ring-tarnished-edition,89.8,4,,,2026,2020,"Role-playing (RPG), Adventure",Nintendo Switch 2
441,Empire: Total War,empire-total-war,89.8,6,77.9,162,2009,2000,"Real Time Strategy (RTS), Strategy, Turn-based strategy (TBS), Tactical","Linux, Android, PC (Microsoft Windows), iOS, Mac"
347121,Final Fantasy Tactics: The Ivalice Chronicles,final-fantasy-tactics-the-ivalice-chronicles,89.8,4,78.8,9,2025,2020,"Role-playing (RPG), Turn-based strategy (TBS), Tactical","Xbox Series X|S, PlayStation 4, Nintendo Switch 2, PC (Microsoft Windows), PlayStation 5, Nintendo Switch"
2933,Kingdom Hearts III,kingdom-hearts-iii,89.8,10,75.3,243,2019,2010,"Role-playing (RPG), Hack and slash/Beat 'em up, Adventure","Xbox Series X|S, PlayStation 4, Nintendo Switch 2, PC (Microsoft Windows), PlayStation 5, Xbox One"
105,Need for Speed: Hot Pursuit,need-for-speed-hot-pursuit,89.8,8,78.4,399,2010,2010,Racing,"PlayStation 3, PC (Microsoft Windows), Xbox 360"
5974,Ninja Gaiden Sigma,ninja-gaiden-sigma,89.8,5,78.6,55,2007,2000,"Hack and slash/Beat 'em up, Adventure","PlayStation 3, PlayStation 4, PC (Microsoft Windows), PlayStation Vita, Xbox One, Nintendo Switch"
884,Street Fighter IV,street-fighter-iv,89.8,9,79.1,184,2008,2000,Fighting,"Arcade, PlayStation 3, Android, PC (Microsoft Windows), iOS, Xbox 360"
431,Uncharted: Drake's Fortune,uncharted-drake-s-fortune,89.8,4,76.1,1205,2007,2000,"Shooter, Platform, Adventure",PlayStation 3
334239,Absolum,absolum,89.7,7,70.7,32,2025,2020,"Fighting, Role-playing (RPG), Adventure, Indie","Xbox Series X|S, PlayStation 4, Nintendo Switch 2, PC (Microsoft Windows), PlayStation 5, Nintendo Switch"
78536,Beholder 2,beholder-2,89.7,3,77.3,33,2018,2010,"Simulator, Strategy, Adventure, Indie","PlayStation 4, Linux, Android, PC (Microsoft Windows), Mac, Xbox One, Nintendo Switch"
113598,Deathloop,deathloop,89.7,10,80.7,260,2021,2020,"Shooter, Adventure","Xbox Series X|S, PC (Microsoft Windows), PlayStation 5"
125165,Diablo IV,diablo-iv,89.7,6,76.9,374,2023,2020,"Role-playing (RPG), Hack and slash/Beat 'em up","Xbox Series X|S, PlayStation 4, PC (Microsoft Windows), PlayStation 5, Xbox One"
737,GTR 2: FIA GT Racing Game,gtr-2-fia-gt-racing-game,89.7,3,80.0,9,2006,2000,"Racing, Simulator, Sport",PC (Microsoft Windows)
3932,Gladius,gladius,89.7,3,85.2,15,2003,2000,"Role-playing (RPG), Strategy, Turn-based strategy (TBS)","Xbox, Nintendo GameCube, PlayStation 2"
19565,Marvel's Spider-Man,marvels-spider-man,89.7,16,87.3,2158,2018,2010,"Hack and slash/Beat 'em up, Adventure",PlayStation 4
8900,Monument Valley,monument-valley,89.7,3,76.2,229,2014,2010,"Puzzle, Strategy, Adventure, Indie","Windows Phone, Android, iOS, Mac"
252445,Mullet Madjack,mullet-madjack,89.7,6,79.1,33,2024,2020,"Shooter, Adventure, Indie, Arcade","Xbox Series X|S, PC (Microsoft Windows), Xbox One, Nintendo Switch"
7339,Super Mario Maker,super-mario-maker,89.7,11,81.0,204,2015,2010,Platform,Wii U
3092,The Lord of the Rings Online,the-lord-of-the-rings-online,89.7,3,75.3,127,2007,2000,"Role-playing (RPG), Adventure","PC (Microsoft Windows), Mac"
119390,Ni no Kuni: Wrath of the White Witch Remastered,ni-no-kuni-wrath-of-the-white-witch-remastered,89.6,7,86.8,37,2019,2010,"Role-playing (RPG), Adventure","PlayStation 4, PC (Microsoft Windows), Xbox One, Nintendo Switch"
1271,Ōkami,okami,89.6,5,87.8,259,2006,2000,"Puzzle, Role-playing (RPG), Adventure","PlayStation 3, Wii, PlayStation 2"
25260,Dusk,dusk,89.5,4,83.4,108,2018,2010,"Shooter, Indie","Xbox Series X|S, PlayStation 4, Linux, PC (Microsoft Windows), Mac, Nintendo Switch"
132205,F1 2020,f1-2020,89.5,4,86.2,49,2020,2020,"Racing, Simulator, Sport","Google Stadia, PlayStation 4, PC (Microsoft Windows), Xbox One"
529,Far Cry 3,far-cry-3,89.5,15,83.4,2218,2012,2010,"Shooter, Adventure","PlayStation 3, PC (Microsoft Windows), Xbox 360"
8974,Football Manager 2013,football-manager-2013,89.5,4,89.1,42,2012,2010,"Sport, Strategy","PC (Microsoft Windows), Mac"
115289,Hollow Knight: Silksong,hollow-knight-silksong,89.5,4,92.5,505,2025,2020,"Platform, Adventure, Indie","Xbox Series X|S, PlayStation 4, Linux, Nintendo Switch 2, PC (Microsoft Windows), PlayStation 5, Mac, Xbox One, Nintendo Switch"
347123,Nioh 3,nioh-3,89.5,6,76.4,13,2026,2020,"Role-playing (RPG), Hack and slash/Beat 'em up, Adventure","PC (Microsoft Windows), PlayStation 5"
26451,Robo Recall,robo-recall,89.5,4,89.2,10,2017,2010,"Shooter, Arcade","Oculus VR, PC (Microsoft Windows), Oculus Rift"
331215,Saros,saros,89.5,4,80.0,11,2026,2020,Shooter,PlayStation 5
458,StarCraft II: Legacy of the Void,starcraft-ii-legacy-of-the-void,89.5,8,86.5,207,2015,2010,"Real Time Strategy (RTS), Strategy","PC (Microsoft Windows), Mac"
282831,The Blood of Dawnwalker,the-blood-of-dawnwalker,89.5,4,69.8,21,2026,2020,"Role-playing (RPG), Adventure","Xbox Series X|S, PC (Microsoft Windows), PlayStation 5"
102129,Astro Bot: Rescue Mission,astro-bot-rescue-mission,89.4,5,92.3,36,2018,2010,"Platform, Adventure",PlayStation VR
500,Batman: Arkham Asylum,batman-arkham-asylum,89.4,5,85.6,2593,2009,2000,"Hack and slash/Beat 'em up, Adventure","PlayStation 3, Ouya, PC (Microsoft Windows), Mac, Xbox 360, Nintendo Switch"
317103,Horizon Zero Dawn Remastered,horizon-zero-dawn-remastered,89.4,5,89.1,43,2024,2020,"Shooter, Role-playing (RPG), Adventure","PC (Microsoft Windows), PlayStation 5"
109,L.A. Noire,l-a-noire,89.4,7,82.1,1049,2011,2010,"Strategy, Adventure","PlayStation 3, PC (Microsoft Windows), SteamVR, Xbox 360"
306147,Marvel vs. Capcom Fighting Collection: Arcade Classics,marvel-vs-capcom-fighting-collection-arcade-classics,89.4,5,84.1,6,2024,2020,"Fighting, Hack and slash/Beat 'em up, Arcade","PlayStation 4, PC (Microsoft Windows), Xbox One, Nintendo Switch"
981,Rayman Origins,rayman-origins,89.4,8,83.1,399,2011,2010,"Platform, Adventure","PlayStation 3, Nintendo 3DS, Wii, PC (Microsoft Windows), Mac, Xbox 360"
239,StarCraft II: Wings of Liberty,starcraft-ii-wings-of-liberty,89.4,5,86.9,1134,2010,2010,"Real Time Strategy (RTS), Strategy","PC (Microsoft Windows), Mac"
185258,ARC Raiders,arc-raiders,89.3,4,81.4,269,2025,2020,Shooter,"Xbox Series X|S, PC (Microsoft Windows), PlayStation 5"
2605,BattleBlock Theater,battleblock-theater,89.3,7,76.8,208,2013,2010,"Platform, Puzzle, Adventure, Indie","Linux, PC (Microsoft Windows), Mac, Xbox 360"
104786,Devotion,devotion,89.3,4,83.0,45,2019,2010,"Puzzle, Adventure, Indie",PC (Microsoft Windows)
11169,Final Fantasy VII Remake,final-fantasy-vii-remake,89.3,10,87.9,499,2020,2020,"Role-playing (RPG), Adventure","Xbox Series X|S, PlayStation 4, Nintendo Switch 2, PC (Microsoft Windows), PlayStation 5"
9601,Henry Hatsworth in the Puzzling Adventure,henry-hatsworth-in-the-puzzling-adventure,89.3,3,86.6,6,2009,2000,"Platform, Puzzle",Nintendo DS
142415,Indiana Jones and the Great Circle,indiana-jones-and-the-great-circle,89.3,12,87.8,223,2024,2020,"Puzzle, Role-playing (RPG), Adventure","Xbox Series X|S, Nintendo Switch 2, PC (Microsoft Windows), PlayStation 5"
361855,LEGO Batman: Legacy of the Dark Knight,lego-batman-legacy-of-the-dark-knight,89.3,3,83.2,38,2026,2020,"Puzzle, Adventure","Xbox Series X|S, Nintendo Switch 2, PC (Microsoft Windows), PlayStation 5"
960,Max Payne 3,max-payne-3,89.3,12,82.0,1159,2012,2010,Shooter,"PlayStation 3, PC (Microsoft Windows), Mac, Xbox 360"
217554,Octopath Traveler II,octopath-traveler-ii,89.3,6,82.1,54,2023,2020,Role-playing (RPG),"Xbox Series X|S, PlayStation 4, Nintendo Switch 2, PC (Microsoft Windows), PlayStation 5, Xbox One, Nintendo Switch"
10637,Offworld Trading Company,offworld-trading-company,89.3,3,68.5,28,2016,2010,"Real Time Strategy (RTS), Simulator, Strategy, Indie","PC (Microsoft Windows), Mac"
172560,Resident Evil 4 VR,resident-evil-4-vr,89.3,3,80.1,8,2021,2020,"Shooter, Adventure","Oculus VR, Meta Quest 2"
1204,Tales of Symphonia,tales-of-symphonia,89.3,3,88.3,126,2003,2000,"Puzzle, Role-playing (RPG)",Nintendo GameCube
1037,The Legend of Zelda: Phantom Hourglass,the-legend-of-zelda-phantom-hourglass,89.3,4,76.4,280,2007,2000,"Puzzle, Adventure","Wii U, Nintendo DS"
9506,Tribes: Ascend,tribes-ascend,89.3,3,77.4,31,2012,2010,"Shooter, Role-playing (RPG), Sport, Adventure",PC (Microsoft Windows)
54555,UFO 50,ufo-50,89.3,3,83.9,27,2024,2020,"Shooter, Platform, Puzzle, Role-playing (RPG), Strategy, Adventure, Indie, Arcade","PC (Microsoft Windows), Nintendo Switch"
229,World of Warcraft: Cataclysm,world-of-warcraft-cataclysm,89.3,3,76.9,212,2010,2010,Role-playing (RPG),"PC (Microsoft Windows), Mac"
5894,XCOM: Enemy Within,xcom-enemy-within,89.3,7,84.0,132,2013,2010,"Strategy, Turn-based strategy (TBS)","Linux, PC (Microsoft Windows), Mac"
115283,Astral Chain,astral-chain,89.2,11,80.9,103,2019,2010,"Hack and slash/Beat 'em up, Adventure",Nintendo Switch
23733,Tunic,tunic,89.2,5,84.9,252,2022,2020,"Puzzle, Role-playing (RPG), Adventure, Indie","Xbox Series X|S, PlayStation 4, Nintendo Switch 2, PC (Microsoft Windows), PlayStation 5, Mac, Xbox One, Nintendo Switch"
18320,Battlefield 1,battlefield-1,89.1,21,78.1,893,2016,2010,Shooter,"PlayStation 4, PC (Microsoft Windows), Xbox One"
26472,Disco Elysium,disco-elysium,89.1,8,92.6,1194,2019,2010,"Role-playing (RPG), Adventure, Indie","PC (Microsoft Windows), Mac"
15,Fallout 3,fallout-3,89.1,10,83.3,1775,2008,2000,"Shooter, Role-playing (RPG)","PlayStation 3, PC (Microsoft Windows), Xbox 360"
8173,Overwatch,overwatch,89.1,24,81.8,1174,2016,2010,"Shooter, Strategy","PlayStation 4, PC (Microsoft Windows), Xbox One, Nintendo Switch"
131890,Sea of Stars,sea-of-stars,89.1,8,83.0,133,2023,2020,"Role-playing (RPG), Adventure, Indie","Xbox Series X|S, PlayStation 4, Nintendo Switch 2, Android, PC (Microsoft Windows), iOS, PlayStation 5, Xbox One, Nintendo Switch"
457,StarCraft II: Heart of the Swarm,starcraft-ii-heart-of-the-swarm,89.1,9,85.3,298,2013,2010,"Real Time Strategy (RTS), Strategy","PC (Microsoft Windows), Mac"
27433,SteamWorld Dig 2,steamworld-dig-2,89.1,11,82.5,192,2017,2010,"Platform, Puzzle, Adventure, Indie","Google Stadia, PlayStation 4, Linux, Nintendo 3DS, PC (Microsoft Windows), Mac, PlayStation Vita, Xbox One, Nintendo Switch"
25343,Zero Escape: The Nonary Games,zero-escape-the-nonary-games,89.1,11,83.3,75,2017,2010,"Puzzle, Adventure, Visual Novel","PlayStation 4, PC (Microsoft Windows), PlayStation Vita, Xbox One"
191435,Animal Well,animal-well,89.0,4,81.5,123,2024,2020,"Platform, Puzzle, Adventure, Indie","Xbox Series X|S, PC (Microsoft Windows), PlayStation 5, Nintendo Switch"
7830,City of Heroes,city-of-heroes,89.0,5,65.2,15,2004,2000,Role-playing (RPG),"PC (Microsoft Windows), Mac"
204627,Cocoon,cocoon,89.0,5,83.3,154,2023,2020,"Puzzle, Adventure, Indie","Xbox Series X|S, PlayStation 4, PC (Microsoft Windows), PlayStation 5, Xbox One, Nintendo Switch"
214394,Dune: Awakening,dune-awakening,89.0,4,72.5,62,2025,2020,"Role-playing (RPG), Adventure","Xbox Series X|S, PC (Microsoft Windows), PlayStation 5"
109970,Endless Dungeon,endless-dungeon,89.0,3,61.2,10,2023,2020,"Role-playing (RPG), Strategy, Tactical","Xbox Series X|S, PlayStation 4, PC (Microsoft Windows), PlayStation 5, Xbox One, Nintendo Switch"
19539,Forza Horizon 3,forza-horizon-3,89.0,26,83.9,194,2016,2010,Racing,"PC (Microsoft Windows), Xbox One"
3270,Grand Theft Auto: Chinatown Wars,grand-theft-auto-chinatown-wars,89.0,9,77.4,180,2009,2000,"Shooter, Adventure","Android, iOS, PlayStation Portable, Nintendo DS"
990,Halo: Reach,halo-reach,89.0,9,84.1,675,2010,2010,Shooter,"PC (Microsoft Windows), Xbox 360, Xbox One"
3953,Ikaruga,ikaruga,89.0,6,88.5,48,2001,2000,"Shooter, Puzzle, Indie, Arcade",Arcade
24917,Lone Echo,lone-echo,89.0,3,90.3,10,2017,2010,Adventure,"Oculus VR, PC (Microsoft Windows), Oculus Rift"
140972,Nioh 2: The Complete Edition,nioh-2-the-complete-edition,89.0,3,84.6,16,2021,2020,"Role-playing (RPG), Hack and slash/Beat 'em up, Adventure","PlayStation 4, PC (Microsoft Windows)"
12987,System Shock: Enhanced Edition,system-shock-enhanced-edition,89.0,3,88.6,27,2015,2010,"Shooter, Puzzle, Role-playing (RPG), Adventure",PC (Microsoft Windows)
166722,The Case of the Golden Idol,the-case-of-the-golden-idol,89.0,3,86.2,90,2022,2020,"Point-and-click, Puzzle, Adventure, Indie","Xbox Series X|S, PlayStation 4, Android, PC (Microsoft Windows), iOS, PlayStation 5, Mac, Xbox One, Nintendo Switch"
250,The Chronicles of Riddick: Escape from Butcher Bay,the-chronicles-of-riddick-escape-from-butcher-bay,89.0,5,84.6,158,2004,2000,"Shooter, Puzzle, Adventure","Xbox, PlayStation 3, PC (Microsoft Windows), Mac, Xbox 360"
142549,Viewfinder,viewfinder,89.0,3,78.3,109,2023,2020,"Platform, Puzzle, Adventure, Indie","Xbox Series X|S, PlayStation 4, PC (Microsoft Windows), PlayStation 5, Nintendo Switch"
83504,Wildermyth,wildermyth,89.0,3,80.0,37,2021,2020,"Role-playing (RPG), Strategy, Turn-based strategy (TBS), Tactical, Adventure, Indie","Xbox Series X|S, PlayStation 4, Linux, PC (Microsoft Windows), PlayStation 5, Mac, Xbox One, Nintendo Switch"
15856,Bionic Commando Rearmed,bionic-commando-rearmed,88.9,7,65.7,22,2008,2000,"Shooter, Platform, Arcade","PlayStation 3, PC (Microsoft Windows), Xbox 360"
9806,Hyper Light Drifter,hyper-light-drifter,88.9,11,80.3,256,2016,2010,"Shooter, Role-playing (RPG), Hack and slash/Beat 'em up, Adventure, Indie","PlayStation 4, Linux, PC (Microsoft Windows), Mac, Wii U, PlayStation Vita, Xbox One"
7444,Shovel Knight,shovel-knight,88.9,19,85.8,526,2014,2010,"Platform, Adventure, Indie","PlayStation 3, PlayStation 4, Linux, Nintendo 3DS, PC (Microsoft Windows), Mac, Wii U, PlayStation Vita, Xbox One, Nintendo Switch"
17447,Titanfall 2,titanfall-2,88.9,23,83.2,851,2016,2010,"Shooter, Adventure","PlayStation 4, PC (Microsoft Windows), Xbox One"
165390,Blasphemous II,blasphemous-ii,88.8,4,84.7,97,2023,2020,"Platform, Role-playing (RPG), Hack and slash/Beat 'em up, Adventure, Indie","Xbox Series X|S, PlayStation 4, PC (Microsoft Windows), PlayStation 5, Xbox One, Nintendo Switch"
165351,Cult of the Lamb,cult-of-the-lamb,88.8,6,80.4,240,2022,2020,"Role-playing (RPG), Simulator, Strategy, Hack and slash/Beat 'em up, Adventure, Indie","Xbox Series X|S, PlayStation 4, PC (Microsoft Windows), PlayStation 5, Mac, Xbox One, Nintendo Switch"
3075,FTL: Faster Than Light,ftl-faster-than-light,88.8,5,83.8,426,2012,2010,"Role-playing (RPG), Simulator, Strategy, Indie","Linux, PC (Microsoft Windows), iOS, Mac"
11156,Horizon Zero Dawn,horizon-zero-dawn,88.8,26,87.4,2447,2017,2010,"Shooter, Role-playing (RPG), Adventure","PlayStation 4, PC (Microsoft Windows), PlayStation 5"
317625,Legacy of Kain: Soul Reaver 1 & 2 Remastered,legacy-of-kain-soul-reaver-1-and-2-remastered,88.8,5,71.1,4,2024,2020,"Platform, Puzzle, Adventure","Xbox Series X|S, PlayStation 4, PC (Microsoft Windows), PlayStation 5, Xbox One, Nintendo Switch"
109455,Luigi's Mansion 3,luigis-mansion-3,88.8,14,83.4,219,2019,2010,Adventure,Nintendo Switch
143612,Neon White,neon-white,88.8,6,82.7,126,2022,2020,"Shooter, Platform, Indie, Arcade, Visual Novel","Xbox Series X|S, PlayStation 4, PC (Microsoft Windows), PlayStation 5, Xbox One, Nintendo Switch"
358535,Octopath Traveler 0,octopath-traveler-0,88.8,5,80.0,5,2025,2020,Role-playing (RPG),"Xbox Series X|S, PlayStation 4, Nintendo Switch 2, PC (Microsoft Windows), PlayStation 5, Nintendo Switch"
135915,Overcooked! All You Can Eat,overcooked-all-you-can-eat,88.8,8,78.1,36,2020,2020,"Simulator, Strategy, Indie","Google Stadia, Xbox Series X|S, PlayStation 4, PC (Microsoft Windows), PlayStation 5, Xbox One, Nintendo Switch"
217556,Theatrhythm Final Bar Line,theatrhythm-final-bar-line,88.8,4,80.1,12,2023,2020,"Music, Role-playing (RPG)","PlayStation 4, Nintendo Switch"
1555,Virtua Fighter 5,virtua-fighter-5,88.8,5,79.7,26,2006,2000,Fighting,"Arcade, PlayStation 3, Xbox 360"
74904,Amid Evil,amid-evil,88.7,3,84.8,46,2019,2010,"Shooter, Indie",PC (Microsoft Windows)
20329,Figment,figment,88.7,3,79.0,74,2017,2010,"Music, Platform, Puzzle, Adventure, Indie","Google Stadia, Xbox Series X|S, PlayStation 4, Linux, Android, PC (Microsoft Windows), iOS, Mac, Xbox One, Nintendo Switch"
133236,Final Fantasy VII Rebirth,final-fantasy-vii-rebirth,88.7,12,89.7,153,2024,2020,"Role-playing (RPG), Strategy, Adventure","Xbox Series X|S, Nintendo Switch 2, PC (Microsoft Windows), PlayStation 5"
21078,Monster Tale,monster-tale,88.7,3,82.0,2,2011,2010,"Platform, Simulator, Adventure",Nintendo DS
798,Myst IV: Revelation,myst-iv-revelation,88.7,3,73.8,46,2004,2000,"Point-and-click, Puzzle, Adventure","Xbox, PC (Microsoft Windows), Mac"
11198,Rocket League,rocket-league,88.7,17,81.5,1222,2015,2010,"Racing, Sport, Indie","Xbox Series X|S, PlayStation 4, Linux, PC (Microsoft Windows), PlayStation 5, Mac, Xbox One, Nintendo Switch"
3182,Diablo III: Reaper of Souls,diablo-iii-reaper-of-souls,88.6,11,82.3,361,2014,2010,"Role-playing (RPG), Hack and slash/Beat 'em up, Adventure","PlayStation 3, PlayStation 4, PC (Microsoft Windows), Mac, Xbox 360, Xbox One"
124,Left 4 Dead 2,left-4-dead-2,88.6,5,82.0,1206,2009,2000,Shooter,"Linux, PC (Microsoft Windows), Mac, Xbox 360"
134581,Marvel's Spider-Man: Miles Morales,marvels-spider-man-miles-morales,88.6,16,79.7,580,2020,2020,"Hack and slash/Beat 'em up, Adventure","PlayStation 4, PC (Microsoft Windows), PlayStation 5"
20741,Metal Gear Solid HD Collection,metal-gear-solid-hd-collection,88.6,8,89.3,25,2011,2010,"Shooter, Tactical, Adventure","PlayStation 3, PlayStation Vita, Xbox 360"
252647,Persona 3 Reload,persona-3-reload,88.6,8,88.3,128,2024,2020,"Role-playing (RPG), Adventure","Xbox Series X|S, PlayStation 4, Nintendo Switch 2, PC (Microsoft Windows), PlayStation 5, Xbox One"
135999,Tetris Effect: Connected,tetris-effect-connected,88.6,10,90.5,81,2020,2020,"Music, Puzzle, Indie, Arcade","Meta Quest 2, Xbox Series X|S, PlayStation VR2, PlayStation 4, PC (Microsoft Windows), PlayStation 5, Xbox One, Nintendo Switch, Oculus Quest"
140979,The Nioh Collection,the-nioh-collection,88.6,7,,,2021,2020,"Role-playing (RPG), Hack and slash/Beat 'em up, Adventure",PlayStation 5
279614,The Rise of the Golden Idol,the-rise-of-the-golden-idol,88.6,5,83.2,30,2024,2020,"Point-and-click, Puzzle, Adventure, Indie","Xbox Series X|S, PlayStation 4, Android, PC (Microsoft Windows), iOS, PlayStation 5, Mac, Xbox One, Nintendo Switch"
133887,Tony Hawk's Pro Skater 1+2,tony-hawks-pro-skater-1-plus-2,88.6,16,82.5,121,2020,2020,"Simulator, Sport","Xbox Series X|S, PlayStation 4, PC (Microsoft Windows), PlayStation 5, Xbox One, Nintendo Switch"
148228,V Rising,v-rising,88.6,5,72.2,85,2024,2020,"Role-playing (RPG), Adventure","PC (Microsoft Windows), PlayStation 5"
23851,Wandersong,wandersong,88.6,5,86.7,44,2018,2010,"Music, Platform, Adventure, Indie","PlayStation 4, PC (Microsoft Windows), Mac, Xbox One, Nintendo Switch"
116166,Dreamscaper,dreamscaper,88.5,6,70.2,14,2020,2020,"Shooter, Role-playing (RPG), Simulator, Adventure, Indie","Xbox Series X|S, PC (Microsoft Windows), Xbox One, Nintendo Switch"
4887,Geometry Wars: Retro Evolved 2,geometry-wars-retro-evolved-2,88.5,4,87.6,17,2008,2000,Shooter,"Xbox 360, Xbox One"
206806,Lorelei and the Laser Eyes,lorelei-and-the-laser-eyes,88.5,4,89.1,26,2024,2020,"Puzzle, Adventure, Indie","PlayStation 4, Nintendo Switch 2, PC (Microsoft Windows), PlayStation 5, Nintendo Switch"
152201,Mario + Rabbids Sparks of Hope,mario-plus-rabbids-sparks-of-hope,88.5,6,80.6,24,2022,2020,"Strategy, Turn-based strategy (TBS), Tactical, Adventure",Nintendo Switch
73,Mass Effect,mass-effect,88.5,4,86.2,2543,2007,2000,"Shooter, Role-playing (RPG)","PlayStation 3, PC (Microsoft Windows), Xbox 360"
1112,Metroid Prime: Trilogy,metroid-prime-trilogy,88.5,4,95.2,44,2009,2000,"Shooter, Platform, Adventure","Wii, Wii U"
172425,Monster Hunter Rise: Sunbreak,monster-hunter-rise-sunbreak,88.5,4,80.7,18,2022,2020,"Role-playing (RPG), Hack and slash/Beat 'em up","Xbox Series X|S, PlayStation 4, PC (Microsoft Windows), PlayStation 5, Xbox One, Nintendo Switch"
12597,Owlboy,owlboy,88.5,13,78.8,131,2016,2010,"Platform, Puzzle, Adventure, Indie","PlayStation 4, Linux, PC (Microsoft Windows), Mac, Xbox One, Nintendo Switch"
2207,Shadow of the Colossus,shadow-of-the-colossus,88.5,4,89.1,1332,2005,2000,"Platform, Puzzle, Adventure",PlayStation 2
3035,The Stanley Parable,the-stanley-parable,88.5,9,83.8,992,2013,2010,"Adventure, Indie","Linux, PC (Microsoft Windows), Mac"
914,Tony Hawk's Pro Skater 3,tony-hawk-s-pro-skater-3,88.5,4,81.4,278,2001,2000,Sport,"Xbox, Nintendo GameCube, PC (Microsoft Windows), Mac, PlayStation 2"
26195,WipEout: Omega Collection,wipeout-omega-collection,88.5,11,88.7,38,2017,2010,Racing,"PlayStation 4, PlayStation VR"
1318,XCOM: Enemy Unknown,xcom-enemy-unknown,88.5,12,82.5,560,2012,2010,"Role-playing (RPG), Simulator, Strategy, Turn-based strategy (TBS), Tactical","PlayStation 3, Linux, Android, PC (Microsoft Windows), iOS, Mac, Xbox 360"
103054,Assassin's Creed Odyssey,assassins-creed-odyssey,88.4,14,80.9,974,2018,2010,"Role-playing (RPG), Adventure","Google Stadia, Xbox Series X|S, PlayStation 4, PC (Microsoft Windows), PlayStation 5, Xbox One"
3665,Kid Icarus: Uprising,kid-icarus-uprising,88.4,8,80.5,91,2012,2010,"Shooter, Hack and slash/Beat 'em up",Nintendo 3DS
2687,Animal Crossing: New Leaf,animal-crossing-new-leaf,88.3,10,85.5,260,2012,2010,Simulator,Nintendo 3DS
20091,Dance Central 2,dance-central-2,88.3,6,68.0,8,2011,2010,"Music, Arcade",Xbox 360
228520,Dead Cells: Return to Castlevania,dead-cells-return-to-castlevania,88.3,3,82.3,8,2023,2020,"Platform, Adventure, Indie","Xbox Series X|S, PlayStation 4, Linux, Android, PC (Microsoft Windows), iOS, PlayStation 5, Mac, Xbox One, Nintendo Switch"
5619,Demon's Souls,demon-s-souls,88.3,7,85.5,400,2009,2000,"Role-playing (RPG), Adventure",PlayStation 3
9533,Deus Ex: Human Revolution - The Missing Link,deus-ex-human-revolution-the-missing-link,88.3,3,82.7,46,2011,2010,"Shooter, Role-playing (RPG)","PlayStation 3, PC (Microsoft Windows), Xbox 360"
9132,Dyad,dyad,88.3,6,80.0,2,2012,2010,"Shooter, Music, Puzzle, Racing, Sport, Strategy, Indie, Arcade","PlayStation 3, PC (Microsoft Windows), iOS"
213016,Esoteric Ebb,esoteric-ebb,88.3,3,82.5,12,2026,2020,"Role-playing (RPG), Adventure, Indie",PC (Microsoft Windows)
20655,Final Fantasy VI Advance,final-fantasy-vi-advance,88.3,3,82.7,23,2006,2000,"Role-playing (RPG), Adventure","Wii U, Game Boy Advance"
139077,Football Manager 2021,football-manager-2021,88.3,3,79.7,35,2020,2020,"Simulator, Sport","PC (Microsoft Windows), Mac"
159116,Grid Legends,grid-legends,88.3,3,66.9,37,2022,2020,"Racing, Simulator, Sport","Meta Quest 2, Xbox Series X|S, PlayStation 4, Android, PC (Microsoft Windows), iOS, PlayStation 5, Mac, Xbox One"
20644,Infinity Blade II,infinity-blade-ii,88.3,3,81.3,17,2011,2010,"Role-playing (RPG), Adventure",iOS
796,MVP Baseball 2005,mvp-baseball-2005,88.3,4,90.9,19,2005,2000,Sport,"Xbox, Nintendo GameCube, PC (Microsoft Windows), PlayStation 2"
13690,Mass Effect 3: Citadel,mass-effect-3-citadel,88.3,3,93.1,96,2013,2010,"Shooter, Role-playing (RPG), Tactical","PlayStation 3, PC (Microsoft Windows), Xbox 360"
137044,Mindcop,mindcop,88.3,3,51.5,5,2024,2020,"Shooter, Puzzle, Adventure, Indie","Android, PC (Microsoft Windows), iOS, PlayStation 5, Nintendo Switch"
7113,NCAA Football 12,ncaa-football-12,88.3,4,78.7,11,2011,2010,"Simulator, Sport","PlayStation 3, Xbox 360"
10148,Night in the Woods,night-in-the-woods,88.3,12,81.1,311,2017,2010,"Platform, Adventure, Indie","PlayStation 4, Linux, PC (Microsoft Windows), iOS, PlayStation 5, Mac, Xbox One, Nintendo Switch"
194821,Nine Sols,nine-sols,88.3,4,85.9,91,2024,2020,"Platform, Hack and slash/Beat 'em up, Adventure, Indie","Xbox Series X|S, PlayStation 4, PC (Microsoft Windows), PlayStation 5, Mac, Xbox One, Nintendo Switch"
15709,Odin Sphere: Leifthrasir,odin-sphere-leifthrasir,88.3,12,85.1,37,2016,2010,Role-playing (RPG),"PlayStation 3, PlayStation 4, PlayStation Vita"
7344,Ori and the Blind Forest,ori-and-the-blind-forest,88.3,14,86.7,1528,2015,2010,"Platform, Puzzle, Adventure","PC (Microsoft Windows), Xbox One, Nintendo Switch"
7812,Patapon,patapon,88.3,3,79.1,67,2007,2000,"Music, Real Time Strategy (RTS), Strategy","PlayStation Vita, PlayStation Portable"
284574,Planet Zoo: Console Edition,planet-zoo-console-edition,88.3,3,,,2024,2020,"Simulator, Strategy","Xbox Series X|S, PlayStation 5"
6898,Pokémon Alpha Sapphire,pokemon-alpha-sapphire,88.3,3,80.0,229,2014,2010,"Role-playing (RPG), Strategy, Turn-based strategy (TBS), Adventure",Nintendo 3DS
23441,Shin Megami Tensei: Devil Survivor 2 - Record Breaker,shin-megami-tensei-devil-survivor-2-record-breaker,88.3,3,67.6,9,2015,2010,"Role-playing (RPG), Strategy, Tactical",Nintendo 3DS
7033,SpellForce 2: Shadow Wars,spellforce-2-shadow-wars,88.3,3,76.7,29,2006,2000,"Real Time Strategy (RTS), Role-playing (RPG), Strategy",PC (Microsoft Windows)
5601,The Witness,the-witness,88.3,12,82.0,524,2016,2010,"Puzzle, Adventure, Indie","PlayStation 4, PC (Microsoft Windows), iOS, Mac, Xbox One"
1524,Trauma Center: Second Opinion,trauma-center-second-opinion,88.3,3,76.7,12,2006,2000,"Puzzle, Simulator, Adventure",Wii
3157,World of Warcraft: Warlords of Draenor,world-of-warcraft-warlords-of-draenor,88.3,6,71.4,155,2014,2010,"Role-playing (RPG), Strategy, Adventure","PC (Microsoft Windows), Mac"
338084,Yakuza 0: Director's Cut,yakuza-0-directors-cut,88.3,4,90.1,6,2025,2020,"Fighting, Role-playing (RPG), Simulator, Hack and slash/Beat 'em up, Adventure","Xbox Series X|S, Nintendo Switch 2, PC (Microsoft Windows), PlayStation 5"
17924,Zenzizenzic,zenzizenzic,88.3,3,70.0,0,2015,2010,"Shooter, Indie","Linux, PC (Microsoft Windows), Mac"
37,Dead Space,dead-space,88.2,6,85.6,1244,2008,2000,"Shooter, Puzzle","PlayStation 3, PC (Microsoft Windows), Xbox 360"
85576,Donkey Kong Country: Tropical Freeze,donkey-kong-country-tropical-freeze--1,88.2,12,76.6,49,2018,2010,Platform,Nintendo Switch
137451,Eiyuden Chronicle: Hundred Heroes,eiyuden-chronicle-hundred-heroes,88.2,5,71.4,14,2024,2020,"Role-playing (RPG), Strategy, Adventure, Indie","Xbox Series X|S, PlayStation 4, PC (Microsoft Windows), PlayStation 5, Xbox One, Nintendo Switch"
143232,Final Fantasy XIV: Endwalker,final-fantasy-xiv-endwalker,88.2,5,91.9,43,2021,2020,Role-playing (RPG),"Xbox Series X|S, PlayStation 4, Nintendo Switch 2, PC (Microsoft Windows), PlayStation 5, Mac"
1279,Hearthstone,hearthstone,88.2,9,78.3,722,2014,2010,"Strategy, Turn-based strategy (TBS), Card & Board Game","Android, PC (Microsoft Windows), iOS, Mac"
217590,Tekken 8,tekken-8,88.2,6,75.5,125,2024,2020,Fighting,"Xbox Series X|S, PC (Microsoft Windows), PlayStation 5"
20740,The Witcher 2: Assassins of Kings - Enhanced Edition,the-witcher-2-assassins-of-kings-enhanced-edition,88.2,5,85.2,240,2012,2010,"Role-playing (RPG), Adventure","Linux, PC (Microsoft Windows), Mac, Xbox 360"
122231,Tokyo Mirage Sessions #FE Encore,tokyo-mirage-sessions-number-fe-encore,88.2,5,70.2,20,2020,2020,"Music, Role-playing (RPG), Adventure",Nintendo Switch
731,Grand Theft Auto IV,grand-theft-auto-iv,88.1,8,83.5,1904,2008,2000,"Shooter, Racing, Adventure","PlayStation 3, PC (Microsoft Windows), Xbox 360"
1020,Grand Theft Auto V,grand-theft-auto-v,88.1,27,89.6,5955,2013,2010,"Shooter, Racing, Adventure","Xbox Series X|S, PlayStation 3, PlayStation 4, PC (Microsoft Windows), PlayStation 5, Xbox 360, Xbox One"
138950,Monster Hunter Rise,monster-hunter-rise,88.1,17,80.4,121,2021,2020,"Role-playing (RPG), Hack and slash/Beat 'em up, Adventure","Xbox Series X|S, PlayStation 4, PC (Microsoft Windows), PlayStation 5, Xbox One, Nintendo Switch"
5650,Persona 4 Arena,persona-4-arena,88.1,8,71.2,48,2012,2010,"Fighting, Role-playing (RPG), Adventure, Visual Novel","Arcade, PlayStation 3, Xbox 360"
2693,The Beatles: Rock Band,the-beatles-rock-band,88.1,7,85.3,55,2009,2000,Music,"PlayStation 3, Wii, Xbox 360"
19965,Tomb Raider: Definitive Edition,tomb-raider-definitive-edition,88.1,13,83.7,161,2014,2010,"Shooter, Platform, Puzzle, Adventure","Google Stadia, PlayStation 4, Nintendo Switch 2, PC (Microsoft Windows), Xbox One, Nintendo Switch"
4655,2010 FIFA World Cup South Africa,2010-fifa-world-cup-south-africa,88.0,5,67.1,46,2010,2010,"Simulator, Sport","PlayStation 3, Xbox 360"
114795,Apex Legends,apex-legends,88.0,11,75.4,663,2019,2010,"Shooter, Tactical","Xbox Series X|S, PlayStation 4, Nintendo Switch 2, PC (Microsoft Windows), PlayStation 5, Xbox One, Nintendo Switch"
299736,Batman: Arkham Shadow,batman-arkham-shadow,88.0,6,76.1,6,2024,2020,Adventure,Meta Quest 3
3033,Battlefield 3: Back to Karkand,battlefield-3-back-to-karkand-f2802ebb-e523-4a8b-b3db-3da57f514e6b,88.0,3,79.8,22,2011,2010,Shooter,"PlayStation 3, PC (Microsoft Windows), Xbox 360"
473,Battlefield: Bad Company,battlefield-bad-company,88.0,4,76.9,154,2008,2000,Shooter,"PlayStation 3, Xbox 360"
136879,Black Myth: Wukong,black-myth-wukong,88.0,4,88.5,243,2024,2020,"Role-playing (RPG), Hack and slash/Beat 'em up, Adventure","Xbox Series X|S, PC (Microsoft Windows), PlayStation 5"
7318,Heavenly Sword,heavenly-sword,88.0,4,72.4,66,2007,2000,"Hack and slash/Beat 'em up, Adventure",PlayStation 3
5614,Kentucky Route Zero,kentucky-route-zero,88.0,10,71.1,94,2013,2010,"Point-and-click, Adventure, Indie","Linux, Android, PC (Microsoft Windows), iOS, Mac"
29144,Lonely Mountains: Downhill,lonely-mountains-downhill,88.0,3,69.3,51,2019,2010,"Racing, Simulator, Sport, Indie, Arcade","PlayStation 4, PC (Microsoft Windows), Mac, Xbox One, Nintendo Switch"
8248,Marvel vs. Capcom 3: Fate of Two Worlds,marvel-vs-capcom-3-fate-of-two-worlds,88.0,5,73.3,40,2011,2010,Fighting,"PlayStation 3, Xbox 360"
18150,Mortal Kombat XL,mortal-kombat-xl,88.0,3,84.7,98,2016,2010,Fighting,"PlayStation 4, PC (Microsoft Windows), Xbox One"
954,NHL 11,nhl-11,88.0,4,79.7,23,2010,2010,Sport,"PlayStation 3, Xbox 360"
1521,Pokémon Black Version,pokemon-black-version,88.0,5,81.1,370,2010,2010,"Role-playing (RPG), Turn-based strategy (TBS), Adventure",Nintendo DS
11244,Rez,rez,88.0,5,86.1,42,2001,2000,"Shooter, Music","Dreamcast, PlayStation 2"
482,Silent Hill 3,silent-hill-3,88.0,3,84.1,424,2003,2000,"Puzzle, Adventure","PC (Microsoft Windows), PlayStation 2"
12875,Superbeat: Xonic,superbeat-xonic,88.0,5,83.0,2,2015,2010,"Music, Arcade","PlayStation 4, PlayStation Vita, Xbox One, Nintendo Switch"
103221,Tetris Effect,tetris-effect,88.0,12,86.8,86,2018,2010,"Music, Puzzle","PlayStation 4, PlayStation VR, PC (Microsoft Windows), SteamVR, Oculus Rift, Oculus Quest"
20582,The Dishwasher: Vampire Smile,the-dishwasher-vampire-smile,88.0,4,89.0,10,2011,2010,"Hack and slash/Beat 'em up, Indie","Linux, PC (Microsoft Windows), Mac, Xbox 360"
5892,The Swapper,the-swapper,88.0,10,80.1,183,2013,2010,"Platform, Puzzle, Strategy, Adventure, Indie","PlayStation 3, PlayStation 4, Linux, PC (Microsoft Windows), Mac, Wii U, PlayStation Vita, Xbox One"
119402,The Witcher 3: Wild Hunt - Complete Edition,the-witcher-3-wild-hunt-complete-edition--1,88.0,11,96.7,193,2016,2010,"Role-playing (RPG), Adventure","Xbox Series X|S, PlayStation 4, PC (Microsoft Windows), PlayStation 5, Xbox One, Nintendo Switch"
432,Total War: Shogun 2,total-war-shogun-2,88.0,4,83.5,207,2011,2010,"Real Time Strategy (RTS), Simulator, Strategy, Turn-based strategy (TBS), Tactical","Linux, PC (Microsoft Windows), Mac"
927,Unreal Tournament 2004,unreal-tournament-2004,88.0,3,83.0,208,2004,2000,Shooter,"Linux, PC (Microsoft Windows), Mac"
623,Call of Duty 4: Modern Warfare,call-of-duty-4-modern-warfare,87.9,7,84.4,1841,2007,2000,"Shooter, Simulator","PlayStation 3, PC (Microsoft Windows), Mac, Xbox 360"
7886,Crypt of the NecroDancer,crypt-of-the-necrodancer,87.9,9,77.1,167,2015,2010,"Music, Role-playing (RPG), Adventure, Indie","PlayStation 4, Linux, PC (Microsoft Windows), iOS, Mac, PlayStation Vita, Xbox One, Nintendo Switch"
1887,Dragon Age: Inquisition,dragon-age-inquisition,87.9,16,82.5,1079,2014,2010,"Role-playing (RPG), Strategy, Tactical, Adventure","PlayStation 3, PlayStation 4, PC (Microsoft Windows), Xbox 360, Xbox One"
103281,Halo Infinite,halo-infinite,87.9,9,80.4,303,2021,2020,"Shooter, Adventure","Xbox Series X|S, PC (Microsoft Windows), Xbox One"
172427,Kirby and the Forgotten Land,kirby-and-the-forgotten-land,87.9,8,82.5,99,2022,2020,"Platform, Adventure",Nintendo Switch
11416,Persona 3 Portable,persona-3-portable,87.9,8,84.4,130,2009,2000,"Point-and-click, Role-playing (RPG), Adventure, Visual Novel","PlayStation Vita, PlayStation Portable"
119304,Spiritfarer,spiritfarer,87.9,7,85.2,140,2020,2020,"Platform, Simulator, Adventure, Indie","Google Stadia, PlayStation 4, Linux, PC (Microsoft Windows), Mac, Xbox One, Nintendo Switch"
28028,Total War: Warhammer II,total-war-warhammer-ii,87.9,8,82.2,106,2017,2010,"Real Time Strategy (RTS), Strategy","Linux, PC (Microsoft Windows), Mac"
135995,As Dusk Falls,as-dusk-falls,87.8,6,78.1,99,2022,2020,"Point-and-click, Role-playing (RPG), Adventure","Xbox Series X|S, PlayStation 4, PC (Microsoft Windows), PlayStation 5, Xbox One"
14647,Bloodborne: The Old Hunters,bloodborne-the-old-hunters--1,87.8,9,94.0,150,2015,2010,"Role-playing (RPG), Adventure",PlayStation 4
328347,Death Howl,death-howl,87.8,4,60.9,6,2025,2020,"Strategy, Turn-based strategy (TBS), Tactical, Adventure, Indie, Card & Board Game","Xbox Series X|S, PC (Microsoft Windows), PlayStation 5, Nintendo Switch"
240558,F1 23,f1-23,87.8,5,70.3,35,2023,2020,"Racing, Simulator, Sport","Xbox Series X|S, PlayStation 4, PC (Microsoft Windows), PlayStation 5, Xbox One"
19455,Final Fantasy XII: The Zodiac Age,final-fantasy-xii-the-zodiac-age,87.8,19,83.8,88,2017,2010,"Role-playing (RPG), Adventure","PlayStation 4, PC (Microsoft Windows), Xbox One, Nintendo Switch"
3073,Forza Motorsport,forza-motorsport,87.8,4,84.1,36,2005,2000,"Racing, Simulator, Sport",Xbox
103292,Gears 5,gears-5,87.8,12,80.3,283,2019,2010,"Shooter, Adventure","Xbox Series X|S, PC (Microsoft Windows), Xbox One"
20579,God of War: Origins Collection,god-of-war-origins-collection,87.8,5,74.4,18,2011,2010,"Hack and slash/Beat 'em up, Adventure",PlayStation 3
130216,Hardspace: Shipbreaker,hardspace-shipbreaker,87.8,4,70.1,32,2022,2020,"Simulator, Strategy","Xbox Series X|S, PC (Microsoft Windows), PlayStation 5"
168667,Marvel's Wolverine,marvels-wolverine,87.8,4,79.7,14,2026,2020,"Hack and slash/Beat 'em up, Adventure",PlayStation 5
6707,Tales from the Borderlands,tales-from-the-borderlands,87.8,11,85.1,580,2014,2010,"Point-and-click, Puzzle, Adventure","PlayStation 3, PlayStation 4, Android, PC (Microsoft Windows), iOS, Mac, Xbox 360, Xbox One, Nintendo Switch"
6739,Black Mesa,black-mesa,87.7,3,87.7,552,2020,2020,"Shooter, Platform, Adventure, Indie","Linux, PC (Microsoft Windows)"
1815,Dragon Quest IV: Chapters of the Chosen,dragon-quest-iv-chapters-of-the-chosen,87.7,3,80.3,37,2007,2000,"Role-playing (RPG), Adventure",Nintendo DS
158980,Final Fantasy,final-fantasy--3,87.7,3,78.8,71,2021,2020,"Role-playing (RPG), Adventure","Xbox Series X|S, PlayStation 4, Android, PC (Microsoft Windows), iOS, Nintendo Switch"
200900,Gunbrella,gunbrella,87.7,3,67.7,5,2023,2020,"Platform, Adventure, Indie","PC (Microsoft Windows), Nintendo Switch"
250616,Helldivers 2,helldivers-2,87.7,7,81.3,313,2024,2020,"Shooter, Tactical","Xbox Series X|S, PC (Microsoft Windows), PlayStation 5"
37140,Metroid: Samus Returns,metroid-samus-returns,87.7,14,82.6,111,2017,2010,"Platform, Adventure",Nintendo 3DS
3206,Resistance 3,resistance-3,87.7,6,78.5,97,2011,2010,Shooter,PlayStation 3
143024,The Elder Scrolls Online: Blackwood,the-elder-scrolls-online-blackwood,87.7,3,,,2021,2020,Role-playing (RPG),"Google Stadia, PlayStation 4, PC (Microsoft Windows), Mac, Xbox One"
87983,What the Golf?,what-the-golf,87.7,3,73.0,42,2019,2010,"Puzzle, Simulator, Sport, Adventure, Indie, Arcade","PlayStation 4, Linux, visionOS, PC (Microsoft Windows), iOS, PlayStation 5, Mac, Nintendo Switch"
12579,Danganronpa V3: Killing Harmony,danganronpa-v3-killing-harmony--1,87.6,13,88.9,208,2017,2010,"Point-and-click, Adventure, Visual Novel","PlayStation 4, Android, PC (Microsoft Windows), iOS, PlayStation Vita, Nintendo Switch"
348217,Keeper,keeper--5,87.6,5,79.4,27,2025,2020,"Puzzle, Adventure","Xbox Series X|S, PC (Microsoft Windows), PlayStation 5"
1722,Mega Man 9,mega-man-9,87.6,7,82.3,54,2008,2000,"Shooter, Platform","PlayStation 3, PlayStation 4, Wii, PC (Microsoft Windows), Xbox 360, Xbox One, Legacy Mobile Device, Nintendo Switch"
6440,Monster Hunter 4 Ultimate,monster-hunter-4-ultimate,87.6,14,90.3,57,2014,2010,"Role-playing (RPG), Hack and slash/Beat 'em up, Adventure",Nintendo 3DS
12571,Nioh,nioh,87.6,22,79.4,190,2017,2010,"Role-playing (RPG), Hack and slash/Beat 'em up, Adventure","PlayStation 3, PlayStation 4, PC (Microsoft Windows)"
15167,SteamWorld Heist,steamworld-heist,87.6,12,79.6,104,2015,2010,"Role-playing (RPG), Strategy, Turn-based strategy (TBS), Adventure, Indie","Google Stadia, PlayStation 4, Linux, Nintendo 3DS, PC (Microsoft Windows), iOS, Mac, Wii U, PlayStation Vita, Xbox One, Nintendo Switch"
19698,Albion Online,albion-online,87.5,4,78.1,149,2017,2010,Role-playing (RPG),"Xbox Series X|S, Linux, Android, PC (Microsoft Windows), iOS, Mac"
4756,Child of Light,child-of-light,87.5,14,82.5,370,2014,2010,"Platform, Role-playing (RPG), Adventure","Google Stadia, PlayStation 3, PlayStation 4, PC (Microsoft Windows), Wii U, PlayStation Vita, Xbox 360, Xbox One"
2134,Dead Nation,dead-nation,87.5,4,79.4,43,2010,2010,"Shooter, Hack and slash/Beat 'em up","PlayStation 3, PlayStation Vita"
6993,Fight Night Round 4,fight-night-round-4,87.5,6,79.2,23,2009,2000,"Fighting, Sport","PlayStation 3, Xbox 360"
41621,Football Manager 2019,football-manager-2019,87.5,4,87.5,61,2018,2010,"Simulator, Sport","Android, PC (Microsoft Windows), iOS, Mac"
78511,Forza Motorsport,forza-motorsport--1,87.5,6,79.7,63,2023,2020,"Racing, Simulator, Sport","Xbox Series X|S, PC (Microsoft Windows)"
552,God of War: Chains of Olympus,god-of-war-chains-of-olympus,87.5,4,77.4,325,2008,2000,"Hack and slash/Beat 'em up, Adventure",PlayStation Portable
263347,Grapple Dogs: Cosmic Canines,grapple-dogs-cosmic-canines,87.5,4,,,2024,2020,"Platform, Adventure, Arcade","Xbox Series X|S, PC (Microsoft Windows), Nintendo Switch"
3242,Gunpoint,gunpoint,87.5,5,83.2,114,2013,2010,"Platform, Puzzle, Strategy, Adventure, Indie","Linux, PC (Microsoft Windows), Mac"
991,Halo 4,halo-4,87.5,12,77.7,544,2012,2010,Shooter,"PC (Microsoft Windows), Xbox 360, Xbox One"
116014,Hard West 2,hard-west-2,87.5,4,60.4,10,2022,2020,"Role-playing (RPG), Strategy, Turn-based strategy (TBS), Tactical","Xbox Series X|S, PC (Microsoft Windows), PlayStation 5"
8773,Homeworld: Remastered Collection,homeworld-remastered-collection,87.5,4,93.3,65,2015,2010,"Real Time Strategy (RTS), Simulator, Strategy, Adventure","PC (Microsoft Windows), Mac"
338105,Kirby Air Riders,kirby-air-riders,87.5,4,89.9,11,2025,2020,"Racing, Adventure, Arcade",Nintendo Switch 2
59843,Pikmin 4,pikmin-4,87.5,4,85.3,40,2023,2020,"Real Time Strategy (RTS), Strategy, Adventure",Nintendo Switch
134612,Pragmata,pragmata,87.5,6,87.0,137,2026,2020,"Shooter, Adventure","Xbox Series X|S, Nintendo Switch 2, PC (Microsoft Windows), PlayStation 5"
1397,Professor Layton and the Curious Village,professor-layton-and-the-curious-village,87.5,4,81.9,200,2007,2000,"Point-and-click, Puzzle, Visual Novel","Android, iOS, Nintendo DS"
204381,The Plucky Squire,the-plucky-squire,87.5,6,74.8,47,2024,2020,"Platform, Puzzle, Adventure","Xbox Series X|S, PC (Microsoft Windows), PlayStation 5, Nintendo Switch"
217623,Like a Dragon: Infinite Wealth,like-a-dragon-infinite-wealth,87.4,5,83.0,69,2024,2020,"Role-playing (RPG), Hack and slash/Beat 'em up, Adventure","Xbox Series X|S, PlayStation 4, PC (Microsoft Windows), PlayStation 5, Xbox One"
2286,Pokémon X,pokemon-x,87.4,10,78.2,309,2013,2010,"Role-playing (RPG), Turn-based strategy (TBS), Adventure",Nintendo 3DS
252476,Prince of Persia: The Lost Crown,prince-of-persia-the-lost-crown,87.4,7,83.6,128,2024,2020,"Platform, Adventure","Xbox Series X|S, PlayStation 4, PC (Microsoft Windows), PlayStation 5, Mac, Xbox One, Nintendo Switch"
19130,Sid Meier's Civilization VI,sid-meiers-civilization-vi,87.4,20,79.9,630,2016,2010,"Simulator, Strategy, Turn-based strategy (TBS)","PlayStation 4, Linux, Android, PC (Microsoft Windows), iOS, Mac, Xbox One, Nintendo Switch"
3019,Starbound,starbound,87.4,5,70.8,233,2016,2010,"Platform, Role-playing (RPG), Adventure, Indie","Xbox Series X|S, Linux, PC (Microsoft Windows), Mac, Xbox One"
298315,SteamWorld Heist II,steamworld-heist-ii,87.4,7,74.2,6,2024,2020,"Role-playing (RPG), Strategy, Adventure, Indie","Xbox Series X|S, PlayStation 4, PC (Microsoft Windows), PlayStation 5, Xbox One, Nintendo Switch"
172822,Atelier Sophie 2: The Alchemist of the Mysterious Dream,atelier-sophie-2-the-alchemist-of-the-mysterious-dream,87.3,3,,,2022,2020,"Role-playing (RPG), Turn-based strategy (TBS), Adventure","PlayStation 4, PC (Microsoft Windows), Nintendo Switch"
3008,Banjo-Kazooie: Nuts & Bolts,banjo-kazooie-nuts-bolts,87.3,3,63.7,57,2008,2000,"Platform, Racing, Quiz/Trivia, Adventure",Xbox 360
338083,Bravely Default: Flying Fairy - HD Remaster,bravely-default-flying-fairy-hd-remaster,87.3,3,,,2025,2020,Role-playing (RPG),"Xbox Series X|S, Nintendo Switch 2, PC (Microsoft Windows)"
5039,King's Bounty: The Legend,king-s-bounty-the-legend,87.3,4,85.9,84,2008,2000,"Role-playing (RPG), Simulator, Strategy, Turn-based strategy (TBS)","PC (Microsoft Windows), Mac"
4693,Lumines Electronic Symphony,lumines-electronic-symphony,87.3,4,78.1,12,2012,2010,"Music, Puzzle",PlayStation Vita
250630,Marathon,marathon--2,87.3,3,70.2,62,2026,2020,Shooter,"Xbox Series X|S, PC (Microsoft Windows), PlayStation 5"
96252,Mega Man X: Legacy Collection,mega-man-x-legacy-collection,87.3,3,87.2,17,2018,2010,"Shooter, Platform","PlayStation 4, PC (Microsoft Windows), Xbox One, Nintendo Switch"
495,Metro 2033,metro-2033,87.3,3,82.0,891,2010,2010,"Shooter, Role-playing (RPG)","PC (Microsoft Windows), Xbox 360"
22670,Out of the Park Baseball 17,out-of-the-park-baseball-17,87.3,4,80.0,2,2016,2010,"Simulator, Sport, Strategy, Indie","Linux, PC (Microsoft Windows), Mac"
27762,Paradigm,paradigm,87.3,3,85.3,23,2017,2010,"Point-and-click, Adventure, Indie","Linux, PC (Microsoft Windows), Mac"
10700,PixelJunk Eden,pixeljunk-eden,87.3,3,61.5,20,2008,2000,"Platform, Puzzle, Adventure, Indie","PlayStation 3, PC (Microsoft Windows)"
8167,Rhythm Heaven,rhythm-heaven,87.3,3,85.6,70,2008,2000,Music,Nintendo DS
28512,Risk of Rain 2,risk-of-rain-2,87.3,6,83.7,269,2020,2020,"Shooter, Adventure, Indie","Google Stadia, Xbox Series X|S, PlayStation 4, PC (Microsoft Windows), PlayStation 5, Xbox One, Nintendo Switch"
28528,Röki,roki,87.3,7,71.6,30,2020,2020,"Point-and-click, Platform, Puzzle, Adventure, Indie","Xbox Series X|S, PlayStation 4, PC (Microsoft Windows), PlayStation 5, Mac, Nintendo Switch"
119270,Tales of Arise,tales-of-arise,87.3,6,81.9,88,2021,2020,"Role-playing (RPG), Adventure","Xbox Series X|S, PlayStation 4, Nintendo Switch 2, PC (Microsoft Windows), PlayStation 5, Xbox One"
277143,The Last of Us Part II Remastered,the-last-of-us-part-ii-remastered,87.3,8,92.0,202,2024,2020,"Shooter, Adventure","PC (Microsoft Windows), PlayStation 5"
11790,The Last of Us: Left Behind,the-last-of-us-left-behind,87.3,9,84.1,343,2014,2010,"Shooter, Adventure",PlayStation 3
7386,The Talos Principle,the-talos-principle,87.3,12,86.5,473,2014,2010,"Puzzle, Adventure, Indie","PlayStation 4, Linux, Android, PC (Microsoft Windows), iOS, Mac, Xbox One, Nintendo Switch"
152266,"Warhammer 40,000: Chaos Gate - Daemonhunters",warhammer-40000-chaos-gate-daemonhunters,87.3,3,71.1,7,2022,2020,"Role-playing (RPG), Strategy, Tactical","Xbox Series X|S, PlayStation 4, PC (Microsoft Windows), PlayStation 5, Xbox One"
936,World Soccer: Winning Eleven 7 International,world-soccer-winning-eleven-7-international,87.3,4,78.2,51,2003,2000,"Simulator, Sport","PC (Microsoft Windows), PlayStation 2"
352,Battlefield: Bad Company 2,battlefield-bad-company-2,87.2,6,80.6,653,2010,2010,"Shooter, Strategy, Adventure","PlayStation 3, Android, PC (Microsoft Windows), iOS, Xbox 360"
1647,GoldenEye 007,goldeneye-007--2,87.2,5,76.9,35,2010,2010,Shooter,Wii
11394,Steins;Gate 0,steins-gate-0,87.2,11,85.0,43,2015,2010,"Adventure, Visual Novel","PlayStation 3, PlayStation 4, PC (Microsoft Windows), PlayStation Vita, Xbox One, Nintendo Switch"
115276,Super Mario Maker 2,super-mario-maker-2,87.2,12,81.1,204,2019,2010,Platform,Nintendo Switch
1235,Tekken 5: Dark Resurrection,tekken-5-dark-resurrection,87.2,5,80.3,56,2005,2000,Fighting,Arcade
114941,The Walking Dead: Season One - Episode 2: Starved for Help,the-walking-dead-season-one-episode-2-starved-for-help,87.2,5,90.2,14,2012,2010,Point-and-click,"PlayStation 3, PlayStation 4, Android, PC (Microsoft Windows), iOS, Mac, PlayStation Vita, Xbox 360, Xbox One, Nintendo Switch"
494,Bulletstorm,bulletstorm,87.1,7,78.4,382,2011,2010,Shooter,"PlayStation 3, PC (Microsoft Windows), Xbox 360"
36911,Dragon Ball FighterZ,dragon-ball-fighterz,87.1,18,83.6,228,2018,2010,Fighting,"Xbox Series X|S, PlayStation 4, PC (Microsoft Windows), PlayStation 5, Xbox One, Nintendo Switch"
140839,Mass Effect Legendary Edition,mass-effect-legendary-edition,87.1,12,90.1,361,2021,2020,"Shooter, Role-playing (RPG), Strategy, Adventure","Xbox Series X|S, PlayStation 4, PC (Microsoft Windows), PlayStation 5, Xbox One"
14741,Psychonauts 2,psychonauts-2,87.1,9,87.4,205,2021,2020,"Platform, Adventure","Xbox Series X|S, PlayStation 4, Linux, PC (Microsoft Windows), PlayStation 5, Mac, Xbox One"
325608,Sonic Racing: CrossWorlds,sonic-racing-crossworlds,87.1,7,71.8,33,2025,2020,"Racing, Sport, Adventure","Xbox Series X|S, PlayStation 4, Nintendo Switch 2, PC (Microsoft Windows), PlayStation 5, Xbox One, Nintendo Switch"
24863,Wasteland 3,wasteland-3,87.1,9,81.7,101,2020,2020,"Role-playing (RPG), Strategy, Turn-based strategy (TBS), Tactical, Adventure","PlayStation 4, Linux, PC (Microsoft Windows), Mac, Xbox One"
11593,World of Warcraft: Legion,world-of-warcraft-legion,87.1,12,85.1,146,2016,2010,"Role-playing (RPG), Adventure","PC (Microsoft Windows), Mac"
153808,AI: The Somnium Files - Nirvana Initiative,ai-the-somnium-files-nirvana-initiative,87.0,4,85.0,48,2022,2020,"Puzzle, Adventure, Visual Novel","PlayStation 4, PC (Microsoft Windows), Xbox One, Nintendo Switch"
306152,Ace Attorney Investigations Collection,ace-attorney-investigations-collection,87.0,6,80.1,10,2024,2020,"Puzzle, Adventure, Visual Novel","PlayStation 4, PC (Microsoft Windows), Xbox One, Nintendo Switch"
147184,Anger Foot,anger-foot,87.0,5,69.9,18,2024,2020,"Shooter, Hack and slash/Beat 'em up, Indie","PC (Microsoft Windows), PlayStation 5"
228528,Bayonetta Origins: Cereza and the Lost Demon,bayonetta-origins-cereza-and-the-lost-demon,87.0,5,73.5,12,2023,2020,"Puzzle, Adventure",Nintendo Switch
21,BioShock 2,bioshock-2,87.0,6,80.9,1109,2010,2010,"Shooter, Puzzle, Role-playing (RPG), Adventure","PlayStation 3, PC (Microsoft Windows), Mac, Xbox 360"
305017,Cairn,cairn--3,87.0,3,83.2,36,2026,2020,"Simulator, Sport, Adventure, Indie","Nintendo Switch 2, PC (Microsoft Windows), PlayStation 5"
305152,Clair Obscur: Expedition 33,clair-obscur-expedition-33,87.0,5,92.0,959,2025,2020,"Role-playing (RPG), Turn-based strategy (TBS), Adventure, Indie","Xbox Series X|S, PC (Microsoft Windows), PlayStation 5"
19910,Dance Central 3,dance-central-3,87.0,5,60.7,9,2012,2010,Music,Xbox 360
81085,Dark Souls: Remastered,dark-souls-remastered,87.0,14,87.1,563,2018,2010,"Role-playing (RPG), Adventure","PlayStation 4, PC (Microsoft Windows), Xbox One, Nintendo Switch"
145099,Death's Door,deaths-door,87.0,11,81.4,190,2021,2020,"Role-playing (RPG), Hack and slash/Beat 'em up, Adventure, Indie","Xbox Series X|S, PlayStation 4, Android, PC (Microsoft Windows), iOS, PlayStation 5, Xbox One, Nintendo Switch"
7351,Doom,doom--2,87.0,28,85.1,1921,2016,2010,Shooter,"PlayStation 4, PC (Microsoft Windows), Xbox One"
149980,Dragon Quest III HD-2D Remake,dragon-quest-iii-hd-2d-remake,87.0,7,74.5,17,2024,2020,"Role-playing (RPG), Adventure","Xbox Series X|S, Nintendo Switch 2, PC (Microsoft Windows), PlayStation 5, Nintendo Switch"
10229,Fire Emblem Fates: Special Edition,fire-emblem-fates-special-edition,87.0,9,79.7,35,2016,2010,"Role-playing (RPG), Strategy, Turn-based strategy (TBS), Tactical",Nintendo 3DS
25310,MLB The Show 17,mlb-the-show-17,87.0,9,80.0,7,2017,2010,Sport,PlayStation 4
250634,Metal Gear Solid Delta: Snake Eater,metal-gear-solid-delta-snake-eater,87.0,8,88.3,57,2025,2020,"Shooter, Tactical, Adventure","Xbox Series X|S, PC (Microsoft Windows), PlayStation 5"
353901,NBA 2K26,nba-2k26,87.0,3,73.2,15,2025,2020,"Simulator, Sport","Xbox Series X|S, PlayStation 4, Nintendo Switch 2, PC (Microsoft Windows), PlayStation 5, Xbox One, Nintendo Switch"
4037,NBA Street V3,nba-street-v3,87.0,3,72.8,24,2005,2000,Sport,"Xbox, PlayStation 2"
952,NHL 12,nhl-12,87.0,5,79.8,22,2011,2010,Sport,"PlayStation 3, Xbox 360"
119341,Pistol Whip,pistol-whip,87.0,3,78.1,23,2019,2010,"Shooter, Music, Indie, Arcade","Oculus VR, Meta Quest 2, PlayStation VR2, PlayStation VR, SteamVR, Oculus Rift, Oculus Quest"
2139,Renegade Ops,renegade-ops,87.0,4,63.9,34,2011,2010,Shooter,"PlayStation 3, PC (Microsoft Windows), Xbox 360"
1278,Resistance: Fall of Man,resistance-fall-of-man,87.0,3,70.8,125,2006,2000,"Shooter, Adventure",PlayStation 3
7323,Rise of the Tomb Raider,rise-of-the-tomb-raider,87.0,25,81.4,1347,2015,2010,"Shooter, Adventure","Google Stadia, PlayStation 4, Linux, PlayStation VR, PC (Microsoft Windows), Mac, Xbox 360, Xbox One"
4179,SSX,ssx--1,87.0,3,79.9,32,2012,2010,"Racing, Sport","PlayStation 3, Android, Xbox 360"
2585,Skate,skate,87.0,5,83.1,72,2007,2000,"Simulator, Sport","PlayStation 3, Xbox 360"
75239,Spelunky 2,spelunky-2,87.0,10,77.4,58,2020,2020,"Platform, Adventure, Indie","Xbox Series X|S, PlayStation 4, PC (Microsoft Windows), PlayStation 5, Xbox One, Nintendo Switch"
74155,Street Fighter V: Arcade Edition,street-fighter-v-arcade-edition,87.0,5,71.2,12,2018,2010,"Fighting, Arcade","PlayStation 4, PC (Microsoft Windows)"
26940,The Banner Saga 3,the-banner-saga-3,87.0,9,88.0,63,2018,2010,"Role-playing (RPG), Simulator, Strategy, Turn-based strategy (TBS), Tactical, Indie","PlayStation 4, Android, PC (Microsoft Windows), iOS, Mac, Xbox One, Nintendo Switch"
71628,The Messenger,the-messenger,87.0,8,79.3,194,2018,2010,"Platform, Adventure, Indie, Arcade","PlayStation 4, PC (Microsoft Windows), PlayStation 5, Xbox One, Nintendo Switch"
114942,The Walking Dead: Season One - Episode 3: Long Road Ahead,the-walking-dead-season-one-episode-3-long-road-ahead,87.0,4,90.1,13,2012,2010,Point-and-click,"PlayStation 3, PlayStation 4, Android, PC (Microsoft Windows), iOS, Mac, PlayStation Vita, Xbox 360, Xbox One, Nintendo Switch"
9567,TowerFall Ascension,towerfall-ascension,87.0,6,75.9,90,2014,2010,"Platform, Indie","PlayStation 4, Ouya, Linux, PC (Microsoft Windows), Mac, PlayStation Vita, Xbox One"
11793,Valkyrie Profile 2: Silmeria,valkyrie-profile-2-silmeria,87.0,3,79.9,14,2006,2000,Role-playing (RPG),PlayStation 2
11233,What Remains of Edith Finch,what-remains-of-edith-finch,87.0,21,83.6,990,2017,2010,"Puzzle, Adventure, Indie","Xbox Series X|S, PlayStation 4, PC (Microsoft Windows), iOS, PlayStation 5, Mac, Xbox One, Nintendo Switch"
24920,Call of Duty: Modern Warfare Remastered,call-of-duty-modern-warfare-remastered,86.9,9,78.4,257,2016,2010,Shooter,"PlayStation 4, PC (Microsoft Windows), Xbox One"
9061,Cuphead,cuphead,86.9,17,84.8,917,2017,2010,"Shooter, Platform, Adventure, Indie, Arcade","PlayStation 4, PC (Microsoft Windows), Mac, Xbox One, Nintendo Switch"
14723,Final Fantasy XIV: Heavensward,final-fantasy-xiv-heavensward,86.9,9,88.2,65,2015,2010,Role-playing (RPG),"Xbox Series X|S, PlayStation 3, PlayStation 4, Nintendo Switch 2, PC (Microsoft Windows), PlayStation 5, Mac"
11147,Rare Replay,rare-replay,86.9,14,78.1,29,2015,2010,"Fighting, Shooter, Platform, Puzzle, Racing, Simulator, Sport, Hack and slash/Beat 'em up, Quiz/Trivia, Adventure, Arcade",Xbox One
3088,Rocksmith 2014,rocksmith-2014,86.9,9,87.9,44,2013,2010,Music,"PlayStation 3, PlayStation 4, PC (Microsoft Windows), Mac, Xbox 360, Xbox One"
7729,Sound Shapes,sound-shapes,86.9,9,73.9,45,2012,2010,"Music, Platform, Puzzle, Strategy","PlayStation 3, PlayStation 4, PlayStation Vita"
127058,The Walking Dead: Season Two - Episode 2: A House Divided,the-walking-dead-season-two-episode-2-a-house-divided,86.9,8,80.0,6,2014,2010,"Point-and-click, Adventure","PlayStation 3, PlayStation 4, PC (Microsoft Windows), iOS, Mac, PlayStation Vita, Xbox 360, Xbox One"
82117,Two Point Hospital,two-point-hospital,86.9,10,76.1,144,2018,2010,"Simulator, Strategy, Indie","Xbox Series X|S, PlayStation 4, Linux, Nintendo Switch 2, PC (Microsoft Windows), PlayStation 5, Mac, Xbox One, Nintendo Switch"
8222,Dark Souls II: Scholar of the First Sin,dark-souls-ii-scholar-of-the-first-sin,86.8,9,83.4,446,2015,2010,"Role-playing (RPG), Adventure","PlayStation 3, PlayStation 4, PC (Microsoft Windows), Xbox 360, Xbox One"
115851,F.I.S.T.: Forged In Shadow Torch,f-dot-i-s-dot-t-forged-in-shadow-torch,86.8,6,61.8,38,2021,2020,"Platform, Role-playing (RPG), Simulator, Adventure, Indie","Xbox Series X|S, PlayStation 4, PC (Microsoft Windows), PlayStation 5, Xbox One, Nintendo Switch"
101006,Gran Turismo 7,gran-turismo-7,86.8,8,80.8,96,2022,2020,"Racing, Simulator, Sport","PlayStation VR2, PlayStation 4, PlayStation 5"
18181,Monster Hunter Generations,monster-hunter-generations,86.8,19,79.7,31,2015,2010,"Role-playing (RPG), Hack and slash/Beat 'em up, Adventure",Nintendo 3DS
2194,Punch-Out!!,punch-out,86.8,5,84.9,52,2009,2000,"Fighting, Sport, Adventure","Wii, Wii U"
55163,Resident Evil Village,resident-evil-village,86.8,15,84.0,596,2021,2020,"Shooter, Adventure","Google Stadia, Xbox Series X|S, PlayStation 4, Nintendo Switch 2, PC (Microsoft Windows), iOS, PlayStation 5, Mac, Xbox One"
94873,Sonic Mania Plus,sonic-mania-plus,86.8,9,95.6,58,2018,2010,Platform,"PlayStation 4, Android, PC (Microsoft Windows), iOS, Xbox One, Nintendo Switch"
26193,Uncharted: The Lost Legacy,uncharted-the-lost-legacy,86.8,22,82.3,538,2017,2010,"Shooter, Puzzle, Adventure",PlayStation 4
942,World of Goo,world-of-goo,86.8,4,79.6,339,2008,2000,"Puzzle, Simulator, Strategy, Indie","Linux, Wii, Windows Phone, Android, PC (Microsoft Windows), iOS, Mac, Nintendo Switch"
2260,Boom Blox Bash Party,boom-blox-bash-party,86.7,3,78.0,4,2009,2000,Puzzle,Wii
2853,Braid,braid,86.7,3,84.8,613,2008,2000,"Platform, Puzzle, Strategy, Adventure, Indie","PlayStation 3, Linux, PC (Microsoft Windows), Mac, Xbox 360"
621,Call of Duty,call-of-duty,86.7,3,81.1,851,2003,2000,Shooter,"PC (Microsoft Windows), Mac"
138932,Devil May Cry 5: Special Edition,devil-may-cry-5-special-edition,86.7,3,85.5,20,2020,2020,"Hack and slash/Beat 'em up, Adventure","Xbox Series X|S, PlayStation 5"
302704,Doom: The Dark Ages,doom-the-dark-ages,86.7,6,82.3,157,2025,2020,Shooter,"Xbox Series X|S, PC (Microsoft Windows), PlayStation 5"
11488,Dropsy,dropsy,86.7,3,78.2,27,2015,2010,"Point-and-click, Puzzle, Adventure, Indie","Linux, Android, PC (Microsoft Windows), iOS, Mac, Nintendo Switch"
152030,Dying Light: Platinum Edition,dying-light-platinum-edition,86.7,3,,,2021,2020,"Shooter, Role-playing (RPG)","PlayStation 4, PC (Microsoft Windows), Xbox One, Nintendo Switch"
1601,Gran Turismo 4,gran-turismo-4,86.7,3,85.5,171,2004,2000,"Racing, Simulator",PlayStation 2
740,Halo: Combat Evolved,halo-combat-evolved,86.7,3,83.2,925,2001,2000,Shooter,"Xbox, PC (Microsoft Windows), Mac, Xbox 360"
18264,Lock's Quest,locks-quest,86.7,3,50.0,4,2008,2000,"Real Time Strategy (RTS), Role-playing (RPG), Strategy, Indie",Nintendo DS
1110,Metroid Prime Hunters,metroid-prime-hunters,86.7,3,70.0,57,2006,2000,"Shooter, Platform, Adventure","Wii U, Nintendo DS"
279661,Monster Hunter Wilds,monster-hunter-wilds,86.7,6,83.8,70,2025,2020,"Role-playing (RPG), Hack and slash/Beat 'em up, Adventure","Xbox Series X|S, Nintendo Switch 2, PC (Microsoft Windows), PlayStation 5"
11051,Mushihimesama,mushihimesama,86.7,3,84.6,10,2004,2000,"Shooter, Arcade","Arcade, iOS, PlayStation 2"
145782,OlliOlli World,olliolli-world,86.7,10,58.2,29,2022,2020,"Platform, Sport, Indie, Arcade","Xbox Series X|S, PlayStation 4, PC (Microsoft Windows), PlayStation 5, Xbox One, Nintendo Switch"
9523,OlliOlli2: Welcome to Olliwood,olliolli2-welcome-to-olliwood,86.7,9,70.2,31,2015,2010,"Platform, Sport, Indie","PlayStation 3, PlayStation 4, Linux, PC (Microsoft Windows), Mac, PlayStation Vita, Xbox One"
159553,Once Upon a Jester,once-upon-a-jester,86.7,3,,,2022,2020,"Music, Platform, Puzzle, Adventure, Indie, Arcade","Xbox Series X|S, PC (Microsoft Windows), PlayStation 5, Nintendo Switch"
3751,Peggle,peggle,86.7,3,74.0,118,2007,2000,"Puzzle, Arcade","Windows Mobile, BlackBerry OS, Zeebo, PlayStation 3, Android, PC (Microsoft Windows), iOS, Mac, PlayStation Portable, Xbox 360, Legacy Mobile Device"
355,Quake III Arena,quake-iii-arena,86.7,3,82.5,419,1999,1990,Shooter,"Linux, PC (Microsoft Windows), Mac, Xbox 360, Dreamcast, PlayStation 2"
115278,Rune Factory 4 Special,rune-factory-4-special,86.7,3,86.2,17,2019,2010,"Role-playing (RPG), Simulator","PlayStation 4, PC (Microsoft Windows), Xbox One, Nintendo Switch"
145060,Shadow Tactics: Blades of the Shogun - Aiko’s Choice,shadow-tactics-blades-of-the-shogun-aikos-choice,86.7,3,80.2,20,2021,2020,"Puzzle, Real Time Strategy (RTS), Strategy, Tactical, Adventure, Indie","Xbox Series X|S, Nintendo Switch 2, PC (Microsoft Windows), PlayStation 5"
20062,Surge Deluxe,surge-deluxe,86.7,3,,,2014,2010,Puzzle,PlayStation Vita
95010,Tales from the Borderlands: Episode 2 - Atlas Mugged,tales-from-the-borderlands-episode-2-atlas-mugged,86.7,3,,,2015,2010,"Point-and-click, Adventure","PlayStation 3, PlayStation 4, Android, PC (Microsoft Windows), iOS, Xbox 360, Xbox One"
774,The Lord of the Rings Online: Mines of Moria,the-lord-of-the-rings-online-mines-of-moria,86.7,3,79.7,16,2008,2000,"Role-playing (RPG), Adventure","PC (Microsoft Windows), Mac"
141704,Venba,venba,86.7,3,73.0,60,2023,2020,"Puzzle, Simulator, Adventure, Indie, Visual Novel","Xbox Series X|S, PC (Microsoft Windows), PlayStation 5, Mac, Xbox One, Nintendo Switch"
198157,World of Warcraft: Dragonflight,world-of-warcraft-dragonflight,86.7,3,84.0,36,2022,2020,Role-playing (RPG),"PC (Microsoft Windows), Mac"
6171,Year Walk,year-walk,86.7,3,74.5,47,2013,2010,"Point-and-click, Puzzle, Role-playing (RPG), Adventure, Indie","PC (Microsoft Windows), iOS, Mac"
228542,Armored Core VI: Fires of Rubicon,armored-core-vi-fires-of-rubicon,86.6,7,80.2,107,2023,2020,Shooter,"Xbox Series X|S, PlayStation 4, PC (Microsoft Windows), PlayStation 5, Xbox One"
17783,Assassin's Creed Origins: The Curse of the Pharaohs,assassins-creed-origins-the-curse-of-the-pharaohs,86.6,5,80.8,48,2018,2010,"Role-playing (RPG), Adventure","Xbox Series X|S, PlayStation 4, PC (Microsoft Windows), PlayStation 5, Xbox One"
103287,Cuphead: The Delicious Last Course,cuphead-the-delicious-last-course,86.6,5,87.1,52,2022,2020,"Shooter, Platform, Adventure, Indie, Arcade","PlayStation 4, PC (Microsoft Windows), Mac, Xbox One, Nintendo Switch"
5082,Divinity: Original Sin,divinity-original-sin,86.6,9,84.6,251,2014,2010,"Puzzle, Role-playing (RPG), Turn-based strategy (TBS), Adventure, Indie","PC (Microsoft Windows), Mac"
1819,Dragon Quest VIII: Journey of the Cursed King,dragon-quest-viii-journey-of-the-cursed-king,86.6,12,87.2,117,2004,2000,"Role-playing (RPG), Strategy, Adventure",PlayStation 2
121762,Everspace 2,everspace-2,86.6,5,63.6,18,2023,2020,"Shooter, Role-playing (RPG), Simulator, Adventure, Indie","Xbox Series X|S, PC (Microsoft Windows), PlayStation 5, Mac"
3102,Kerbal Space Program,kerbal-space-program,86.6,7,85.3,209,2015,2010,"Simulator, Indie","PlayStation 4, Linux, PC (Microsoft Windows), Mac, Wii U, Xbox One, Nintendo Switch"
125013,MLB The Show 20,mlb-the-show-20,86.6,5,80.0,9,2020,2020,Sport,PlayStation 4
866,Sid Meier's Civilization V,sid-meier-s-civilization-v,86.6,5,85.1,1166,2010,2010,"Simulator, Strategy, Turn-based strategy (TBS)","Linux, PC (Microsoft Windows), Mac"
222341,Silent Hill 2,silent-hill-2--1,86.6,5,90.6,293,2024,2020,"Puzzle, Adventure","Xbox Series X|S, PC (Microsoft Windows), PlayStation 5"
90101,Super Smash Bros. Ultimate,super-smash-bros-ultimate,86.6,15,86.6,942,2018,2010,"Fighting, Platform",Nintendo Switch
204634,The Alters,the-alters,86.6,5,80.1,85,2025,2020,"Simulator, Adventure","Xbox Series X|S, PC (Microsoft Windows), PlayStation 5"
115284,The Legend of Zelda: Link's Awakening,the-legend-of-zelda-links-awakening--1,86.6,14,82.5,307,2019,2010,"Puzzle, Adventure","Nintendo Switch 2, Nintendo Switch"
314246,Borderlands 4,borderlands-4,86.5,4,58.3,58,2025,2020,"Shooter, Role-playing (RPG), Adventure","Xbox Series X|S, Nintendo Switch 2, PC (Microsoft Windows), PlayStation 5"
471,Crysis 2,crysis-2,86.5,9,77.2,640,2011,2010,"Shooter, Adventure","PlayStation 3, PC (Microsoft Windows), Xbox 360"
329146,EA Sports College Football 26,ea-sports-college-football-26,86.5,4,79.4,10,2025,2020,"Simulator, Sport","Xbox Series X|S, PlayStation 5"
19459,FIFA 17,fifa-17,86.5,19,75.8,260,2016,2010,Sport,"PlayStation 4, PC (Microsoft Windows), Xbox One"
268842,Horizon Forbidden West: Complete Edition,horizon-forbidden-west-complete-edition,86.5,4,89.5,27,2023,2020,"Role-playing (RPG), Adventure","PC (Microsoft Windows), PlayStation 5"
3725,Kirby's Return to Dream Land,kirbys-return-to-dream-land,86.5,4,86.3,73,2011,2010,"Platform, Adventure","Wii, Wii U"
21697,Mass Effect 3: Special Edition,mass-effect-3-special-edition,86.5,4,,,2012,2010,"Shooter, Role-playing (RPG), Adventure",Wii U
5097,Phantom Brave,phantom-brave,86.5,4,49.7,5,2004,2000,"Role-playing (RPG), Strategy, Tactical, Adventure","Wii, PC (Microsoft Windows), PlayStation Portable, PlayStation 2"
3205,Resistance 2,resistance-2,86.5,8,73.2,110,2008,2000,Shooter,PlayStation 3
279630,Shinobi: Art of Vengeance,shinobi-art-of-vengeance,86.5,6,90.7,21,2025,2020,"Platform, Hack and slash/Beat 'em up","Xbox Series X|S, PlayStation 4, Nintendo Switch 2, PC (Microsoft Windows), PlayStation 5, Xbox One, Nintendo Switch"
1708,WarioWare D.I.Y.,warioware-d-i-y,86.5,3,76.7,13,2009,2000,"Puzzle, Arcade",Nintendo DS
36952,Wolfenstein II: The New Colossus,wolfenstein-ii-the-new-colossus,86.5,22,81.5,638,2017,2010,"Shooter, Adventure","PlayStation 4, PC (Microsoft Windows), Xbox One, Nintendo Switch"
2680,DJ Hero 2,dj-hero-2,86.4,7,81.8,18,2010,2010,Music,"PlayStation 3, Wii, Xbox 360"
6801,Far Cry 4,far-cry-4,86.4,19,75.8,1165,2014,2010,"Shooter, Tactical, Adventure","Google Stadia, Xbox Series X|S, PlayStation 3, PlayStation 4, PC (Microsoft Windows), PlayStation 5, Xbox 360, Xbox One"
7326,Forza Horizon 2,forza-horizon-2,86.4,17,82.6,134,2014,2010,"Racing, Simulator","Xbox 360, Xbox One"
19470,Injustice 2,injustice-2,86.4,18,80.9,250,2017,2010,Fighting,"PlayStation 4, PC (Microsoft Windows), Xbox One"
358525,Monster Hunter Stories 3: Twisted Reflection,monster-hunter-stories-3-twisted-reflection,86.4,5,,,2026,2020,"Role-playing (RPG), Adventure","Xbox Series X|S, Nintendo Switch 2, PC (Microsoft Windows), PlayStation 5"
222343,Silent Hill f,silent-hill-f,86.4,5,71.0,119,2025,2020,"Puzzle, Adventure","Xbox Series X|S, PC (Microsoft Windows), PlayStation 5"
117170,Stellar Blade,stellar-blade,86.4,8,81.5,158,2024,2020,"Role-playing (RPG), Hack and slash/Beat 'em up, Adventure","Nintendo Switch 2, PC (Microsoft Windows), PlayStation 5"
7606,Tearaway: Unfolded,tearaway-unfolded,86.4,11,76.1,40,2015,2010,"Platform, Adventure",PlayStation 4
37060,XCOM 2: War of the Chosen,xcom-2-war-of-the-chosen,86.4,7,85.6,82,2017,2010,"Simulator, Strategy, Turn-based strategy (TBS)","PlayStation 4, Linux, PC (Microsoft Windows), Mac, Xbox One"
9553,Xenoblade Chronicles 3D,xenoblade-chronicles-3d,86.4,11,79.9,11,2015,2010,"Role-playing (RPG), Adventure","Nintendo 3DS, New Nintendo 3DS"
91477,Before Your Eyes,before-your-eyes,86.3,6,81.7,81,2021,2020,"Adventure, Indie","Android, PC (Microsoft Windows), iOS, Mac"
17907,Chime Sharp,chime-sharp,86.3,3,70.0,3,2015,2010,"Music, Puzzle, Arcade","PlayStation 4, Linux, PC (Microsoft Windows), Mac, Xbox One, Nintendo Switch"
119342,Chivalry 2,chivalry-2,86.3,3,79.6,56,2021,2020,"Fighting, Tactical, Hack and slash/Beat 'em up, Indie","Xbox Series X|S, PlayStation 4, PC (Microsoft Windows), PlayStation 5, Xbox One"
236660,Ghost Trick: Phantom Detective,ghost-trick-phantom-detective--1,86.3,6,94.6,20,2023,2020,"Point-and-click, Puzzle, Adventure","PlayStation 4, Android, PC (Microsoft Windows), iOS, Xbox One, Nintendo Switch"
8862,Guacamelee! Super Turbo Championship Edition,guacamelee-super-turbo-championship-edition,86.3,6,80.6,130,2014,2010,"Platform, Hack and slash/Beat 'em up, Adventure, Indie","PlayStation 4, PC (Microsoft Windows), Wii U, Xbox 360, Xbox One, Nintendo Switch"
523,Infamous,infamous,86.3,8,76.4,362,2009,2000,"Shooter, Platform, Adventure",PlayStation 3
252836,Jusant,jusant,86.3,3,74.2,95,2023,2020,"Platform, Puzzle, Adventure","Xbox Series X|S, PC (Microsoft Windows), PlayStation 5"
347118,Lumines Arise,lumines-arise,86.3,3,,,2025,2020,"Music, Puzzle, Indie, Arcade","PlayStation VR2, PC (Microsoft Windows), SteamVR, PlayStation 5"
7373,MLB 11: The Show,mlb-11-the-show,86.3,6,,,2011,2010,"Simulator, Sport","PlayStation 3, PlayStation Vita, PlayStation Portable, PlayStation 2"
1111,Metroid Prime 3: Corruption,metroid-prime-3-corruption,86.3,4,87.6,140,2007,2000,"Shooter, Platform, Adventure",Wii
138951,Monster Hunter Stories 2: Wings of Ruin,monster-hunter-stories-2-wings-of-ruin,86.3,11,79.8,30,2021,2020,"Role-playing (RPG), Adventure","PlayStation 4, PC (Microsoft Windows), Xbox One, Nintendo Switch"
7112,NCAA Football 11,ncaa-football-11,86.3,3,70.0,8,2010,2010,"Simulator, Sport","PlayStation 3, iOS, Xbox 360, PlayStation 2"
14748,Ni no Kuni II: Revenant Kingdom,ni-no-kuni-ii-revenant-kingdom--1,86.3,14,75.8,133,2018,2010,"Role-playing (RPG), Adventure","PlayStation 4, PC (Microsoft Windows), Xbox One, Nintendo Switch"
21070,Oddworld: Stranger's Wrath HD,oddworld-strangers-wrath-hd,86.3,4,73.3,13,2011,2010,"Shooter, Strategy, Adventure, Indie","PlayStation 3, PlayStation 4, PC (Microsoft Windows), Mac, PlayStation Vita, Xbox One, Nintendo Switch"
2355,Orcs Must Die!,orcs-must-die--1,86.3,4,70.9,116,2011,2010,"Shooter, Strategy, Indie","PC (Microsoft Windows), Xbox 360"
19456,Ori and the Blind Forest: Definitive Edition,ori-and-the-blind-forest-definitive-edition,86.3,7,85.7,316,2016,2010,"Platform, Adventure","PC (Microsoft Windows), Xbox One, Nintendo Switch"
347119,Romeo is a Dead Man,romeo-is-a-dead-man,86.3,4,79.6,8,2026,2020,"Shooter, Hack and slash/Beat 'em up, Adventure","Xbox Series X|S, PC (Microsoft Windows), PlayStation 5"
19085,Shadow Tactics: Blades of the Shogun,shadow-tactics-blades-of-the-shogun,86.3,12,82.5,186,2016,2010,"Real Time Strategy (RTS), Simulator, Strategy, Tactical, Indie","PlayStation 4, Linux, Nintendo Switch 2, PC (Microsoft Windows), PlayStation 5, Mac, Xbox One"
3954,The Incredible Hulk: Ultimate Destruction,the-incredible-hulk-ultimate-destruction,86.3,3,75.7,27,2005,2000,Hack and slash/Beat 'em up,"Xbox, Nintendo GameCube, PlayStation 2"
107300,Thronebreaker: The Witcher Tales,thronebreaker-the-witcher-tales,86.3,8,84.9,186,2018,2010,"Puzzle, Role-playing (RPG), Strategy, Turn-based strategy (TBS), Adventure, Card & Board Game","PlayStation 4, Android, PC (Microsoft Windows), iOS, Xbox One, Nintendo Switch"
2149,Trials Evolution,trials-evolution,86.3,8,77.8,52,2012,2010,"Platform, Racing","PC (Microsoft Windows), Xbox 360"
68353,Unicorn Overlord,unicorn-overlord--1,86.3,4,83.7,35,2024,2020,"Role-playing (RPG), Strategy, Turn-based strategy (TBS), Tactical","Xbox Series X|S, PlayStation 4, PlayStation 5, Nintendo Switch"
305019,Wanderstop,wanderstop,86.3,4,79.9,12,2025,2020,"Simulator, Adventure, Indie","Xbox Series X|S, Nintendo Switch 2, PC (Microsoft Windows), PlayStation 5, Nintendo Switch"
257,"Warhammer 40,000: Dawn of War",warhammer-40-000-dawn-of-war,86.3,4,85.2,211,2004,2000,"Real Time Strategy (RTS), Strategy",PC (Microsoft Windows)
123,World of Warcraft,world-of-warcraft,86.3,8,83.7,892,2004,2000,"Role-playing (RPG), Adventure","PC (Microsoft Windows), Mac"
14144,Final Fantasy X/X-2 HD Remaster,final-fantasy-x-slash-x-2-hd-remaster,86.2,21,84.8,88,2013,2010,Role-playing (RPG),"PlayStation 3, PlayStation 4, Nintendo Switch 2, PC (Microsoft Windows), PlayStation Vita, Xbox One, Nintendo Switch"
23248,Frostpunk,frostpunk,86.2,9,83.8,431,2018,2010,"Simulator, Strategy, Indie","PlayStation 4, PC (Microsoft Windows), Mac, Xbox One"
233585,Hi-Fi Rush,hi-fi-rush,86.2,6,85.2,190,2023,2020,"Music, Platform, Hack and slash/Beat 'em up, Adventure","Xbox Series X|S, PC (Microsoft Windows), PlayStation 5"
1384,Hotline Miami,hotline-miami,86.2,10,83.0,1263,2012,2010,"Shooter, Indie, Arcade","Google Stadia, Xbox Series X|S, PlayStation 3, PlayStation 4, Linux, Android, PC (Microsoft Windows), PlayStation 5, Mac, PlayStation Vita, Xbox One, Nintendo Switch"
134560,Metal: Hellsinger,metal-hellsinger,86.2,6,77.8,88,2022,2020,"Shooter, Music, Adventure","Xbox Series X|S, PlayStation 4, PC (Microsoft Windows), PlayStation 5, Xbox One"
2241,Pikmin 3,pikmin-3,86.2,9,79.1,81,2013,2010,"Real Time Strategy (RTS), Adventure",Wii U
11133,Dark Souls III,dark-souls-iii,86.1,26,87.2,1965,2016,2010,"Role-playing (RPG), Adventure","PlayStation 4, PC (Microsoft Windows), Xbox One"
103298,Doom Eternal,doom-eternal,86.1,14,84.7,760,2020,2020,Shooter,"Google Stadia, Xbox Series X|S, PlayStation 4, PC (Microsoft Windows), PlayStation 5, Xbox One, Nintendo Switch"
1820,Dragon Quest IX: Sentinels of the Starry Skies,dragon-quest-ix-sentinels-of-the-starry-skies,86.1,5,85.1,55,2009,2000,"Role-playing (RPG), Turn-based strategy (TBS), Adventure",Nintendo DS
36872,Forza Motorsport 7,forza-motorsport-7,86.1,14,75.9,71,2017,2010,"Racing, Simulator","PC (Microsoft Windows), Xbox One"
8739,Monaco: What's Yours Is Mine,monaco-whats-yours-is-mine,86.1,9,68.7,57,2013,2010,"Puzzle, Strategy, Adventure, Indie","Linux, PC (Microsoft Windows), Mac, Xbox 360, Nintendo Switch"
136498,Pikmin 3 Deluxe,pikmin-3-deluxe,86.1,11,77.9,28,2020,2020,"Real Time Strategy (RTS), Adventure","Nintendo Switch 2, Nintendo Switch"
18822,Pyre,pyre,86.1,18,81.5,131,2017,2010,"Role-playing (RPG), Adventure, Indie, Visual Novel","PlayStation 4, Linux, PC (Microsoft Windows), Mac"
9621,Super Smash Bros. for Nintendo 3DS,super-smash-bros-for-nintendo-3ds,86.1,15,75.8,197,2014,2010,"Fighting, Platform",Nintendo 3DS
36550,Yakuza: Like a Dragon,yakuza-like-a-dragon,86.1,16,84.0,175,2020,2020,"Role-playing (RPG), Adventure","Xbox Series X|S, PlayStation 4, PC (Microsoft Windows), PlayStation 5, Xbox One"
119259,Yooka-Laylee and the Impossible Lair,yooka-laylee-and-the-impossible-lair,86.1,9,71.0,35,2019,2010,"Platform, Puzzle, Adventure, Indie","PlayStation 4, PC (Microsoft Windows), Xbox One, Nintendo Switch"
1100,Donkey Kong Country Returns,donkey-kong-country-returns,86.0,7,82.8,190,2010,2010,Platform,"Wii, Wii U"
280,Doom 3,doom-3,86.0,6,79.2,440,2004,2000,Shooter,"Xbox, Linux, PC (Microsoft Windows), Mac"
306144,Dragon Quest I & II HD-2D Remake,dragon-quest-i-and-ii-hd-2d-remake,86.0,5,83.7,6,2025,2020,"Role-playing (RPG), Adventure","Xbox Series X|S, Nintendo Switch 2, PC (Microsoft Windows), PlayStation 5, Nintendo Switch"
172021,EA Sports College Football 25,ea-sports-college-football-25,86.0,3,83.2,9,2024,2020,"Simulator, Sport","Xbox Series X|S, PlayStation 5"
217550,Fire Emblem Engage,fire-emblem-engage,86.0,5,78.0,54,2023,2020,"Role-playing (RPG), Strategy, Turn-based strategy (TBS), Tactical, Adventure",Nintendo Switch
26495,Forza Horizon 3: Blizzard Mountain,forza-horizon-3-blizzard-mountain,86.0,4,79.9,5,2016,2010,Racing,"PC (Microsoft Windows), Xbox One"
7348,Halo: The Master Chief Collection,halo-the-master-chief-collection,86.0,16,85.8,298,2014,2010,Shooter,"Xbox Series X|S, PC (Microsoft Windows), Xbox One"
143615,Knockout City,knockout-city,86.0,9,76.3,42,2021,2020,"Fighting, Sport","Xbox Series X|S, PlayStation 4, PC (Microsoft Windows), PlayStation 5, Xbox One, Nintendo Switch"
4986,Madden NFL 11,madden-nfl-11,86.0,4,79.8,11,2010,2010,"Simulator, Sport","PlayStation 3, Xbox 360"
5065,NCAA Football 09,ncaa-football-09,86.0,3,76.0,6,2008,2000,"Simulator, Sport","PlayStation 3, PlayStation Portable, Xbox 360, PlayStation 2"
325580,Ninja Gaiden: Ragebound,ninja-gaiden-ragebound,86.0,7,85.5,31,2025,2020,"Platform, Hack and slash/Beat 'em up, Adventure, Indie, Arcade","Xbox Series X|S, PlayStation 4, PC (Microsoft Windows), PlayStation 5, Xbox One, Nintendo Switch"
132165,Observer: System Redux,observer-system-redux,86.0,6,79.2,33,2020,2020,"Puzzle, Adventure, Indie","Xbox Series X|S, PlayStation 4, Nintendo Switch 2, PC (Microsoft Windows), PlayStation 5, Xbox One"
18100,Pokémon Sun,pokemon-sun,86.0,19,73.9,245,2016,2010,"Role-playing (RPG), Strategy, Turn-based strategy (TBS), Adventure",Nintendo 3DS
379262,Psyvariar 3,psyvariar-3,86.0,3,,,2026,2020,"Shooter, Arcade","Xbox Series X|S, Nintendo Switch 2, PC (Microsoft Windows), PlayStation 5, Nintendo Switch"
3221,Rogue Legacy,rogue-legacy,86.0,11,75.7,352,2013,2010,"Platform, Puzzle, Role-playing (RPG), Adventure, Indie","PlayStation 3, PlayStation 4, Linux, PC (Microsoft Windows), Mac, PlayStation Vita, Xbox One, Nintendo Switch"
10502,Sid Meier's Civilization: Beyond Earth - Rising Tide,sid-meiers-civilization-beyond-earth-rising-tide,86.0,3,54.3,7,2015,2010,"Strategy, Turn-based strategy (TBS)","Linux, PC (Microsoft Windows), Mac"
11179,Skullgirls: 2nd Encore,skullgirls-2nd-encore,86.0,5,73.3,31,2015,2010,"Fighting, Indie, Arcade","Arcade, PlayStation 4, Linux, PC (Microsoft Windows), Mac, PlayStation Vita, Xbox One, Nintendo Switch"
1568,SoulCalibur: Broken Destiny,soulcalibur-broken-destiny,86.0,3,69.2,16,2009,2000,Fighting,PlayStation Portable
134324,Tchia,tchia--1,86.0,4,64.2,21,2023,2020,"Adventure, Indie","Xbox Series X|S, PlayStation 4, PC (Microsoft Windows), PlayStation 5, Xbox One, Nintendo Switch"
7504,The Forest,the-forest,86.0,4,70.3,393,2018,2010,"Puzzle, Simulator, Adventure, Indie","PlayStation 4, PC (Microsoft Windows), SteamVR"
280573,The Legend of Heroes: Trails Beyond the Horizon,the-legend-of-heroes-trails-beyond-the-horizon--1,86.0,3,99.8,6,2024,2020,"Role-playing (RPG), Turn-based strategy (TBS), Adventure","PlayStation 4, Nintendo Switch 2, PC (Microsoft Windows), PlayStation 5, Nintendo Switch"
25321,The Sims 4: City Living,the-sims-4-city-living,86.0,3,77.2,19,2016,2010,"Role-playing (RPG), Simulator, Adventure","Xbox Series X|S, PlayStation 4, PC (Microsoft Windows), PlayStation 5, Mac, Xbox One"
228463,We Love Katamari Reroll + Royal Reverie,we-love-katamari-reroll-plus-royal-reverie,86.0,4,79.2,36,2023,2020,"Puzzle, Adventure, Arcade","Xbox Series X|S, PlayStation 4, PC (Microsoft Windows), PlayStation 5, Xbox One, Nintendo Switch"
18314,Worms: Open Warfare 2,worms-open-warfare-2,86.0,3,65.5,8,2007,2000,Strategy,"PlayStation Portable, Nintendo DS"
11397,Yakuza 0,yakuza-0,86.0,20,86.1,512,2015,2010,"Role-playing (RPG), Simulator, Hack and slash/Beat 'em up, Adventure","PlayStation 3, PlayStation 4, PC (Microsoft Windows), Xbox One"
28540,Assassin's Creed Origins,assassins-creed-origins,85.9,15,81.4,1101,2017,2010,"Role-playing (RPG), Adventure","Google Stadia, Xbox Series X|S, PlayStation 4, PC (Microsoft Windows), PlayStation 5, Xbox One"
135254,Crash Bandicoot 4: It's About Time,crash-bandicoot-4-its-about-time,85.9,16,81.9,146,2020,2020,Platform,"Xbox Series X|S, PlayStation 4, PC (Microsoft Windows), PlayStation 5, Xbox One, Nintendo Switch"
107218,Desperados III,desperados-iii,85.9,9,85.0,106,2020,2020,"Real Time Strategy (RTS), Simulator, Strategy, Tactical","PlayStation 4, Linux, PC (Microsoft Windows), Mac, Xbox One"
524,Dirt 3,dirt-3,85.9,7,77.5,208,2011,2010,"Racing, Sport","PlayStation 3, PC (Microsoft Windows), Xbox 360"
11118,Dishonored 2,dishonored-2,85.9,20,84.9,797,2016,2010,"Shooter, Role-playing (RPG), Adventure","PlayStation 4, PC (Microsoft Windows), Xbox One"
2923,Donkey Kong Country: Tropical Freeze,donkey-kong-country-tropical-freeze,85.9,12,83.1,154,2014,2010,Platform,Wii U
3133,FIFA Soccer 10,fifa-soccer-10,85.9,7,69.9,111,2009,2000,Sport,"PlayStation 3, Xbox 360"
26625,Final Fantasy XIV: Stormblood,final-fantasy-xiv-stormblood,85.9,16,86.3,53,2017,2010,Role-playing (RPG),"Xbox Series X|S, PlayStation 4, Nintendo Switch 2, PC (Microsoft Windows), PlayStation 5, Mac"
145089,Nobody Saves the World,nobody-saves-the-world,85.9,7,79.6,68,2022,2020,"Role-playing (RPG), Hack and slash/Beat 'em up, Adventure, Indie","Xbox Series X|S, PlayStation 4, PC (Microsoft Windows), PlayStation 5, Xbox One, Nintendo Switch"
2985,Persona 4 Golden,persona-4-golden,85.9,11,94.3,543,2012,2010,"Role-playing (RPG), Adventure",PlayStation Vita
6007,Resogun,resogun,85.9,11,82.9,86,2013,2010,"Shooter, Arcade","PlayStation 3, PlayStation 4, PlayStation Vita"
113114,The Outer Worlds,the-outer-worlds,85.9,15,77.4,644,2019,2010,"Shooter, Role-playing (RPG), Adventure","Xbox Series X|S, PlayStation 4, PC (Microsoft Windows), PlayStation 5, Xbox One, Nintendo Switch"
1269,Darksiders II,darksiders-ii,85.8,16,77.3,298,2012,2010,"Role-playing (RPG), Hack and slash/Beat 'em up, Adventure","PlayStation 3, PC (Microsoft Windows), Wii U, Xbox 360"
90628,Diablo III: Eternal Collection,diablo-iii-eternal-collection,85.8,4,84.0,75,2017,2010,"Role-playing (RPG), Adventure","PlayStation 4, PC (Microsoft Windows), Xbox One, Nintendo Switch"
14709,Etrian Odyssey 2 Untold: The Fafnir Knight,etrian-odyssey-2-untold-the-fafnir-knight,85.8,6,90.1,5,2014,2010,"Role-playing (RPG), Adventure",Nintendo 3DS
522,Fable II,fable-ii,85.8,6,79.3,275,2008,2000,"Role-playing (RPG), Adventure",Xbox 360
11592,Lara Croft Go,lara-croft-go,85.8,5,77.9,98,2015,2010,"Puzzle, Strategy, Turn-based strategy (TBS), Adventure","PlayStation 4, Linux, Windows Phone, Android, PC (Microsoft Windows), iOS, Mac, PlayStation Vita"
13621,Manifold Garden,manifold-garden,85.8,6,80.1,43,2019,2010,"Puzzle, Adventure, Indie","Xbox Series X|S, PlayStation 4, PC (Microsoft Windows), iOS, PlayStation 5, Mac, Xbox One, Nintendo Switch"
389433,Metal Gear Solid Master Collection: Volume 2,metal-gear-solid-master-collection-volume-2--1,85.8,4,,,2026,2020,Adventure,"Xbox Series X|S, Nintendo Switch 2, PC (Microsoft Windows), PlayStation 5, Nintendo Switch"
122559,Mini Motorways,mini-motorways,85.8,4,82.4,46,2019,2010,"Puzzle, Simulator, Strategy, Indie","PC (Microsoft Windows), iOS, Mac, Nintendo Switch"
90011,One Finger Death Punch 2,one-finger-death-punch-2,85.8,6,79.7,14,2019,2010,"Fighting, Hack and slash/Beat 'em up, Indie, Arcade","PlayStation 4, PC (Microsoft Windows), Xbox One, Nintendo Switch"
22704,Orwell: Keeping an Eye on You,orwell-keeping-an-eye-on-you--1,85.8,6,69.5,138,2016,2010,"Simulator, Adventure, Indie, Visual Novel","Linux, Android, PC (Microsoft Windows), iOS, Mac, Nintendo Switch"
1556,Pokémon HeartGold Version,pokemon-heartgold-version,85.8,4,87.7,356,2009,2000,"Role-playing (RPG), Turn-based strategy (TBS), Adventure",Nintendo DS
6886,Shin Megami Tensei IV,shin-megami-tensei-iv,85.8,6,80.1,79,2013,2010,"Role-playing (RPG), Turn-based strategy (TBS), Adventure",Nintendo 3DS
268079,Shiren the Wanderer: The Mystery Dungeon of Serpentcoil Island,shiren-the-wanderer-the-mystery-dungeon-of-serpentcoil-island,85.8,5,,,2024,2020,Role-playing (RPG),"PC (Microsoft Windows), Nintendo Switch"
252826,South of Midnight,south-of-midnight,85.8,4,76.6,73,2025,2020,"Platform, Adventure","Xbox Series X|S, Nintendo Switch 2, PC (Microsoft Windows), PlayStation 5"
118,Star Wars: Knights of the Old Republic II - The Sith Lords,star-wars-knights-of-the-old-republic-ii-the-sith-lords,85.8,6,86.7,819,2004,2000,"Role-playing (RPG), Strategy, Turn-based strategy (TBS), Adventure","Xbox, Linux, Android, PC (Microsoft Windows), iOS, Mac, Nintendo Switch"
18017,The Legend of Zelda: Twilight Princess HD,the-legend-of-zelda-twilight-princess-hd,85.8,12,84.0,109,2016,2010,"Puzzle, Adventure",Wii U
127059,The Walking Dead: Season Two - Episode 3: In Harm's Way,the-walking-dead-season-two-episode-3-in-harms-way,85.8,6,80.1,6,2014,2010,"Point-and-click, Adventure","PlayStation 3, PlayStation 4, PC (Microsoft Windows), iOS, Mac, PlayStation Vita, Xbox 360, Xbox One"
909,Tom Clancy's Rainbow Six: Vegas,tom-clancy-s-rainbow-six-vegas,85.8,4,75.4,158,2006,2000,"Shooter, Tactical","PlayStation 3, PC (Microsoft Windows), PlayStation Portable, Xbox 360"
122563,Arise: A Simple Story,arise-a-simple-story,85.7,6,81.9,35,2019,2010,"Platform, Adventure, Indie","PlayStation 4, PC (Microsoft Windows), Xbox One, Nintendo Switch"
317407,Battlefield 6,battlefield-6,85.7,3,73.7,176,2025,2020,Shooter,"Xbox Series X|S, PC (Microsoft Windows), PlayStation 5"
314942,Capcom Fighting Collection 2,capcom-fighting-collection-2,85.7,6,,,2025,2020,"Fighting, Arcade","PlayStation 4, PC (Microsoft Windows), Xbox One, Nintendo Switch"
116667,F1 2019,f1-2019,85.7,6,81.2,50,2019,2010,"Racing, Simulator, Sport","PlayStation 4, PC (Microsoft Windows), Xbox One"
3068,Forza Motorsport 4,forza-motorsport-4,85.7,7,83.2,81,2011,2010,"Racing, Simulator, Sport",Xbox 360
27343,Full Metal Furies,full-metal-furies,85.7,6,78.4,14,2018,2010,"Puzzle, Role-playing (RPG), Hack and slash/Beat 'em up, Adventure, Indie","Linux, PC (Microsoft Windows), Mac, Xbox One, Nintendo Switch"
3265,Grand Theft Auto IV: The Lost and Damned,grand-theft-auto-iv-the-lost-and-damned,85.7,3,79.0,276,2009,2000,"Shooter, Racing, Adventure","PlayStation 3, PC (Microsoft Windows), Xbox 360"
11208,NieR: Automata,nier-automata,85.7,24,89.8,1565,2017,2010,"Role-playing (RPG), Hack and slash/Beat 'em up","PlayStation 4, PC (Microsoft Windows), Xbox One"
203240,Old Skies,old-skies,85.7,3,81.2,6,2025,2020,"Point-and-click, Puzzle, Adventure","Linux, PC (Microsoft Windows), Mac, Nintendo Switch"
388426,Paranormasight: The Mermaid's Curse,paranormasight-the-mermaids-curse,85.7,3,,,2026,2020,"Role-playing (RPG), Simulator, Adventure, Visual Novel","Android, PC (Microsoft Windows), iOS, Nintendo Switch"
203366,Rollerdrome,rollerdrome,85.7,6,81.6,36,2022,2020,"Shooter, Sport, Adventure, Indie","Xbox Series X|S, PlayStation 4, PC (Microsoft Windows), PlayStation 5"
478,The Witcher 2: Assassins of Kings,the-witcher-2-assassins-of-kings,85.7,7,84.6,1390,2011,2010,"Role-playing (RPG), Adventure","Linux, PC (Microsoft Windows), Mac, Xbox 360"
6614,Zero Escape: Virtue's Last Reward,zero-escape-virtue-s-last-reward,85.7,6,88.2,150,2012,2010,"Point-and-click, Puzzle, Adventure, Visual Novel","PlayStation 4, Nintendo 3DS, PC (Microsoft Windows), PlayStation Vita, Xbox One"
4754,Alien: Isolation,alien-isolation,85.6,19,85.3,716,2014,2010,Adventure,"PlayStation 3, PlayStation 4, Linux, PC (Microsoft Windows), Mac, Xbox 360, Xbox One, Nintendo Switch"
252997,Apollo Justice: Ace Attorney Trilogy,apollo-justice-ace-attorney-trilogy,85.6,5,79.6,12,2024,2020,"Simulator, Adventure, Visual Novel","PlayStation 4, PC (Microsoft Windows), Xbox One, Nintendo Switch"
11613,BlazBlue: Central Fiction,blazblue-central-fiction,85.6,5,71.9,28,2015,2010,"Fighting, Arcade","Arcade, PlayStation 3, PlayStation 4, PC (Microsoft Windows)"
164867,Dredge,dredge,85.6,5,80.8,240,2023,2020,"Role-playing (RPG), Simulator, Adventure","Xbox Series X|S, PlayStation 4, Android, PC (Microsoft Windows), iOS, PlayStation 5, Mac, Xbox One, Nintendo Switch"
13620,Guilty Gear Xrd: Revelator,guilty-gear-xrd-revelator,85.6,6,85.4,35,2015,2010,"Fighting, Arcade","Arcade, PlayStation 3, PlayStation 4, PC (Microsoft Windows)"
6044,"Invisible, Inc.",invisible-inc,85.6,10,76.4,74,2015,2010,"Strategy, Turn-based strategy (TBS), Tactical, Adventure, Indie","PlayStation 4, Linux, PC (Microsoft Windows), iOS, Mac, Nintendo Switch"
72767,Jagged Alliance 3,jagged-alliance-3,85.6,5,79.6,13,2023,2020,"Role-playing (RPG), Strategy, Turn-based strategy (TBS), Tactical","Xbox Series X|S, PlayStation 4, PC (Microsoft Windows), PlayStation 5, Xbox One"
111654,MLB The Show 19,mlb-the-show-19,85.6,5,79.7,14,2019,2010,Sport,PlayStation 4
13101,Shatter,shatter,85.6,4,76.1,19,2009,2000,"Puzzle, Indie, Arcade","PlayStation 3, Linux, PC (Microsoft Windows), Mac"
3272,Sid Meier's Civilization V: Brave New World,sid-meier-s-civilization-v-brave-new-world,85.6,5,86.9,88,2013,2010,"Strategy, Turn-based strategy (TBS)","Linux, PC (Microsoft Windows), Mac"
202858,Super Mega Baseball 4,super-mega-baseball-4,85.6,5,,,2023,2020,"Simulator, Sport","Xbox Series X|S, PlayStation 4, PC (Microsoft Windows), PlayStation 5, Xbox One, Nintendo Switch"
146075,The Great Ace Attorney Chronicles,the-great-ace-attorney-chronicles,85.6,8,87.4,36,2021,2020,"Point-and-click, Puzzle, Adventure, Visual Novel","PlayStation 4, PC (Microsoft Windows), Nintendo Switch"
1337,Torchlight II,torchlight-ii,85.6,13,78.2,320,2012,2010,"Role-playing (RPG), Hack and slash/Beat 'em up, Adventure, Indie","PlayStation 4, Linux, PC (Microsoft Windows), Mac, Xbox One, Nintendo Switch"
152242,A Plague Tale: Requiem,a-plague-tale-requiem,85.5,6,83.6,290,2022,2020,"Role-playing (RPG), Adventure","Xbox Series X|S, PC (Microsoft Windows), PlayStation 5, Nintendo Switch"
125633,Crimson Desert,crimson-desert,85.5,4,87.9,115,2026,2020,Adventure,"Xbox Series X|S, PC (Microsoft Windows), PlayStation 5, Mac"
1991,Fez,fez,85.5,12,81.3,455,2012,2010,"Platform, Puzzle, Adventure, Indie","PlayStation 3, PlayStation 4, Linux, PC (Microsoft Windows), iOS, Mac, PlayStation Vita, Xbox 360, Nintendo Switch"
14711,Kalimba,kalimba,85.5,3,70.0,10,2014,2010,"Platform, Puzzle, Indie","PC (Microsoft Windows), Xbox One"
3724,Kirby Mass Attack,kirby-mass-attack,85.5,4,72.0,31,2011,2010,"Platform, Puzzle, Hack and slash/Beat 'em up, Adventure","Wii U, Nintendo DS"
148241,Lies of P,lies-of-p,85.5,11,84.4,338,2023,2020,"Role-playing (RPG), Adventure","Xbox Series X|S, PlayStation 4, PC (Microsoft Windows), PlayStation 5, Mac, Xbox One"
165347,Marvel's Midnight Suns,marvels-midnight-suns,85.5,6,75.1,69,2022,2020,"Role-playing (RPG), Strategy, Tactical","Xbox Series X|S, PlayStation 4, PC (Microsoft Windows), PlayStation 5, Xbox One, Nintendo Switch"
379,Metal Gear Solid 3: Snake Eater,metal-gear-solid-3-snake-eater,85.5,3,92.7,1281,2004,2000,"Shooter, Tactical, Adventure",PlayStation 2
347122,Mortal Kombat: Legacy Kollection,mortal-kombat-legacy-kollection,85.5,4,86.5,5,2025,2020,"Fighting, Arcade","Xbox Series X|S, PlayStation 4, Nintendo Switch 2, PC (Microsoft Windows), PlayStation 5, Xbox One, Nintendo Switch"
223112,Riven,riven,85.5,4,80.1,20,2024,2020,"Puzzle, Adventure, Indie","Meta Quest 2, PlayStation VR2, PC (Microsoft Windows), SteamVR, PlayStation 5, Mac"
27053,Stellaris: Utopia,stellaris-utopia,85.5,4,81.0,10,2017,2010,"Real Time Strategy (RTS), Simulator, Strategy","PlayStation 4, Linux, PC (Microsoft Windows), Mac, Xbox One"
20275,The Witcher: Enhanced Edition,the-witcher-enhanced-edition,85.5,4,79.5,261,2008,2000,"Role-playing (RPG), Adventure","PC (Microsoft Windows), Mac"
2366,Xenoblade Chronicles X,xenoblade-chronicles-x,85.5,15,80.9,76,2015,2010,"Role-playing (RPG), Adventure",Wii U
6943,Condemned 2: Bloodshot,condemned-2-bloodshot,85.4,5,74.8,53,2008,2000,"Shooter, Adventure","PlayStation 3, Xbox 360"
11694,Disgaea 2: Cursed Memories,disgaea-2-cursed-memories,85.4,5,83.9,16,2006,2000,"Role-playing (RPG), Strategy, Tactical","PlayStation 3, PlayStation 2"
252835,Kunitsu-Gami: Path of the Goddess,kunitsu-gami-path-of-the-goddess,85.4,10,74.4,16,2024,2020,"Strategy, Hack and slash/Beat 'em up","Xbox Series X|S, PlayStation 4, Nintendo Switch 2, PC (Microsoft Windows), PlayStation 5, Xbox One"
119295,Microsoft Flight Simulator,microsoft-flight-simulator,85.4,9,91.3,114,2020,2020,Simulator,"Xbox Series X|S, PC (Microsoft Windows)"
129483,Monster Train,monster-train,85.4,5,81.3,70,2020,2020,"Role-playing (RPG), Strategy, Turn-based strategy (TBS), Indie, Card & Board Game","Xbox Series X|S, Android, PC (Microsoft Windows), iOS, PlayStation 5, Xbox One, Nintendo Switch"
26765,Octopath Traveler,octopath-traveler,85.4,9,79.9,158,2018,2010,"Role-playing (RPG), Adventure","Google Stadia, PlayStation 4, Nintendo Switch 2, PC (Microsoft Windows), PlayStation 5, Xbox One, Nintendo Switch"
103244,Signalis,signalis,85.4,5,80.4,166,2022,2020,"Adventure, Indie","PlayStation 4, PC (Microsoft Windows), Xbox One, Nintendo Switch"
21062,Sonic Mania,sonic-mania,85.4,16,83.4,323,2017,2010,"Platform, Adventure","PlayStation 4, PC (Microsoft Windows), Xbox One, Nintendo Switch"
96437,Starfield,starfield,85.4,10,71.3,347,2023,2020,"Shooter, Role-playing (RPG), Adventure","Xbox Series X|S, PC (Microsoft Windows), PlayStation 5"
144465,Teenage Mutant Ninja Turtles: Shredder's Revenge,teenage-mutant-ninja-turtles-shredders-revenge,85.4,8,78.1,176,2022,2020,"Hack and slash/Beat 'em up, Indie, Arcade","Xbox Series X|S, PlayStation 4, Linux, Android, PC (Microsoft Windows), iOS, PlayStation 5, Xbox One, Nintendo Switch"
306149,The Legend of Zelda: Echoes of Wisdom,the-legend-of-zelda-echoes-of-wisdom,85.4,7,83.4,82,2024,2020,"Puzzle, Adventure","Nintendo Switch 2, Nintendo Switch"
6247,Trine,trine,85.4,7,76.1,310,2009,2000,"Platform, Puzzle, Adventure, Indie","PlayStation 3, Linux, PC (Microsoft Windows), Mac, Wii U"
18967,Valkyria Chronicles Remastered,valkyria-chronicles-remastered,85.4,9,82.3,41,2016,2010,"Role-playing (RPG), Strategy, Turn-based strategy (TBS), Tactical","PlayStation 4, PC (Microsoft Windows), Nintendo Switch"
7479,Warhawk,warhawk,85.4,5,60.2,16,2007,2000,Shooter,PlayStation 3
116416,Blaster Master Zero II,blaster-master-zero-ii,85.3,3,82.3,11,2019,2010,"Shooter, Platform, Adventure, Indie","Xbox Series X|S, PlayStation 4, PC (Microsoft Windows), Xbox One, Nintendo Switch"
559,Call of Duty: Modern Warfare 2,call-of-duty-modern-warfare-2,85.3,10,81.6,1563,2009,2000,Shooter,"PlayStation 3, PC (Microsoft Windows), Mac, Xbox 360"
17231,Card Hunter,card-hunter,85.3,4,77.1,13,2013,2010,"Role-playing (RPG), Strategy, Turn-based strategy (TBS), Card & Board Game","Web browser, PC (Microsoft Windows), Mac"
225582,Control Resonant,control-resonant--1,85.3,4,,,2026,2020,"Role-playing (RPG), Hack and slash/Beat 'em up, Adventure","Xbox Series X|S, PC (Microsoft Windows), PlayStation 5, Mac"
152255,Dodgeball Academia,dodgeball-academia,85.3,3,73.3,18,2021,2020,"Role-playing (RPG), Sport, Adventure, Indie, Arcade","PlayStation 4, PC (Microsoft Windows), Xbox One, Nintendo Switch"
54548,Dragon Quest Builders 2,dragon-quest-builders-2,85.3,10,77.7,44,2018,2010,"Role-playing (RPG), Adventure","PlayStation 4, PC (Microsoft Windows), Xbox One, Nintendo Switch"
325591,Elden Ring Nightreign,elden-ring-nightreign,85.3,4,79.2,104,2025,2020,"Role-playing (RPG), Hack and slash/Beat 'em up","Xbox Series X|S, PlayStation 4, PC (Microsoft Windows), PlayStation 5, Xbox One"
386,Final Fantasy XIV Online,final-fantasy-xiv-online--1,85.3,9,81.6,237,2013,2010,Role-playing (RPG),"Xbox Series X|S, PlayStation 3, PlayStation 4, Nintendo Switch 2, PC (Microsoft Windows), PlayStation 5, Mac"
152223,Green Hell VR,green-hell-vr,85.3,3,,,2022,2020,"Simulator, Adventure, Indie","Meta Quest 2, PlayStation VR2, SteamVR"
21943,Half-Minute Hero,half-minute-hero,85.3,4,83.6,9,2009,2000,"Puzzle, Role-playing (RPG)",PlayStation Portable
134595,Hitman 3,hitman-3,85.3,16,84.8,224,2021,2020,"Shooter, Tactical, Adventure","Google Stadia, Xbox Series X|S, PlayStation 4, PlayStation VR, PC (Microsoft Windows), PlayStation 5, Xbox One"
6453,Katamari Damacy,katamari-damacy,85.3,3,87.6,137,2004,2000,"Puzzle, Adventure","PlayStation 3, PlayStation 2"
314476,Lost in Random: The Eternal Die,lost-in-random-the-eternal-die,85.3,3,81.0,11,2025,2020,"Role-playing (RPG), Adventure, Indie","Xbox Series X|S, PC (Microsoft Windows), PlayStation 5, Nintendo Switch"
4631,Midnight Club II,midnight-club-ii,85.3,4,75.6,48,2003,2000,"Racing, Arcade","Xbox, PlayStation 3, PC (Microsoft Windows), PlayStation 2"
152398,Mushihimesama,mushihimesama--1,85.3,3,,,2021,2020,"Shooter, Arcade",Nintendo Switch
5953,NCAA Football 07,ncaa-football-07,85.3,4,80.8,6,2006,2000,"Simulator, Sport","Xbox, PlayStation Portable, Xbox 360, PlayStation 2"
144054,Pokémon Legends: Arceus,pokemon-legends-arceus,85.3,9,77.0,217,2022,2020,"Role-playing (RPG), Turn-based strategy (TBS), Adventure",Nintendo Switch
28545,Rabi-Ribi,rabi-ribi,85.3,4,79.9,30,2016,2010,"Platform, Role-playing (RPG), Adventure, Indie, Arcade","PlayStation 4, PC (Microsoft Windows), PlayStation Vita, Nintendo Switch"
20065,Resident Evil 4,resident-evil-4--3,85.3,20,87.1,195,2011,2010,"Shooter, Adventure","PlayStation 3, PlayStation 4, Xbox 360, Xbox One, Nintendo Switch"
134585,Sackboy: A Big Adventure,sackboy-a-big-adventure,85.3,10,77.9,91,2020,2020,"Platform, Adventure","PlayStation 4, PC (Microsoft Windows), PlayStation 5"
113374,Sid Meier's Civilization VI: Gathering Storm,sid-meiers-civilization-vi-gathering-storm,85.3,4,82.5,39,2019,2010,"Strategy, Turn-based strategy (TBS)","Linux, PC (Microsoft Windows), Mac"
9924,Sins of a Solar Empire: Rebellion,sins-of-a-solar-empire-rebellion,85.3,3,80.1,22,2012,2010,"Real Time Strategy (RTS), Simulator, Strategy, Indie",PC (Microsoft Windows)
885,Super Meat Boy,super-meat-boy,85.3,4,82.3,841,2010,2010,"Platform, Adventure, Indie","PlayStation 4, Linux, Wii, PC (Microsoft Windows), Mac, Wii U, PlayStation Vita, Xbox 360, Nintendo Switch"
8808,Super Scribblenauts,super-scribblenauts,85.3,4,75.8,26,2010,2010,"Platform, Puzzle",Nintendo DS
51528,Telling Lies,telling-lies,85.3,7,64.6,56,2019,2010,"Point-and-click, Simulator, Indie","PlayStation 4, PC (Microsoft Windows), iOS, Mac, Xbox One, Nintendo Switch"
90099,Tom Clancy's The Division 2,tom-clancys-the-division-2,85.3,15,75.0,305,2019,2010,"Shooter, Role-playing (RPG), Tactical, Adventure","Google Stadia, Xbox Series X|S, PlayStation 4, PC (Microsoft Windows), PlayStation 5, Xbox One"
3022,Transistor,transistor,85.3,12,82.8,484,2014,2010,"Role-playing (RPG), Strategy, Turn-based strategy (TBS), Adventure, Indie","PlayStation 4, Linux, PC (Microsoft Windows), iOS, Mac, Nintendo Switch"
9673,Affordable Space Adventures,affordable-space-adventures,85.2,6,72.6,7,2015,2010,"Puzzle, Strategy, Adventure, Indie",Wii U
135994,Avowed,avowed,85.2,5,75.4,100,2025,2020,"Role-playing (RPG), Adventure","Xbox Series X|S, PC (Microsoft Windows), PlayStation 5"
131800,Call of Duty: Warzone,call-of-duty-warzone,85.2,5,72.2,188,2020,2020,Shooter,"Xbox Series X|S, PlayStation 4, PC (Microsoft Windows), PlayStation 5, Xbox One"
306979,Dead Rising Deluxe Remaster,dead-rising-deluxe-remaster,85.2,5,64.1,8,2024,2020,"Hack and slash/Beat 'em up, Adventure","Xbox Series X|S, PC (Microsoft Windows), PlayStation 5"
217565,Kirby's Return to Dream Land Deluxe,kirbys-return-to-dream-land-deluxe,85.2,6,74.5,21,2023,2020,"Platform, Adventure",Nintendo Switch
11148,Plants vs. Zombies: Garden Warfare 2,plants-vs-zombies-garden-warfare-2,85.2,17,71.6,101,2016,2010,Shooter,"PlayStation 4, PC (Microsoft Windows), Xbox One"
1401,Professor Layton and the Miracle Mask,professor-layton-and-the-miracle-mask,85.2,5,80.0,44,2011,2010,"Point-and-click, Puzzle, Visual Novel",Nintendo 3DS
19562,Resident Evil 7: Biohazard,resident-evil-7-biohazard,85.2,27,84.2,1087,2017,2010,"Shooter, Puzzle, Adventure","Google Stadia, Xbox Series X|S, PlayStation 4, Nintendo Switch 2, PlayStation VR, PC (Microsoft Windows), iOS, PlayStation 5, Mac, Xbox One"
7709,Salt and Sanctuary,salt-and-sanctuary,85.2,10,80.4,120,2016,2010,"Platform, Role-playing (RPG), Adventure, Indie","PlayStation 4, Linux, PC (Microsoft Windows), Mac, PlayStation Vita, Xbox One, Nintendo Switch"
107315,Subnautica: Below Zero,subnautica-below-zero,85.2,5,75.9,141,2021,2020,"Adventure, Indie","Xbox Series X|S, PlayStation 4, Nintendo Switch 2, PC (Microsoft Windows), PlayStation 5, Mac, Xbox One, Nintendo Switch"
254327,Super Mario RPG,super-mario-rpg,85.2,6,76.8,68,2023,2020,"Role-playing (RPG), Adventure",Nintendo Switch
212584,Tactics Ogre: Reborn,tactics-ogre-reborn,85.2,5,70.5,23,2022,2020,"Role-playing (RPG), Simulator, Strategy, Turn-based strategy (TBS), Tactical","PlayStation 4, PC (Microsoft Windows), PlayStation 5, Nintendo Switch"
562,Tom Clancy's Splinter Cell: Conviction,tom-clancy-s-splinter-cell-conviction,85.2,4,76.6,335,2010,2010,"Shooter, Tactical","Windows Phone, Android, PC (Microsoft Windows), iOS, Mac, Xbox 360, Xbox One"
10919,XCOM 2,xcom-2,85.2,29,82.5,422,2016,2010,"Role-playing (RPG), Simulator, Strategy, Turn-based strategy (TBS), Tactical","PlayStation 4, Linux, PC (Microsoft Windows), Mac, Xbox One, Nintendo Switch"
55090,Yakuza Kiwami 2,yakuza-kiwami-2,85.2,13,84.1,167,2017,2010,"Role-playing (RPG), Adventure","Xbox Series X|S, PlayStation 4, Nintendo Switch 2, PC (Microsoft Windows), PlayStation 5, Xbox One"
133004,Assassin's Creed Valhalla,assassins-creed-valhalla,85.1,12,74.2,466,2020,2020,"Role-playing (RPG), Adventure","Google Stadia, Xbox Series X|S, PlayStation 4, PC (Microsoft Windows), PlayStation 5, Xbox One"
2153,FIFA Soccer 13,fifa-soccer-13,85.1,13,75.2,216,2012,2010,"Simulator, Sport","PlayStation 3, PC (Microsoft Windows), Xbox 360"
34705,Iconoclasts,iconoclasts,85.1,8,75.7,89,2018,2010,"Platform, Puzzle, Adventure, Indie","PlayStation 4, Linux, PC (Microsoft Windows), Mac, PlayStation Vita, Xbox One, Nintendo Switch"
26951,Pillars of Eternity II: Deadfire,pillars-of-eternity-ii-deadfire,85.1,14,82.6,111,2018,2010,"Role-playing (RPG), Adventure","PlayStation 4, Linux, PC (Microsoft Windows), Mac, Xbox One, Nintendo Switch"
201156,Star Wars Jedi: Survivor,star-wars-jedi-survivor,85.1,7,81.5,323,2023,2020,Adventure,"Xbox Series X|S, PlayStation 4, PC (Microsoft Windows), PlayStation 5, Xbox One"
6069,The Elder Scrolls V: Skyrim - Dragonborn,the-elder-scrolls-v-skyrim-dragonborn,85.1,7,81.8,124,2012,2010,Role-playing (RPG),"PlayStation 3, PC (Microsoft Windows), Xbox 360"
9898,Total War: Warhammer,total-war-warhammer,85.1,23,84.9,118,2016,2010,"Real Time Strategy (RTS), Role-playing (RPG), Strategy, Turn-based strategy (TBS)","Linux, PC (Microsoft Windows), Mac"
10962,Uncharted: The Nathan Drake Collection,uncharted-the-nathan-drake-collection,85.1,10,87.7,339,2015,2010,"Shooter, Platform, Puzzle, Adventure",PlayStation 4
26766,Xenoblade Chronicles 2,xenoblade-chronicles-2,85.1,14,90.0,198,2017,2010,"Role-playing (RPG), Adventure",Nintendo Switch
27304,Ys VIII: Lacrimosa of Dana,ys-viii-lacrimosa-of-dana,85.1,15,88.8,74,2016,2010,"Role-playing (RPG), Adventure","Google Stadia, PlayStation 4, PC (Microsoft Windows), PlayStation 5, PlayStation Vita, Nintendo Switch"
300976,Assassin's Creed Shadows,assassins-creed-shadows,85.0,7,73.0,145,2025,2020,"Role-playing (RPG), Adventure","Xbox Series X|S, Nintendo Switch 2, PC (Microsoft Windows), PlayStation 5, Mac"
351,Battlefield 1943,battlefield-1943,85.0,4,71.6,64,2009,2000,Shooter,"PlayStation 3, Xbox 360"
343,Battlefield 3,battlefield-3,85.0,10,79.9,1070,2011,2010,Shooter,"PlayStation 3, PC (Microsoft Windows), Xbox 360"
83731,Beat Saber,beat-saber,85.0,4,84.9,191,2018,2010,"Music, Sport, Indie, Arcade","Meta Quest 2, PlayStation VR2, Windows Mixed Reality, PlayStation VR, SteamVR, Meta Quest 3, Oculus Rift, Oculus Quest"
55628,Bomber Crew,bomber-crew,85.0,3,75.1,23,2017,2010,"Simulator, Strategy, Indie","PlayStation 4, Linux, PC (Microsoft Windows), Mac, Xbox One, Nintendo Switch"
4700,Bravely Default,bravely-default,85.0,11,74.3,80,2013,2010,"Role-playing (RPG), Adventure",Nintendo 3DS
78497,Catherine: Full Body,catherine-full-body,85.0,6,76.7,36,2019,2010,"Platform, Puzzle, Simulator, Strategy, Adventure","PlayStation 4, PlayStation Vita, Nintendo Switch"
253409,Classified: France '44,classified-france-44,85.0,3,,,2024,2020,"Strategy, Turn-based strategy (TBS), Tactical","Xbox Series X|S, PC (Microsoft Windows), PlayStation 5"
142063,DNF Duel,dnf-duel,85.0,3,70.1,15,2022,2020,"Fighting, Strategy","PlayStation 4, PC (Microsoft Windows), PlayStation 5"
9694,Danganronpa 2: Goodbye Despair,danganronpa-2-goodbye-despair,85.0,8,83.4,264,2012,2010,"Adventure, Visual Novel","PlayStation 4, Linux, PC (Microsoft Windows), iOS, Mac, PlayStation Vita, PlayStation Portable, Nintendo Switch"
134,Devil May Cry,devil-may-cry,85.0,4,81.0,379,2001,2000,"Hack and slash/Beat 'em up, Adventure",PlayStation 2
20869,DmC: Devil May Cry - Definitive Edition,dmc-devil-may-cry-definitive-edition,85.0,8,79.9,47,2015,2010,"Hack and slash/Beat 'em up, Adventure","PlayStation 4, Xbox One"
18050,Echochrome,echochrome,85.0,3,76.6,25,2008,2000,Puzzle,"PlayStation 3, PlayStation Portable"
427,Final Fantasy VII,final-fantasy-vii,85.0,4,90.5,1629,1997,1990,"Role-playing (RPG), Adventure","PlayStation 3, PlayStation, PlayStation Portable"
1602,Gran Turismo 5,gran-turismo-5,85.0,6,83.2,149,2010,2010,"Racing, Simulator, Sport",PlayStation 3
2116,GrimGrimoire,grimgrimoire,85.0,3,81.0,7,2007,2000,"Real Time Strategy (RTS), Role-playing (RPG), Strategy","PlayStation 3, PlayStation 2"
236662,Harmony: The Fall of Reverie,harmony-the-fall-of-reverie,85.0,3,69.5,7,2023,2020,"Strategy, Adventure, Indie, Visual Novel","Xbox Series X|S, PC (Microsoft Windows), PlayStation 5, Nintendo Switch"
11346,Her Story,her-story,85.0,6,77.5,281,2015,2010,"Point-and-click, Simulator, Indie","Linux, Android, PC (Microsoft Windows), iOS, Mac"
15444,Homeworld: Deserts of Kharak,homeworld-deserts-of-kharak,85.0,7,81.1,31,2016,2010,"Real Time Strategy (RTS), Strategy","PC (Microsoft Windows), Mac"
96476,Horizon Chase Turbo,horizon-chase-turbo,85.0,3,74.5,83,2018,2010,"Racing, Sport, Indie, Arcade","PlayStation 4, Linux, PC (Microsoft Windows), Mac, PlayStation Vita, Xbox One, Nintendo Switch"
37083,Horizon Zero Dawn: The Frozen Wilds,horizon-zero-dawn-the-frozen-wilds,85.0,12,84.1,123,2017,2010,"Role-playing (RPG), Adventure","PlayStation 4, PC (Microsoft Windows)"
1928,Indigo Prophecy,indigo-prophecy,85.0,5,82.8,410,2005,2000,Adventure,"Xbox, PlayStation 4, PC (Microsoft Windows), PlayStation 2"
14147,Jotun: Valhalla Edition,jotun-valhalla-edition--2,85.0,4,74.8,44,2015,2010,"Adventure, Indie","Google Stadia, PlayStation 4, Linux, PC (Microsoft Windows), Mac, Wii U, Xbox One, Nintendo Switch"
558,Just Cause 2,just-cause-2,85.0,4,77.1,483,2010,2010,"Shooter, Racing, Adventure","PlayStation 3, Linux, PC (Microsoft Windows), Xbox 360"
55198,Kentucky Route Zero: TV Edition,kentucky-route-zero-tv-edition,85.0,3,59.6,22,2020,2020,"Point-and-click, Adventure, Indie","Xbox Series X|S, PlayStation 4, PlayStation 5, Xbox One, Nintendo Switch"
16633,Knytt Underground,knytt-underground,85.0,3,75.7,11,2012,2010,"Platform, Adventure, Indie","PlayStation 3, Linux, PC (Microsoft Windows), Mac, Wii U, PlayStation Vita"
4689,Lumines,lumines,85.0,5,80.9,29,2004,2000,"Music, Puzzle","PC (Microsoft Windows), iOS, PlayStation Portable, Xbox 360, Legacy Mobile Device"
447,Medieval II: Total War - Kingdoms,medieval-ii-total-war-kingdoms,85.0,3,76.6,32,2007,2000,"Strategy, Turn-based strategy (TBS), Tactical","Linux, PC (Microsoft Windows), Mac"
2553,MotorStorm,motorstorm,85.0,4,76.2,55,2006,2000,Racing,PlayStation 3
2266,Muramasa: The Demon Blade,muramasa-the-demon-blade,85.0,3,84.9,46,2009,2000,"Role-playing (RPG), Hack and slash/Beat 'em up, Adventure","Wii, Wii U"
18819,NBA 2K17,nba-2k17,85.0,13,80.9,52,2016,2010,Sport,"PlayStation 3, PlayStation 4, PC (Microsoft Windows), Xbox 360, Xbox One"
4034,NBA Live 06,nba-live-06,85.0,3,89.2,27,2005,2000,"Simulator, Sport","Xbox, Nintendo GameCube, PC (Microsoft Windows), PlayStation 2"
214,Neverwinter Nights 2,neverwinter-nights-2,85.0,4,82.4,152,2006,2000,"Role-playing (RPG), Adventure","PC (Microsoft Windows), Mac"
305108,Nikoderiko: The Magical World,nikoderiko-the-magical-world,85.0,3,,,2024,2020,"Platform, Adventure, Arcade","Xbox Series X|S, PlayStation 4, PC (Microsoft Windows), PlayStation 5, Xbox One, Nintendo Switch"
26927,Out of the Park Baseball 18,out-of-the-park-baseball-18,85.0,3,50.0,1,2017,2010,"Simulator, Sport, Strategy, Indie","PC (Microsoft Windows), Mac"
8371,Outland,outland,85.0,4,71.8,48,2011,2010,"Platform, Strategy, Adventure, Indie","PlayStation 3, Linux, PC (Microsoft Windows), Mac, Xbox 360"
236694,Paranormasight: The Seven Mysteries of Honjo,paranormasight-the-seven-mysteries-of-honjo,85.0,3,82.7,21,2023,2020,"Point-and-click, Simulator, Adventure, Visual Novel","Android, PC (Microsoft Windows), iOS, Nintendo Switch"
18196,Pocket Card Jockey,pocket-card-jockey,85.0,3,78.0,3,2013,2010,"Racing, Strategy, Turn-based strategy (TBS), Card & Board Game",Nintendo 3DS
112613,Prodeus,prodeus,85.0,3,74.0,35,2022,2020,"Shooter, Adventure, Indie","Xbox Series X|S, PlayStation 4, PC (Microsoft Windows), PlayStation 5, Mac, Xbox One, Nintendo Switch"
3173,Risk of Rain,risk-of-rain,85.0,4,76.8,170,2013,2010,"Shooter, Platform, Role-playing (RPG), Hack and slash/Beat 'em up, Adventure, Indie","PlayStation 4, Linux, PC (Microsoft Windows), Mac, PlayStation Vita, Xbox One, Nintendo Switch"
11328,Shadow Complex,shadow-complex,85.0,4,84.9,55,2009,2000,"Shooter, Platform, Puzzle, Adventure","PlayStation 4, PC (Microsoft Windows), Xbox 360, Xbox One"
10832,Sine Mora,sine-mora,85.0,6,69.3,19,2012,2010,"Shooter, Indie, Arcade","PlayStation 3, Ouya, Android, PC (Microsoft Windows), iOS, PlayStation Vita, Xbox 360"
114,Star Wars: The Old Republic,star-wars-the-old-republic,85.0,7,75.9,244,2011,2010,Role-playing (RPG),"PC (Microsoft Windows), Mac"
25683,StarCraft: Remastered,starcraft-remastered,85.0,3,86.8,37,2017,2010,"Real Time Strategy (RTS), Strategy","PC (Microsoft Windows), Mac"
27475,Steel Division: Normandy 44,steel-division-normandy-44,85.0,4,43.3,7,2017,2010,"Real Time Strategy (RTS), Simulator, Strategy, Tactical",PC (Microsoft Windows)
110248,Stray,stray,85.0,8,81.4,738,2022,2020,"Platform, Adventure, Indie","Xbox Series X|S, PlayStation 4, Nintendo Switch 2, PC (Microsoft Windows), PlayStation 5, Mac, Xbox One, Nintendo Switch"
8925,Sunless Sea,sunless-sea,85.0,4,76.3,80,2015,2010,"Real Time Strategy (RTS), Role-playing (RPG), Strategy, Adventure, Indie","Linux, PC (Microsoft Windows), iOS, Mac"
22301,Super Mario 64 DS,super-mario-64-ds,85.0,3,80.8,215,2004,2000,"Platform, Adventure","Wii U, Nintendo DS"
20803,Super Puzzle Fighter II Turbo,super-puzzle-fighter-ii-turbo,85.0,3,73.8,32,1996,1990,"Puzzle, Arcade","Arcade, Sega Saturn, PlayStation"
6201,TOCA Race Driver 2,toca-race-driver-2,85.0,3,73.9,24,2004,2000,"Racing, Sport","Xbox, PC (Microsoft Windows), PlayStation Portable, PlayStation 2"
95009,Tales from the Borderlands: Episode 1 - Zer0 Sum,tales-from-the-borderlands-episode-1-zer0-sum,85.0,3,,,2014,2010,"Point-and-click, Adventure","PlayStation 3, PlayStation 4, PC (Microsoft Windows), Mac, Xbox 360, Xbox One"
252825,Teenage Mutant Ninja Turtles: Shredder's Revenge - Dimension Shellshock,teenage-mutant-ninja-turtles-shredders-revenge-dimension-shellshock,85.0,3,70.0,5,2023,2020,"Adventure, Indie","Xbox Series X|S, PlayStation 4, PC (Microsoft Windows), PlayStation 5, Xbox One, Nintendo Switch"
12598,The Aquatic Adventure of the Last Human,the-aquatic-adventure-of-the-last-human,85.0,3,60.0,4,2016,2010,"Shooter, Adventure, Indie","PlayStation 4, Linux, PC (Microsoft Windows), Mac, Xbox One, Nintendo Switch"
8986,The Legend of Heroes: Trails in the Sky,the-legend-of-heroes-trails-in-the-sky,85.0,3,86.1,83,2004,2000,Role-playing (RPG),"PC (Microsoft Windows), PlayStation Portable"
3023,The Movies: Stunts and Effects,the-movies-stunts-and-effects,85.0,3,81.8,23,2006,2000,"Simulator, Strategy","PC (Microsoft Windows), Mac"
135144,The Sims 4: Eco Lifestyle,the-sims-4-eco-lifestyle,85.0,3,44.9,9,2020,2020,"Role-playing (RPG), Simulator, Adventure","Xbox Series X|S, PlayStation 4, PC (Microsoft Windows), PlayStation 5, Mac, Xbox One"
334243,Tony Hawk's Pro Skater 3+4,tony-hawks-pro-skater-3-plus-4,85.0,5,79.0,16,2025,2020,"Simulator, Sport","Xbox Series X|S, PlayStation 4, Nintendo Switch 2, PC (Microsoft Windows), PlayStation 5, Xbox One, Nintendo Switch"
6250,Trine 2,trine-2,85.0,9,76.6,279,2011,2010,"Platform, Puzzle, Adventure","PlayStation 3, Linux, Android, PC (Microsoft Windows), Mac, Xbox 360"
136625,Hogwarts Legacy,hogwarts-legacy,84.9,9,78.7,687,2023,2020,"Role-playing (RPG), Adventure","Xbox Series X|S, PlayStation 4, Nintendo Switch 2, PC (Microsoft Windows), PlayStation 5, Xbox One, Nintendo Switch"
109458,Katamari Damacy Reroll,katamari-damacy-reroll,84.9,7,82.7,98,2018,2010,"Puzzle, Adventure","Google Stadia, PlayStation 4, PC (Microsoft Windows), Xbox One, Nintendo Switch"
122,Left 4 Dead,left-4-dead,84.9,7,80.1,766,2008,2000,Shooter,"PC (Microsoft Windows), Mac, Xbox 360"
141533,Loop Hero,loop-hero,84.9,7,75.8,157,2021,2020,"Role-playing (RPG), Strategy, Adventure, Indie, Card & Board Game","Xbox Series X|S, Linux, Android, PC (Microsoft Windows), iOS, Mac, Xbox One, Nintendo Switch"
19329,Shin Megami Tensei IV: Apocalypse,shin-megami-tensei-iv-apocalypse,84.9,14,73.5,24,2016,2010,"Role-playing (RPG), Adventure",Nintendo 3DS
138225,Super Mario 3D All-Stars,super-mario-3d-all-stars,84.9,9,67.9,59,2020,2020,"Platform, Adventure",Nintendo Switch
9928,Dirt Rally,dirt-rally,84.8,13,80.4,143,2015,2010,"Racing, Simulator, Sport","PlayStation 4, Linux, PC (Microsoft Windows), Mac, Oculus Rift, Xbox One"
533,Dishonored,dishonored,84.8,15,84.9,1907,2012,2010,"Puzzle, Role-playing (RPG), Adventure","PlayStation 3, PC (Microsoft Windows), Xbox 360"
7705,Geometry Wars 3: Dimensions,geometry-wars-3-dimensions,84.8,13,84.6,16,2014,2010,"Shooter, Arcade","PlayStation 3, PlayStation 4, Linux, PC (Microsoft Windows), Mac, PlayStation Vita, Xbox 360, Xbox One"
1488,Gradius V,gradius-v,84.8,4,74.8,10,2004,2000,Shooter,"PlayStation 3, PlayStation 2"
166824,Indika,indika,84.8,4,77.2,87,2024,2020,"Puzzle, Adventure","Xbox Series X|S, PC (Microsoft Windows), PlayStation 5, Nintendo Switch"
20150,Katana Zero,katana-zero,84.8,8,79.7,345,2019,2010,"Platform, Strategy, Adventure, Indie, Arcade","Android, PC (Microsoft Windows), iOS, Mac, Xbox One, Nintendo Switch"
378,Metal Gear Rising: Revengeance,metal-gear-rising-revengeance,84.8,17,79.8,544,2013,2010,"Shooter, Strategy, Hack and slash/Beat 'em up, Adventure","PlayStation 3, PC (Microsoft Windows), Mac, Xbox 360"
119,Mortal Kombat,mortal-kombat,84.8,6,82.1,456,2011,2010,Fighting,"PlayStation 3, PC (Microsoft Windows), PlayStation Vita, Xbox 360"
154839,Moss: Book II,moss-book-ii,84.8,4,87.2,7,2022,2020,"Platform, Puzzle, Adventure","Meta Quest 2, PlayStation VR2, PlayStation VR, SteamVR"
204623,Pentiment,pentiment,84.8,6,87.4,101,2022,2020,"Puzzle, Role-playing (RPG), Adventure","Xbox Series X|S, PlayStation 4, PC (Microsoft Windows), PlayStation 5, Xbox One, Nintendo Switch"
1339,Psychonauts,psychonauts,84.8,6,83.3,421,2005,2000,"Platform, Puzzle, Adventure","Xbox, PlayStation 3, PlayStation 4, Linux, PC (Microsoft Windows), Mac, Xbox 360, Xbox One, PlayStation 2"
7498,Tekken 7,tekken-7,84.8,17,78.3,272,2017,2010,Fighting,"PlayStation 4, PlayStation VR, PC (Microsoft Windows), Xbox One"
1694,Advance Wars: Days of Ruin,advance-wars-days-of-ruin,84.7,3,81.8,36,2008,2000,"Strategy, Turn-based strategy (TBS)","Nintendo DSi, Nintendo DS"
296,Crysis,crysis,84.7,3,80.6,798,2007,2000,"Shooter, Adventure","PlayStation 3, PC (Microsoft Windows), Xbox 360"
9630,Fallout 4,fallout-4,84.7,21,79.5,1744,2015,2010,"Shooter, Role-playing (RPG)","Xbox Series X|S, PlayStation 4, PC (Microsoft Windows), PlayStation 5, Xbox One"
9614,Gurumin: A Monstrous Adventure,gurumin-a-monstrous-adventure,84.7,3,79.9,11,2004,2000,"Platform, Role-playing (RPG), Hack and slash/Beat 'em up, Adventure","PC (Microsoft Windows), PlayStation Portable"
317623,Lunar Remastered Collection,lunar-remastered-collection,84.7,3,,,2025,2020,"Role-playing (RPG), Turn-based strategy (TBS), Adventure","PlayStation 4, PC (Microsoft Windows), Xbox One, Nintendo Switch"
2212,MLB The Show 16,mlb-the-show-16,84.7,7,75.7,11,2016,2010,Sport,"PlayStation 3, PlayStation 4"
5956,NCAA Football 2004,ncaa-football-2004,84.7,3,78.2,5,2003,2000,Sport,"Xbox, Nintendo GameCube, PlayStation 2"
61467,Natsuki Chronicles,natsuki-chronicles,84.7,3,,,2019,2010,"Shooter, Arcade","PlayStation 4, PC (Microsoft Windows), Xbox One"
3193,Need for Speed: Most Wanted,need-for-speed-most-wanted-53b9fef3-adb4-41a0-8ca0-ffcbb0060467,84.7,15,73.1,449,2012,2010,"Racing, Adventure","PlayStation 3, PC (Microsoft Windows), Xbox 360"
98,Need for Speed: Most Wanted,need-for-speed-most-wanted,84.7,4,84.5,1016,2005,2000,Racing,"PC (Microsoft Windows), Xbox 360"
11737,Outer Wilds,outer-wilds,84.7,7,89.3,883,2019,2010,"Puzzle, Simulator, Adventure, Indie","Xbox Series X|S, PlayStation 4, PC (Microsoft Windows), PlayStation 5, Xbox One, Nintendo Switch"
127254,Pathfinder: Wrath of the Righteous,pathfinder-wrath-of-the-righteous,84.7,3,89.7,47,2021,2020,"Role-playing (RPG), Strategy, Tactical, Adventure, Indie","PlayStation 4, PC (Microsoft Windows), PlayStation 5, Mac, Xbox One, Nintendo Switch"
144052,Pokémon Shining Pearl,pokemon-shining-pearl,84.7,3,74.4,46,2021,2020,"Role-playing (RPG), Turn-based strategy (TBS), Adventure",Nintendo Switch
11161,South Park: The Fractured But Whole,south-park-the-fractured-but-whole,84.7,18,79.8,348,2017,2010,"Role-playing (RPG), Strategy, Adventure","PlayStation 4, PC (Microsoft Windows), Xbox One, Nintendo Switch"
194506,Stray Gods: The Roleplaying Musical,stray-gods-the-roleplaying-musical,84.7,6,80.0,22,2023,2020,"Music, Role-playing (RPG), Adventure","Xbox Series X|S, PlayStation 4, PC (Microsoft Windows), PlayStation 5, Xbox One, Nintendo Switch"
7205,SuperHot,superhot,84.7,18,76.7,554,2016,2010,"Shooter, Puzzle, Tactical, Indie","Google Stadia, PlayStation 4, Linux, PC (Microsoft Windows), Mac, Xbox One, Nintendo Switch"
239302,The Mageseeker: A League of Legends Story,the-mageseeker-a-league-of-legends-story,84.7,3,64.4,16,2023,2020,"Role-playing (RPG), Adventure, Indie","Xbox Series X|S, PlayStation 4, PC (Microsoft Windows), PlayStation 5, Xbox One, Nintendo Switch"
143610,Triangle Strategy,triangle-strategy,84.7,11,87.7,35,2022,2020,"Role-playing (RPG), Strategy, Turn-based strategy (TBS), Tactical","Xbox Series X|S, PC (Microsoft Windows), PlayStation 5, Nintendo Switch"
27441,Wargroove,wargroove,84.7,9,72.7,46,2019,2010,"Strategy, Turn-based strategy (TBS), Tactical, Indie","PlayStation 4, PC (Microsoft Windows), Xbox One, Nintendo Switch"
279620,World of Goo 2,world-of-goo-2,84.7,3,71.4,10,2024,2020,"Puzzle, Simulator, Strategy, Adventure, Indie","Linux, Android, PC (Microsoft Windows), iOS, PlayStation 5, Mac, Nintendo Switch"
8758,Anomaly: Warzone Earth,anomaly-warzone-earth,84.6,5,73.2,36,2011,2010,"Real Time Strategy (RTS), Strategy, Indie","BlackBerry OS, PlayStation 3, Linux, Android, PC (Microsoft Windows), iOS, Mac, Xbox 360"
1970,Assassin's Creed IV Black Flag,assassins-creed-iv-black-flag,84.6,21,83.2,1795,2013,2010,Adventure,"Google Stadia, PlayStation 3, PlayStation 4, PC (Microsoft Windows), Wii U, Xbox 360, Xbox One, Nintendo Switch"
306139,Fantasian Neo Dimension,fantasian-neo-dimension,84.6,5,79.9,5,2024,2020,"Role-playing (RPG), Strategy, Adventure","Xbox Series X|S, PlayStation 4, PC (Microsoft Windows), PlayStation 5, Nintendo Switch"
27979,Kingdom Hearts HD 1.5 + 2.5 Remix,kingdom-hearts-hd-1-dot-5-plus-2-dot-5-remix,84.6,9,90.7,60,2017,2010,"Role-playing (RPG), Adventure","Xbox Series X|S, PlayStation 4, Nintendo Switch 2, PC (Microsoft Windows), PlayStation 5, Xbox One, Nintendo Switch"
2184,Kirby's Epic Yarn,kirby-s-epic-yarn,84.6,4,70.7,82,2010,2010,"Platform, Adventure","Wii, Wii U"
2050,LEGO Marvel Super Heroes,lego-marvel-super-heroes,84.6,19,78.7,254,2013,2010,"Platform, Puzzle, Hack and slash/Beat 'em up, Adventure","PlayStation 3, PlayStation 4, PC (Microsoft Windows), Mac, Wii U, Xbox 360, Xbox One, Nintendo Switch"
217909,Suikoden I & II HD Remaster: Gate Rune and Dunan Unification Wars,suikoden-i-and-ii-hd-remaster-gate-rune-and-dunan-unification-wars,84.6,5,,,2025,2020,"Role-playing (RPG), Strategy, Turn-based strategy (TBS)","Xbox Series X|S, PlayStation 4, Nintendo Switch 2, PC (Microsoft Windows), PlayStation 5, Xbox One, Nintendo Switch"
910,Tom Clancy's Splinter Cell,tom-clancy-s-splinter-cell,84.6,7,83.0,421,2002,2000,"Shooter, Tactical","Xbox, PC (Microsoft Windows), Mac, PlayStation 2"
1164,Tomb Raider,tomb-raider--2,84.6,14,81.7,2379,2013,2010,"Shooter, Platform, Puzzle, Adventure","PlayStation 3, Linux, Android, PC (Microsoft Windows), iOS, Mac, Xbox 360"
7229,UFC Undisputed 3,ufc-undisputed-3,84.6,7,70.7,14,2012,2010,"Fighting, Sport","PlayStation 3, Xbox 360"
228258,Amnesia: The Bunker,amnesia-the-bunker,84.5,4,73.1,79,2023,2020,"Shooter, Puzzle, Adventure, Indie","Xbox Series X|S, PlayStation 4, PC (Microsoft Windows), Xbox One"
9016,Apotheon,apotheon,84.5,4,71.3,86,2015,2010,"Platform, Role-playing (RPG), Hack and slash/Beat 'em up, Adventure, Indie","PlayStation 4, Linux, PC (Microsoft Windows), Mac"
321,Command & Conquer 3: Tiberium Wars,command-conquer-3-tiberium-wars,84.5,4,80.5,202,2007,2000,"Real Time Strategy (RTS), Simulator, Strategy","PC (Microsoft Windows), Mac, Xbox 360, Xbox One"
2679,DJ Hero,dj-hero,84.5,6,79.5,26,2009,2000,Music,"PlayStation 3, Wii, Xbox 360, PlayStation 2"
15862,Day of the Tentacle Remastered,day-of-the-tentacle-remastered,84.5,11,76.1,118,2016,2010,"Point-and-click, Puzzle, Adventure","PlayStation 4, Linux, PC (Microsoft Windows), iOS, Mac, PlayStation Vita, Xbox One"
5835,Fight Night 2004,fight-night-2004,84.5,4,81.9,8,2004,2000,"Fighting, Sport","Xbox, PlayStation 2"
20307,Forza Horizon 2: Storm Island,forza-horizon-2-storm-island,84.5,4,70.4,6,2014,2010,Racing,Xbox One
515,Infamous 2,infamous-2,84.5,6,81.5,284,2011,2010,"Puzzle, Hack and slash/Beat 'em up, Adventure",PlayStation 3
54538,Magic: The Gathering Arena,magic-the-gathering-arena,84.5,4,70.6,74,2019,2010,"Strategy, Turn-based strategy (TBS), Card & Board Game","Android, PC (Microsoft Windows), iOS, Mac"
1889,Might & Magic: Clash of Heroes,might-and-magic-clash-of-heroes,84.5,4,77.9,36,2009,2000,"Puzzle, Role-playing (RPG), Strategy, Adventure","PlayStation 3, Android, PC (Microsoft Windows), iOS, Xbox 360, Nintendo DS"
325602,Onimusha: Way of the Sword,onimusha-way-of-the-sword,84.5,4,88.7,7,2026,2020,"Role-playing (RPG), Hack and slash/Beat 'em up, Adventure","Xbox Series X|S, Nintendo Switch 2, PC (Microsoft Windows), PlayStation 5"
306154,Romancing SaGa 2: Revenge of the Seven,romancing-saga-2-revenge-of-the-seven,84.5,6,70.0,5,2024,2020,"Role-playing (RPG), Tactical","Xbox Series X|S, PlayStation 4, Nintendo Switch 2, PC (Microsoft Windows), PlayStation 5, Nintendo Switch"
873,Saints Row: The Third,saints-row-the-third,84.5,10,78.1,737,2011,2010,"Shooter, Racing, Adventure","PlayStation 3, Linux, PC (Microsoft Windows), Xbox 360, Nintendo Switch"
24206,Sorcery! Part 4,sorcery-part-4,84.5,4,70.0,4,2016,2010,"Role-playing (RPG), Adventure, Indie","Android, PC (Microsoft Windows), iOS, Mac"
5224,Tiger Woods PGA Tour 11,tiger-woods-pga-tour-11,84.5,8,70.0,2,2010,2010,"Simulator, Sport","PlayStation 3, Wii, iOS, Xbox 360"
27367,Yoku's Island Express,yokus-island-express,84.5,10,83.6,110,2018,2010,"Platform, Puzzle, Pinball, Adventure, Indie, Arcade","PlayStation 4, PC (Microsoft Windows), Xbox One, Nintendo Switch"
622,Call of Duty 2,call-of-duty-2,84.4,4,82.9,1076,2005,2000,Shooter,"PC (Microsoft Windows), Mac, Xbox 360"
19564,Death Stranding,death-stranding,84.4,17,86.1,899,2019,2010,"Shooter, Role-playing (RPG), Adventure","PlayStation 4, PC (Microsoft Windows)"
4838,Guacamelee!,guacamelee,84.4,11,79.1,187,2013,2010,"Platform, Puzzle, Hack and slash/Beat 'em up, Adventure, Indie","PlayStation 3, Linux, PC (Microsoft Windows), Mac, PlayStation Vita"
317317,Like a Dragon: Pirate Yakuza in Hawaii,like-a-dragon-pirate-yakuza-in-hawaii,84.4,5,75.0,27,2025,2020,"Role-playing (RPG), Hack and slash/Beat 'em up, Adventure","Xbox Series X|S, PlayStation 4, PC (Microsoft Windows), PlayStation 5, Xbox One"
337035,Marvel Cosmic Invasion,marvel-cosmic-invasion,84.4,8,76.1,27,2025,2020,"Fighting, Hack and slash/Beat 'em up, Adventure, Indie, Arcade","Xbox Series X|S, PlayStation 4, Linux, Nintendo Switch 2, PC (Microsoft Windows), PlayStation 5, Xbox One, Nintendo Switch"
121,Minecraft: Java Edition,minecraft-java-edition,84.4,14,85.2,2066,2011,2010,"Simulator, Adventure","Linux, PC (Microsoft Windows), Mac"
7292,Mortal Kombat X,mortal-kombat-x,84.4,18,79.0,486,2015,2010,Fighting,"PlayStation 4, PC (Microsoft Windows), Xbox One"
103330,Nioh 2,nioh-2,84.4,9,81.7,61,2020,2020,"Role-playing (RPG), Hack and slash/Beat 'em up, Adventure",PlayStation 4
6866,Puyo Puyo Tetris,puyo-puyo-tetris,84.4,13,78.7,52,2014,2010,"Puzzle, Strategy, Arcade","PlayStation 3, PlayStation 4, Nintendo 3DS, PC (Microsoft Windows), Wii U, PlayStation Vita, Xbox One, Nintendo Switch"
122338,Ring Fit Adventure,ring-fit-adventure,84.4,5,80.8,52,2019,2010,"Role-playing (RPG), Sport, Adventure",Nintendo Switch
2587,Skate 3,skate-3,84.4,4,78.8,141,2010,2010,Sport,"PlayStation 3, Xbox 360, Xbox One"
8288,The Banner Saga 2,the-banner-saga-2,84.4,13,87.9,119,2016,2010,"Role-playing (RPG), Simulator, Strategy, Tactical, Adventure, Indie","PlayStation 4, Android, PC (Microsoft Windows), iOS, Mac, Xbox One, Nintendo Switch"
37034,The Elder Scrolls V: Skyrim,the-elder-scrolls-v-skyrim--1,84.4,10,88.5,56,2017,2010,"Role-playing (RPG), Adventure",Nintendo Switch
17847,The Magic Circle,the-magic-circle,84.4,7,73.9,7,2015,2010,"Simulator, Strategy, Adventure, Indie","PlayStation 4, Linux, PC (Microsoft Windows), Mac, Xbox One"
7458,The Sly Collection,the-sly-collection,84.4,9,81.9,35,2010,2010,"Platform, Adventure","PlayStation 3, PlayStation Vita"
239942,The Thaumaturge,the-thaumaturge,84.4,5,70.6,31,2024,2020,"Role-playing (RPG), Turn-based strategy (TBS), Adventure","Xbox Series X|S, PC (Microsoft Windows), PlayStation 5"
1871,The Walking Dead,the-walking-dead,84.4,7,85.9,1747,2012,2010,"Point-and-click, Puzzle, Adventure","PlayStation 3, PlayStation 4, Linux, Android, PC (Microsoft Windows), iOS, Mac, PlayStation Vita, Xbox 360, Xbox One, Nintendo Switch"
125373,Curse of the Dead Gods,curse-of-the-dead-gods,84.3,4,69.7,46,2021,2020,"Role-playing (RPG), Simulator, Adventure, Indie","PlayStation 4, PC (Microsoft Windows), Xbox One, Nintendo Switch"
21040,Dark Souls: Prepare to Die Edition,dark-souls-prepare-to-die-edition,84.3,3,90.5,222,2012,2010,"Role-playing (RPG), Adventure","PlayStation 3, PC (Microsoft Windows), Xbox 360"
503,FIFA Soccer 11,fifa-soccer-11,84.3,4,73.6,128,2010,2010,"Simulator, Sport","PlayStation 3, PC (Microsoft Windows), Xbox 360"
694,Fable: The Lost Chapters,fable-the-lost-chapters,84.3,3,83.8,214,2005,2000,"Role-playing (RPG), Adventure","Xbox, PC (Microsoft Windows), Mac"
28552,Far Cry 5,far-cry-5,84.3,18,75.8,860,2018,2010,"Shooter, Adventure","Google Stadia, Xbox Series X|S, PlayStation 4, PC (Microsoft Windows), PlayStation 5, Xbox One"
140801,Fashion Police Squad,fashion-police-squad,84.3,3,77.6,14,2022,2020,"Shooter, Platform, Adventure, Indie","Xbox Series X|S, PlayStation 4, PC (Microsoft Windows), PlayStation 5, Xbox One, Nintendo Switch"
7603,Hellblade: Senua's Sacrifice,hellblade-senuas-sacrifice,84.3,22,84.0,1085,2017,2010,"Simulator, Hack and slash/Beat 'em up, Adventure, Indie","Xbox Series X|S, PlayStation 4, PC (Microsoft Windows), PlayStation 5, Xbox One, Nintendo Switch"
99071,Hypnospace Outlaw,hypnospace-outlaw,84.3,6,88.2,47,2019,2010,"Point-and-click, Puzzle, Role-playing (RPG), Simulator, Adventure, Indie","PlayStation 4, Linux, Android, PC (Microsoft Windows), iOS, Mac, Xbox One, Nintendo Switch"
13226,Keep Talking and Nobody Explodes,keep-talking-and-nobody-explodes,84.3,5,84.4,119,2015,2010,"Puzzle, Simulator, Indie","Meta Quest 2, Windows Mixed Reality, PlayStation 4, Linux, Gear VR, PlayStation VR, Android, PC (Microsoft Windows), iOS, SteamVR, Mac, Oculus Rift, Daydream, Xbox One, Nintendo Switch, Oculus Quest"
338074,Kirby and the Forgotten Land: Nintendo Switch 2 Edition + Star-Crossed World,kirby-and-the-forgotten-land-nintendo-switch-2-edition-plus-star-crossed-world,84.3,4,,,2025,2020,"Platform, Adventure",Nintendo Switch 2
144765,Life is Strange: True Colors,life-is-strange-true-colors,84.3,11,78.8,226,2021,2020,Adventure,"Google Stadia, Xbox Series X|S, PlayStation 4, PC (Microsoft Windows), PlayStation 5, Xbox One, Nintendo Switch"
11072,Madden NFL 16,madden-nfl-16,84.3,12,82.7,18,2015,2010,Sport,"PlayStation 4, Xbox One"
19,Max Payne 2: The Fall of Max Payne,max-payne-2-the-fall-of-max-payne,84.3,6,85.9,1061,2003,2000,Shooter,"Xbox, PlayStation 3, PC (Microsoft Windows), Xbox 360, PlayStation 2"
38780,Pillars of Eternity: Complete Edition,pillars-of-eternity-complete-edition,84.3,7,79.7,22,2017,2010,"Role-playing (RPG), Strategy, Adventure, Indie","PlayStation 4, Xbox One, Nintendo Switch"
2438,Prince of Persia,prince-of-persia,84.3,7,77.2,339,2008,2000,"Platform, Puzzle, Adventure","PlayStation 3, PC (Microsoft Windows), Mac, Xbox 360"
2370,Puzzle Quest: Challenge of the Warlords,puzzle-quest-challenge-of-the-warlords,84.3,5,70.2,34,2007,2000,"Puzzle, Adventure","PlayStation 3, PlayStation 4, Wii, PC (Microsoft Windows), iOS, PlayStation Portable, Xbox 360, Nintendo DSi, Nintendo DS, PlayStation 2"
9477,Soldiers: Heroes of World War II,soldiers-heroes-of-world-war-ii,84.3,3,75.9,20,2004,2000,"Real Time Strategy (RTS), Strategy, Tactical",PC (Microsoft Windows)
86286,Tactical Breach Wizards,tactical-breach-wizards,84.3,3,79.7,16,2024,2020,"Strategy, Turn-based strategy (TBS), Tactical, Adventure, Indie",PC (Microsoft Windows)
127697,Tainted Grail: The Fall of Avalon,tainted-grail-the-fall-of-avalon,84.3,3,74.9,41,2025,2020,"Role-playing (RPG), Adventure, Indie","Xbox Series X|S, PC (Microsoft Windows), PlayStation 5"
253646,The Lara Croft Collection,the-lara-croft-collection,84.3,3,,,2023,2020,"Shooter, Puzzle, Adventure",Nintendo Switch
105416,The Walking Dead: Saints & Sinners,the-walking-dead-saints-and-sinners,84.3,4,68.0,19,2020,2020,"Shooter, Role-playing (RPG), Simulator, Strategy, Adventure, Indie","Meta Quest 2, PlayStation VR2, Windows Mixed Reality, PlayStation VR, SteamVR, Meta Quest 3, Oculus Rift, Oculus Quest"
8813,Tiger Woods PGA Tour 2002,tiger-woods-pga-tour-2002,84.3,3,,,2002,2000,Sport,"PC (Microsoft Windows), PlayStation 2"
314936,Trails in the Sky 1st Chapter,trails-in-the-sky-1st-chapter,84.3,4,83.1,17,2025,2020,"Role-playing (RPG), Turn-based strategy (TBS), Adventure","Nintendo Switch 2, PC (Microsoft Windows), PlayStation 5, Nintendo Switch"
151501,Under the Island,under-the-island,84.3,3,,,2026,2020,"Puzzle, Role-playing (RPG), Adventure, Indie","Xbox Series X|S, PlayStation 4, PC (Microsoft Windows), PlayStation 5, Nintendo Switch"
2063,Yakuza 5,yakuza-5,84.3,6,81.1,38,2012,2010,Adventure,PlayStation 3
19839,BioShock: The Collection,bioshock-the-collection,84.2,14,85.9,78,2016,2010,"Shooter, Puzzle, Role-playing (RPG), Adventure","PlayStation 4, PC (Microsoft Windows), Xbox One, Nintendo Switch"
243900,Captain Toad: Treasure Tracker,captain-toad-treasure-tracker--3,84.2,9,67.7,31,2018,2010,"Platform, Puzzle","Nintendo Switch 2, Nintendo Switch"
11174,Destiny: The Taken King,destiny-the-taken-king,84.2,12,78.8,40,2015,2010,"Shooter, Role-playing (RPG), Adventure","PlayStation 3, PlayStation 4, Xbox 360, Xbox One"
421,Final Fantasy IX,final-fantasy-ix,84.2,6,88.2,963,2000,2000,"Role-playing (RPG), Adventure","PlayStation 3, PlayStation, PlayStation Portable"
14523,Helldivers,helldivers,84.2,6,74.4,90,2015,2010,Shooter,"PlayStation 3, PlayStation 4, PC (Microsoft Windows), PlayStation Vita"
191797,House Flipper 2,house-flipper-2,84.2,5,73.8,29,2023,2020,"Simulator, Indie","Xbox Series X|S, Nintendo Switch 2, PC (Microsoft Windows), PlayStation 5"
206810,Mega Man Battle Network Legacy Collection,mega-man-battle-network-legacy-collection,84.2,6,,,2023,2020,"Real Time Strategy (RTS), Role-playing (RPG), Tactical","PlayStation 4, PC (Microsoft Windows), Nintendo Switch"
5057,NBA 2K12,nba-2k12,84.2,6,81.5,49,2011,2010,"Simulator, Sport, Strategy","OnLive Game System, PlayStation 3, PC (Microsoft Windows), Xbox 360"
141192,NEO: The World Ends with You,neo-the-world-ends-with-you,84.2,6,79.6,25,2021,2020,"Role-playing (RPG), Hack and slash/Beat 'em up","PlayStation 4, PC (Microsoft Windows), Nintendo Switch"
41051,Pinball FX3,pinball-fx3,84.2,6,78.9,16,2017,2010,"Simulator, Pinball, Arcade","PlayStation 4, PC (Microsoft Windows), Xbox One, Nintendo Switch"
836,Prince of Persia: The Sands of Time,prince-of-persia-the-sands-of-time,84.2,7,81.7,772,2003,2000,"Platform, Puzzle, Adventure","Xbox, Nintendo GameCube, PC (Microsoft Windows), PlayStation 2"
19925,Pushmo World,pushmo-world,84.2,6,76.0,3,2014,2010,"Platform, Puzzle, Strategy",Wii U
9014,Quadrilateral Cowboy,quadrilateral-cowboy,84.2,13,72.7,17,2016,2010,"Puzzle, Adventure, Indie","Linux, PC (Microsoft Windows), Mac"
11065,Ratchet & Clank,ratchet-and-clank,84.2,18,79.4,467,2016,2010,"Shooter, Platform, Adventure","PlayStation 4, PlayStation 5"
6803,Halo 5: Guardians,halo-5-guardians,84.1,19,75.3,255,2015,2010,Shooter,Xbox One
36792,Pokémon Ultra Sun,pokemon-ultra-sun,84.1,10,74.5,119,2017,2010,"Role-playing (RPG), Adventure",Nintendo 3DS
1981,Saints Row IV,saints-row-iv,84.1,14,74.0,578,2013,2010,"Shooter, Adventure","PlayStation 3, PlayStation 4, Linux, PC (Microsoft Windows), Xbox 360, Xbox One"
75848,Valkyria Chronicles 4,valkyria-chronicles-4,84.1,11,80.0,30,2018,2010,"Role-playing (RPG), Simulator, Strategy, Turn-based strategy (TBS), Tactical","PlayStation 4, PC (Microsoft Windows), Xbox One, Nintendo Switch"
204354,Aliens: Dark Descent,aliens-dark-descent,84.0,5,78.9,22,2023,2020,"Strategy, Adventure","Xbox Series X|S, PlayStation 4, PC (Microsoft Windows), PlayStation 5, Xbox One"
337738,Assassin's Creed Black Flag Resynced,assassins-creed-black-flag-resynced,84.0,4,83.9,36,2026,2020,"Platform, Hack and slash/Beat 'em up, Adventure","Xbox Series X|S, PC (Microsoft Windows), PlayStation 5"
14548,Borderlands: The Handsome Collection,borderlands-the-handsome-collection,84.0,8,78.0,50,2015,2010,"Shooter, Role-playing (RPG)","PlayStation 4, PC (Microsoft Windows), Xbox One, Nintendo Switch"
1391,Dead or Alive 1 Ultimate,dead-or-alive-1-ultimate,84.0,3,76.3,10,2004,2000,Fighting,Xbox
11667,Dragon Quest XI: Echoes of an Elusive Age,dragon-quest-xi-echoes-of-an-elusive-age,84.0,11,84.8,135,2017,2010,"Role-playing (RPG), Turn-based strategy (TBS), Adventure","PlayStation 4, PC (Microsoft Windows)"
16707,Duskers,duskers,84.0,4,63.4,9,2016,2010,"Simulator, Strategy, Indie","Linux, PC (Microsoft Windows), Mac"
342919,Europa Universalis V,europa-universalis-v,84.0,3,81.6,14,2025,2020,Strategy,PC (Microsoft Windows)
1375,F1 2010,f1-2010,84.0,4,76.7,51,2010,2010,"Racing, Simulator, Sport","PlayStation 3, Linux, PC (Microsoft Windows), Xbox 360"
5836,Fight Night Round 3,fight-night-round-3,84.0,5,64.4,32,2006,2000,"Fighting, Sport","Xbox, PlayStation 3, PlayStation Portable, Xbox 360, PlayStation 2"
75234,Guacamelee! 2,guacamelee-2,84.0,13,80.9,92,2018,2010,"Fighting, Platform, Hack and slash/Beat 'em up, Adventure, Indie","PlayStation 4, PC (Microsoft Windows), Xbox One, Nintendo Switch"
102060,Imperator: Rome,imperator-rome,84.0,3,70.7,30,2019,2010,"Real Time Strategy (RTS), Simulator, Strategy, Turn-based strategy (TBS), Tactical","Linux, PC (Microsoft Windows), Mac"
54844,Ion Fury,ion-fury,84.0,8,76.1,49,2019,2010,"Shooter, Indie","PlayStation 4, Linux, PC (Microsoft Windows), Xbox One, Nintendo Switch"
103342,Killer Queen Black,killer-queen-black,84.0,4,70.0,4,2019,2010,"Platform, Sport, Strategy, Indie, Arcade","Google Stadia, PC (Microsoft Windows), Mac, Xbox One, Nintendo Switch"
1867,Killzone 3,killzone-3,84.0,5,77.4,145,2011,2010,Shooter,PlayStation 3
347646,LEGO Voyagers,lego-voyagers,84.0,4,70.1,15,2025,2020,"Platform, Puzzle, Adventure","Xbox Series X|S, PlayStation 4, Nintendo Switch 2, PC (Microsoft Windows), PlayStation 5, Nintendo Switch"
115,League of Legends,league-of-legends,84.0,3,75.4,1018,2009,2000,"Role-playing (RPG), Strategy, MOBA","PC (Microsoft Windows), Mac"
1331,Limbo,limbo,84.0,10,80.9,1617,2010,2010,"Platform, Puzzle, Adventure, Indie","PlayStation 3, PlayStation 4, Linux, Android, PC (Microsoft Windows), iOS, Mac, PlayStation Vita, Xbox 360, Xbox One, Nintendo Switch"
37151,Mario & Luigi: Superstar Saga + Bowser's Minions,mario-and-luigi-superstar-saga-plus-bowsers-minions,84.0,7,81.2,22,2017,2010,"Platform, Role-playing (RPG), Adventure",Nintendo 3DS
249324,Mouse: P.I. For Hire,mouse-pi-for-hire--1,84.0,4,71.4,38,2026,2020,"Shooter, Adventure, Indie","Xbox Series X|S, Nintendo Switch 2, PC (Microsoft Windows), PlayStation 5"
953,NHL 10,nhl-10,84.0,3,81.5,20,2009,2000,"Simulator, Sport","PlayStation 3, Xbox 360"
3227,Nuclear Throne,nuclear-throne,84.0,4,72.5,108,2015,2010,"Shooter, Adventure, Indie, Arcade","PlayStation 4, Linux, PC (Microsoft Windows), Mac, PlayStation Vita, Xbox One, Nintendo Switch"
199736,OTXO,otxo,84.0,4,93.2,10,2023,2020,"Fighting, Shooter, Simulator, Strategy, Indie","PlayStation 4, PC (Microsoft Windows), PlayStation 5, Nintendo Switch"
217592,Pacific Drive,pacific-drive,84.0,5,74.6,75,2024,2020,"Simulator, Adventure, Indie","Xbox Series X|S, PC (Microsoft Windows), PlayStation 5"
28862,Pro Evolution Soccer 2018,pro-evolution-soccer-2018,84.0,8,70.1,84,2017,2010,"Simulator, Sport","PlayStation 3, PlayStation 4, PC (Microsoft Windows), Xbox 360, Xbox One"
120624,Rainbow Billy: The Curse of the Leviathan,rainbow-billy-the-curse-of-the-leviathan,84.0,4,85.3,5,2021,2020,"Platform, Puzzle, Role-playing (RPG), Adventure, Indie","PlayStation 4, PC (Microsoft Windows), Xbox One, Nintendo Switch"
152321,River City Girls 2,river-city-girls-2,84.0,4,72.0,9,2022,2020,"Fighting, Role-playing (RPG), Hack and slash/Beat 'em up, Adventure, Indie, Arcade","Xbox Series X|S, PlayStation 4, Android, PC (Microsoft Windows), iOS, PlayStation 5, Xbox One, Nintendo Switch"
28069,Slime-san,slime-san,84.0,3,65.6,6,2017,2010,"Platform, Adventure, Indie, Arcade","Linux, PC (Microsoft Windows), Mac, Nintendo Switch"
180149,Snufkin: Melody of Moominvalley,snufkin-melody-of-moominvalley,84.0,4,80.1,16,2024,2020,"Music, Puzzle, Role-playing (RPG), Strategy, Adventure, Indie","Xbox Series X|S, Android, PC (Microsoft Windows), PlayStation 5, Mac, Xbox One, Nintendo Switch"
6061,Soul Sacrifice Delta,soul-sacrifice-delta,84.0,4,79.8,6,2014,2010,"Role-playing (RPG), Adventure",PlayStation Vita
26363,Splasher,splasher,84.0,3,62.9,12,2017,2010,"Shooter, Platform, Indie, Arcade","PlayStation 4, Linux, PC (Microsoft Windows), Mac, Xbox One, Nintendo Switch"
4851,Stacking,stacking,84.0,6,66.0,50,2011,2010,"Puzzle, Role-playing (RPG), Adventure, Indie","PlayStation 3, Linux, PC (Microsoft Windows), Mac, Xbox 360"
115282,Tetris 99,tetris-99,84.0,4,82.8,105,2019,2010,"Puzzle, Arcade",Nintendo Switch
204543,The Entropy Centre,the-entropy-centre,84.0,3,79.7,25,2022,2020,"Puzzle, Adventure","Xbox Series X|S, PlayStation 4, PC (Microsoft Windows), PlayStation 5, Xbox One, Nintendo Switch"
279643,The First Berserker: Khazan,the-first-berserker-khazan,84.0,6,81.5,33,2025,2020,"Role-playing (RPG), Hack and slash/Beat 'em up","Xbox Series X|S, PC (Microsoft Windows), PlayStation 5"
23464,Triple Play 2002,triple-play-2002,84.0,3,,,2002,2000,"Simulator, Sport","Xbox, PlayStation 2"
27051,TumbleSeed,tumbleseed,84.0,5,80.0,4,2017,2010,"Adventure, Indie","PlayStation 4, PC (Microsoft Windows), Mac, Nintendo Switch"
467,"Warhammer 40,000: Dawn of War - Dark Crusade",warhammer-40-000-dawn-of-war-dark-crusade,84.0,3,78.3,93,2006,2000,"Real Time Strategy (RTS), Strategy",PC (Microsoft Windows)
113431,Ys IX: Monstrum Nox,ys-ix-monstrum-nox,84.0,6,82.9,34,2019,2010,"Role-playing (RPG), Adventure","Google Stadia, PlayStation 4, PC (Microsoft Windows), PlayStation 5, Nintendo Switch"
28337,13 Sentinels: Aegis Rim,13-sentinels-aegis-rim,83.9,9,91.8,113,2019,2010,"Simulator, Strategy, Tactical, Adventure","PlayStation 4, Nintendo Switch"
8652,Axiom Verge,axiom-verge,83.9,15,76.5,155,2015,2010,"Platform, Adventure, Indie","PlayStation 4, Linux, PC (Microsoft Windows), Mac, Wii U, PlayStation Vita, Xbox One, Nintendo Switch"
78153,Burnout Paradise Remastered,burnout-paradise-remastered,83.9,11,69.4,54,2018,2010,"Racing, Adventure","PlayStation 4, PC (Microsoft Windows), Xbox One, Nintendo Switch"
8975,Football Manager 2014,football-manager-2014,83.9,7,88.1,34,2013,2010,"Simulator, Sport, Strategy","Linux, PC (Microsoft Windows), Mac"
103291,Gears Tactics,gears-tactics,83.9,11,74.0,63,2020,2020,"Strategy, Turn-based strategy (TBS), Tactical","Xbox Series X|S, PC (Microsoft Windows), Xbox One"
3025,Middle-earth: Shadow of Mordor,middle-earth-shadow-of-mordor,83.9,18,79.5,1393,2014,2010,"Role-playing (RPG), Hack and slash/Beat 'em up, Adventure","PlayStation 3, PlayStation 4, Linux, PC (Microsoft Windows), Mac, Xbox 360, Xbox One"
27421,Middle-earth: Shadow of War,middle-earth-shadow-of-war,83.9,19,79.3,479,2017,2010,"Role-playing (RPG), Adventure","PlayStation 4, PC (Microsoft Windows), Xbox One"
11185,Pro Evolution Soccer 2016,pro-evolution-soccer-2016,83.9,7,70.1,91,2015,2010,"Simulator, Sport","PlayStation 3, PlayStation 4, PC (Microsoft Windows), Xbox 360, Xbox One"
26709,Project CARS 2,project-cars-2,83.9,8,76.8,51,2017,2010,"Racing, Simulator","PlayStation 4, PC (Microsoft Windows), Xbox One"
6066,Severed,severed,83.9,15,79.0,26,2016,2010,"Role-playing (RPG), Hack and slash/Beat 'em up, Adventure, Indie","Nintendo 3DS, iOS, Wii U, PlayStation Vita, Nintendo Switch"
76885,SoulCalibur VI,soulcalibur-vi,83.9,14,79.5,122,2018,2010,Fighting,"PlayStation 4, PC (Microsoft Windows), Xbox One"
9254,Subnautica,subnautica,83.9,11,83.0,609,2018,2010,"Adventure, Indie","Xbox Series X|S, PlayStation 4, Nintendo Switch 2, Android, PC (Microsoft Windows), iOS, SteamVR, PlayStation 5, Mac, Oculus Rift, Xbox One, Nintendo Switch"
27448,SuperHot: Mind Control Delete,superhot-mind-control-delete,83.9,10,76.5,98,2020,2020,"Shooter, Puzzle, Indie","Google Stadia, Xbox Series X|S, PlayStation 4, Linux, PC (Microsoft Windows), Mac, Xbox One"
15465,VA-11 Hall-A: Cyberpunk Bartender Action,va-11-hall-a-cyberpunk-bartender-action,83.9,9,85.2,148,2016,2010,"Simulator, Adventure, Indie, Visual Novel","PlayStation 4, Linux, PC (Microsoft Windows), iOS, Mac, PlayStation Vita, Nintendo Switch"
102057,Age of Wonders: Planetfall,age-of-wonders-planetfall,83.8,8,68.0,34,2019,2010,"Simulator, Strategy, Turn-based strategy (TBS), Tactical","PlayStation 4, PC (Microsoft Windows), Mac, Xbox One"
15712,Bejeweled Twist,bejeweled-twist,83.8,4,73.7,9,2008,2000,"Puzzle, Strategy","Zeebo, PC (Microsoft Windows), Nintendo DSi, Nintendo DS, Legacy Mobile Device"
331188,Digimon Story: Time Stranger,digimon-story-time-stranger,83.8,4,80.9,24,2025,2020,"Puzzle, Role-playing (RPG), Adventure","Xbox Series X|S, Nintendo Switch 2, PC (Microsoft Windows), PlayStation 5, Nintendo Switch"
2946,FIFA Soccer 12,fifa-soccer-12,83.8,9,74.5,146,2011,2010,"Simulator, Sport","PlayStation 3, PC (Microsoft Windows), Mac, Xbox 360"
19875,Football Manager 2016,football-manager-2016,83.8,5,84.6,31,2015,2010,"Simulator, Sport, Strategy","Linux, PC (Microsoft Windows), Mac"
547,Gears of War,gears-of-war,83.8,3,81.4,555,2006,2000,Shooter,Xbox 360
1174,Golden Sun: Dark Dawn,golden-sun-dark-dawn,83.8,4,70.1,33,2010,2010,Role-playing (RPG),Nintendo DS
7003,Grand Theft Auto: Episodes from Liberty City,grand-theft-auto-episodes-from-liberty-city,83.8,7,80.7,139,2009,2000,Adventure,"PlayStation 3, PC (Microsoft Windows), Xbox 360"
3263,Grand Theft Auto: Liberty City Stories,grand-theft-auto-liberty-city-stories,83.8,3,74.0,225,2005,2000,"Racing, Adventure",PlayStation Portable
53387,Guild Wars 2: Path of Fire,guild-wars-2-path-of-fire,83.8,4,87.3,31,2017,2010,Role-playing (RPG),"PC (Microsoft Windows), Mac"
15894,Hearts of Iron IV,hearts-of-iron-iv,83.8,6,80.6,214,2016,2010,"Real Time Strategy (RTS), Simulator, Strategy","Linux, PC (Microsoft Windows), Mac"
134588,Kena: Bridge of Spirits,kena-bridge-of-spirits,83.8,11,79.2,225,2021,2020,"Role-playing (RPG), Adventure, Indie","Xbox Series X|S, PlayStation 4, Nintendo Switch 2, PC (Microsoft Windows), PlayStation 5, Xbox One"
59587,L.A. Noire: The VR Case Files,la-noire-the-vr-case-files,83.8,4,60.0,1,2017,2010,"Puzzle, Adventure","PlayStation VR, PC (Microsoft Windows), SteamVR"
239392,Mortal Kombat 1,mortal-kombat-1--1,83.8,6,76.0,101,2023,2020,"Fighting, Adventure","Xbox Series X|S, PC (Microsoft Windows), PlayStation 5, Nintendo Switch"
2977,Mortal Kombat: Komplete Edition,mortal-kombat-komplete-edition,83.8,9,80.8,116,2012,2010,Fighting,"PlayStation 3, PC (Microsoft Windows), PlayStation Vita, Xbox 360"
2986,NHL 13,nhl-13,83.8,6,79.9,19,2012,2010,"Simulator, Sport","PlayStation 3, Xbox 360"
358526,Once Upon a Katamari,once-upon-a-katamari--1,83.8,5,75.0,7,2025,2020,"Puzzle, Adventure","Xbox Series X|S, Nintendo Switch 2, PC (Microsoft Windows), PlayStation 5, Nintendo Switch"
489,Rift,rift,83.8,4,67.6,50,2011,2010,Role-playing (RPG),"Linux, PC (Microsoft Windows)"
235,RollerCoaster Tycoon 3,rollercoaster-tycoon-3,83.8,3,74.1,118,2004,2000,"Simulator, Strategy","PC (Microsoft Windows), Mac"
4175,SSX,ssx,83.8,5,77.1,36,2000,2000,"Puzzle, Racing, Simulator, Sport",PlayStation 2
3154,The Lord of the Rings: The Battle for Middle-earth,the-lord-of-the-rings-the-battle-for-middle-earth,83.8,4,82.1,250,2004,2000,"Real Time Strategy (RTS), Strategy",PC (Microsoft Windows)
1301,Tom Clancy's Ghost Recon Advanced Warfighter 2,tom-clancy-s-ghost-recon-advanced-warfighter-2,83.8,5,73.8,60,2007,2000,"Shooter, Simulator, Strategy, Tactical","PlayStation 3, PC (Microsoft Windows), PlayStation Portable, Xbox 360"
1544,Wipeout HD,wipeout-hd,83.8,4,68.9,37,2008,2000,Racing,PlayStation 3
204628,Wo Long: Fallen Dynasty,wo-long-fallen-dynasty,83.8,6,71.1,55,2023,2020,"Role-playing (RPG), Adventure","Xbox Series X|S, PlayStation 4, Nintendo Switch 2, PC (Microsoft Windows), PlayStation 5, Xbox One"
369852,Yakuza Kiwami 3 & Dark Ties,yakuza-kiwami-3-and-dark-ties,83.8,4,71.4,5,2026,2020,"Role-playing (RPG), Adventure","Xbox Series X|S, PlayStation 4, Nintendo Switch 2, PC (Microsoft Windows), PlayStation 5"
2671,Guitar Hero III: Legends of Rock,guitar-hero-iii-legends-of-rock,83.7,6,83.7,390,2007,2000,"Music, Simulator","PlayStation 3, Wii, PC (Microsoft Windows), Mac, Xbox 360, PlayStation 2"
218183,Hyper Demon,hyper-demon,83.7,3,85.7,12,2022,2020,"Shooter, Indie",PC (Microsoft Windows)
7375,MLB 13: The Show,mlb-13-the-show,83.7,9,,,2013,2010,Sport,"PlayStation 3, PlayStation Vita"
37136,Metroid Prime 4: Beyond,metroid-prime-4-beyond,83.7,3,77.7,39,2025,2020,"Shooter, Platform, Adventure","Nintendo Switch 2, Nintendo Switch"
1864,Ni no Kuni: Wrath of the White Witch,ni-no-kuni-wrath-of-the-white-witch,83.7,10,86.4,206,2011,2010,"Role-playing (RPG), Adventure",PlayStation 3
214408,Stranded: Alien Dawn,stranded-alien-dawn,83.7,3,79.9,6,2023,2020,"Simulator, Strategy","Xbox Series X|S, PlayStation 4, PC (Microsoft Windows), PlayStation 5, Xbox One"
10960,Thumper,thumper,83.7,11,74.5,93,2016,2010,"Music, Adventure, Indie, Arcade","Meta Quest 2, Google Stadia, PlayStation VR2, PlayStation 4, PlayStation VR, Android, PC (Microsoft Windows), iOS, SteamVR, PlayStation 5, Oculus Rift, Xbox One, Nintendo Switch, Oculus Quest"
2115,Titanfall,titanfall,83.7,21,79.6,244,2014,2010,Shooter,"PC (Microsoft Windows), Xbox 360, Xbox One"
22311,Tony Hawk's Underground 2 Remix,tony-hawks-underground-2-remix,83.7,3,70.0,6,2005,2000,Sport,PlayStation Portable
8558,Forza Motorsport 6,forza-motorsport-6,83.6,14,76.5,53,2015,2010,"Racing, Simulator, Sport",Xbox One
347132,Marvel Tokon: Fighting Souls,marvel-tokon-fighting-souls,83.6,5,82.8,7,2026,2020,Fighting,"PC (Microsoft Windows), PlayStation 5"
37095,Moss,moss,83.6,7,79.2,42,2018,2010,"Platform, Puzzle, Adventure","Meta Quest 2, PlayStation VR2, Windows Mixed Reality, PlayStation VR, SteamVR, Meta Quest 3, Oculus Rift, Oculus Quest"
1400,Professor Layton and the Last Specter,professor-layton-and-the-last-specter,83.6,6,76.3,59,2009,2000,"Point-and-click, Puzzle, Visual Novel",Nintendo DS
27958,Radiant Historia: Perfect Chronology,radiant-historia-perfect-chronology,83.6,8,60.7,15,2017,2010,"Role-playing (RPG), Adventure",Nintendo 3DS
19994,Ratchet & Clank Collection,ratchet-and-clank-collection,83.6,5,83.3,19,2012,2010,"Shooter, Platform, Adventure","PlayStation 3, PlayStation Vita"
267306,The Elder Scrolls IV: Oblivion Remastered,the-elder-scrolls-iv-oblivion-remastered,83.6,8,67.0,95,2025,2020,"Role-playing (RPG), Adventure","Xbox Series X|S, Nintendo Switch 2, PC (Microsoft Windows), PlayStation 5"
127111,The Wolf Among Us: Episode 5 - Cry Wolf,the-wolf-among-us-episode-5-cry-wolf,83.6,5,70.0,6,2014,2010,"Point-and-click, Adventure","PlayStation 3, PlayStation 4, PC (Microsoft Windows), Mac, Xbox 360"
152360,Advance Wars 1+2: Re-Boot Camp,advance-wars-1-plus-2-re-boot-camp,83.5,6,83.3,13,2023,2020,"Real Time Strategy (RTS), Strategy, Turn-based strategy (TBS)",Nintendo Switch
120878,Before We Leave,before-we-leave,83.5,6,69.9,14,2020,2020,"Simulator, Strategy, Indie","Xbox Series X|S, PlayStation 4, PC (Microsoft Windows), PlayStation 5, Mac, Xbox One, Nintendo Switch"
7968,Colin McRae Rally 3,colin-mcrae-rally-3,83.5,6,80.0,47,2002,2000,"Racing, Sport","Xbox, PC (Microsoft Windows), PlayStation 2"
361826,Denshattack!,denshattack,83.5,4,80.8,9,2026,2020,"Platform, Racing, Sport, Adventure, Indie","Xbox Series X|S, Nintendo Switch 2, PC (Microsoft Windows), PlayStation 5"
2349,Mario Kart 7,mario-kart-7,83.5,6,81.4,277,2011,2010,"Racing, Arcade",Nintendo 3DS
380,Metal Gear Solid 4: Guns of the Patriots,metal-gear-solid-4-guns-of-the-patriots,83.5,9,87.4,742,2008,2000,"Shooter, Tactical, Adventure",PlayStation 3
15698,Metroid Dread,metroid-dread,83.5,11,84.7,210,2021,2020,"Shooter, Platform, Adventure",Nintendo Switch
5551,Nidhogg,nidhogg,83.5,6,76.3,112,2014,2010,"Fighting, Sport, Indie, Arcade","PlayStation 4, PC (Microsoft Windows), Mac, PlayStation Vita"
228535,Remnant II,remnant-ii,83.5,6,76.9,104,2023,2020,"Shooter, Role-playing (RPG), Adventure","Xbox Series X|S, PC (Microsoft Windows), PlayStation 5"
87683,Spyro Reignited Trilogy,spyro-reignited-trilogy,83.5,13,82.9,240,2018,2010,"Platform, Adventure","PlayStation 4, PC (Microsoft Windows), Xbox One, Nintendo Switch"
24427,Sunless Skies,sunless-skies,83.5,4,83.8,18,2019,2010,"Role-playing (RPG), Adventure, Indie","Linux, PC (Microsoft Windows), Mac"
6895,Super Street Fighter IV: 3D Edition,super-street-fighter-iv-3d-edition,83.5,4,77.1,16,2011,2010,Fighting,Nintendo 3DS
26564,The Legend of Heroes: Trails of Cold Steel III,the-legend-of-heroes-trails-of-cold-steel-iii,83.5,8,85.9,23,2017,2010,"Role-playing (RPG), Strategy, Turn-based strategy (TBS), Adventure","Google Stadia, PlayStation 4, Android, PC (Microsoft Windows), PlayStation 5, Nintendo Switch"
233028,WWE 2K23,wwe-2k23,83.5,4,71.1,11,2023,2020,"Fighting, Simulator, Sport","Xbox Series X|S, PlayStation 4, PC (Microsoft Windows), PlayStation 5, Xbox One"
16618,Ōkamiden,okamiden,83.5,4,69.2,16,2010,2010,Adventure,Nintendo DS
1334,Brothers: A Tale of Two Sons,brothers-a-tale-of-two-sons,83.4,16,80.9,786,2013,2010,"Puzzle, Adventure, Indie","PlayStation 3, PlayStation 4, Windows Phone, Android, PC (Microsoft Windows), iOS, Xbox 360, Xbox One, Nintendo Switch"
103329,Control,control,83.4,15,83.2,951,2019,2010,"Shooter, Adventure","Google Stadia, Xbox Series X|S, PlayStation 4, PC (Microsoft Windows), PlayStation 5, Xbox One"
120,Diablo III,diablo-iii,83.4,15,78.2,940,2012,2010,"Role-playing (RPG), Hack and slash/Beat 'em up, Adventure","PlayStation 3, PlayStation 4, PC (Microsoft Windows), Mac, Xbox 360, Xbox One"
198200,F1 22,f1-22,83.4,5,71.0,35,2022,2020,"Racing, Simulator, Sport","Xbox Series X|S, PlayStation 4, PC (Microsoft Windows), PlayStation 5, Xbox One"
12520,Lovers in a Dangerous Spacetime,lovers-in-a-dangerous-spacetime,83.4,14,72.6,74,2015,2010,"Shooter, Puzzle, Simulator, Adventure, Indie, Arcade","PlayStation 4, Linux, PC (Microsoft Windows), Mac, Xbox One, Nintendo Switch"
28414,Mario + Rabbids Kingdom Battle,mario-plus-rabbids-kingdom-battle,83.4,19,77.4,189,2017,2010,"Puzzle, Role-playing (RPG), Strategy, Tactical, Adventure",Nintendo Switch
19864,Mary Skelter: Nightmares,mary-skelter-nightmares,83.4,5,79.9,5,2016,2010,"Role-playing (RPG), Strategy, Adventure","PC (Microsoft Windows), PlayStation Vita"
6880,Metro Redux,metro-redux,83.4,10,82.5,158,2014,2010,"Shooter, Role-playing (RPG)","PlayStation 4, Linux, PC (Microsoft Windows), Mac, Xbox One, Nintendo Switch"
15140,Ms. Splosion Man,ms-splosion-man,83.4,5,85.1,14,2011,2010,"Platform, Indie, Arcade","Windows Phone, PC (Microsoft Windows), iOS, Xbox 360, Nintendo Switch"
143614,The Legend of Zelda: Skyward Sword HD,the-legend-of-zelda-skyward-sword-hd,83.4,7,77.4,70,2021,2020,"Puzzle, Adventure",Nintendo Switch
21669,Virtua Fighter 5: Final Showdown,virtua-fighter-5-final-showdown,83.4,5,88.0,16,2010,2010,Fighting,"Arcade, PlayStation 3, Xbox 360"
129944,30XX,30xx,83.3,3,55.8,5,2023,2020,"Platform, Adventure, Indie, Arcade","PC (Microsoft Windows), Nintendo Switch"
118607,Art of Rally,art-of-rally,83.3,3,81.2,39,2020,2020,"Racing, Simulator, Sport, Indie, Arcade","Xbox Series X|S, PlayStation 4, Linux, Android, PC (Microsoft Windows), iOS, PlayStation 5, Mac, Xbox One, Nintendo Switch"
113,Assassin's Creed Brotherhood,assassins-creed-brotherhood,83.3,9,82.8,1752,2010,2010,"Puzzle, Adventure","PlayStation 3, PC (Microsoft Windows), Mac, Xbox 360"
150032,Berserk Boy,berserk-boy,83.3,3,,,2024,2020,"Platform, Adventure, Indie, Arcade","PC (Microsoft Windows), PlayStation 5, Nintendo Switch"
217390,Big Hops,big-hops,83.3,3,,,2026,2020,"Platform, Puzzle, Adventure, Indie","PC (Microsoft Windows), PlayStation 5, Nintendo Switch"
15654,Boxboy!,boxboy,83.3,4,77.1,14,2015,2010,"Platform, Puzzle, Strategy",Nintendo 3DS
83727,Call of Duty: Black Ops 4,call-of-duty-black-ops-4,83.3,17,66.8,194,2018,2010,Shooter,"PlayStation 4, PC (Microsoft Windows), Xbox One"
57263,Chuchel,chuchel,83.3,3,73.4,63,2018,2010,"Point-and-click, Puzzle, Adventure, Indie","Android, PC (Microsoft Windows), iOS, Mac"
16312,Circa Infinity,circa-infinity,83.3,3,80.0,3,2015,2010,"Platform, Puzzle, Indie, Arcade","Xbox Series X|S, Linux, Android, PC (Microsoft Windows), iOS, Mac, Xbox One, Nintendo Switch"
20457,City of Villains,city-of-villains,83.3,3,,,2005,2000,Role-playing (RPG),"PC (Microsoft Windows), Mac"
33290,Danmaku Unlimited 3,danmaku-unlimited-3,83.3,3,70.0,1,2017,2010,"Shooter, Indie, Arcade","PlayStation 4, Android, PC (Microsoft Windows), iOS, Nintendo Switch"
26916,Dark Souls III: The Ringed City,dark-souls-iii-the-ringed-city,83.3,11,91.7,103,2017,2010,"Role-playing (RPG), Adventure","PlayStation 4, PC (Microsoft Windows), Xbox One"
11247,Duck Game,duck-game,83.3,4,85.1,110,2014,2010,"Shooter, Platform, Indie, Arcade","PlayStation 4, Ouya, PC (Microsoft Windows), Nintendo Switch"
5629,Dungeons & Dragons Online,dungeons-and-dragons-online,83.3,3,71.6,32,2006,2000,"Role-playing (RPG), Adventure","PC (Microsoft Windows), Mac"
9109,Elite Beat Agents,elite-beat-agents,83.3,3,79.3,42,2006,2000,"Music, Sport",Nintendo DS
14911,Everyday Shooter,everyday-shooter,83.3,3,80.0,3,2006,2000,"Shooter, Music, Indie","PlayStation 3, PC (Microsoft Windows), PlayStation Portable"
28951,F1 2017,f1-2017,83.3,11,78.6,33,2017,2010,"Racing, Simulator, Sport","PlayStation 4, PC (Microsoft Windows), Mac, Xbox One"
217555,Fae Farm,fae-farm,83.3,4,73.3,17,2023,2020,"Role-playing (RPG), Simulator, Adventure","Xbox Series X|S, PlayStation 4, PC (Microsoft Windows), PlayStation 5, Xbox One, Nintendo Switch"
182125,Far Cry 6: Insanity,far-cry-6-insanity,83.3,3,79.5,10,2021,2020,"Shooter, Adventure","Xbox Series X|S, PlayStation 4, PC (Microsoft Windows), PlayStation 5, Xbox One"
392,Final Fantasy XII: Revenant Wings,final-fantasy-xii-revenant-wings,83.3,3,63.9,25,2007,2000,"Role-playing (RPG), Strategy, Adventure",Nintendo DS
117420,Frostpunk: Console Edition,frostpunk-console-edition,83.3,3,,,2019,2010,"Simulator, Strategy, Indie","PlayStation 4, Xbox One"
65910,Fruit Ninja Kinect,fruit-ninja-kinect,83.3,3,,,2011,2010,,Xbox 360
119277,Genshin Impact,genshin-impact,83.3,7,78.9,667,2020,2020,"Role-playing (RPG), Adventure","Xbox Series X|S, PlayStation 4, Android, PC (Microsoft Windows), iOS, PlayStation 5"
35626,Golf Story,golf-story,83.3,7,79.7,45,2017,2010,"Role-playing (RPG), Simulator, Sport, Adventure, Indie","Wii U, Nintendo Switch"
101461,Green Hell,green-hell,83.3,3,83.0,64,2019,2010,"Simulator, Strategy, Adventure, Indie","Xbox Series X|S, PlayStation 4, PC (Microsoft Windows), PlayStation 5, Xbox One, Nintendo Switch"
151140,Gunborg: Dark Matters,gunborg-dark-matters,83.3,3,,,2022,2020,"Shooter, Platform, Indie, Arcade","Xbox Series X|S, PlayStation 4, PC (Microsoft Windows), PlayStation 5, Xbox One, Nintendo Switch"
95002,LittleBigPlanet PS Vita,littlebigplanet-ps-vita,83.3,3,84.2,18,2012,2010,Platform,PlayStation Vita
230593,MLB The Show 23,mlb-the-show-23,83.3,3,81.0,9,2023,2020,"Simulator, Sport","Xbox Series X|S, PlayStation 4, PlayStation 5, Xbox One, Nintendo Switch"
4004,Metal Arms: Glitch in the System,metal-arms-glitch-in-the-system,83.3,4,71.4,19,2003,2000,Shooter,"Xbox, Nintendo GameCube, Xbox 360, PlayStation 2"
115657,Metamorphosis,metamorphosis,83.3,3,72.0,11,2020,2020,"Platform, Puzzle, Adventure, Indie","PlayStation 4, PC (Microsoft Windows), Xbox One, Nintendo Switch"
1165,Meteos,meteos,83.3,3,84.2,11,2005,2000,Puzzle,Nintendo DS
37016,Metro Exodus,metro-exodus,83.3,12,83.0,681,2019,2010,"Shooter, Adventure","Google Stadia, Xbox Series X|S, PlayStation 4, Linux, PC (Microsoft Windows), PlayStation 5, Mac, Xbox One"
287848,Monster Hunter Stories,monster-hunter-stories--1,83.3,4,,,2024,2020,Role-playing (RPG),"PlayStation 4, PC (Microsoft Windows), Xbox One, Nintendo Switch"
23443,NFL Blitz 20-02,nfl-blitz-20-02,83.3,3,53.0,0,2002,2000,"Simulator, Sport","Xbox, Nintendo GameCube, PlayStation 2"
442,Napoleon: Total War,napoleon-total-war,83.3,3,77.9,101,2010,2010,"Real Time Strategy (RTS), Strategy, Turn-based strategy (TBS), Tactical","PC (Microsoft Windows), Mac"
17253,Overfall,overfall,83.3,3,80.0,4,2016,2010,"Role-playing (RPG), Strategy, Indie","Linux, PC (Microsoft Windows), Mac"
119347,Per Aspera,per-aspera,83.3,3,77.1,5,2020,2020,"Simulator, Strategy, Indie",PC (Microsoft Windows)
10631,Picross 3D,picross-3d,83.3,4,80.5,19,2009,2000,Puzzle,"Wii U, Nintendo DS"
1560,Pokémon Diamond Version,pokemon-diamond-version,83.3,3,79.0,334,2006,2000,"Role-playing (RPG), Turn-based strategy (TBS), Adventure",Nintendo DS
12513,Rampage Knights,rampage-knights,83.3,3,77.7,12,2015,2010,"Fighting, Role-playing (RPG), Hack and slash/Beat 'em up, Adventure, Indie, Arcade","PC (Microsoft Windows), Mac, Nintendo Switch"
19726,Rayman Fiesta Run,rayman-fiesta-run,83.3,3,75.0,13,2013,2010,"Platform, Adventure","Windows Phone, Android, PC (Microsoft Windows), iOS"
21533,Resident Evil 4: Wii Edition,resident-evil-4-wii-edition,83.3,3,85.1,35,2007,2000,"Shooter, Adventure","Wii, Wii U"
137894,Roboquest,roboquest,83.3,3,79.9,41,2023,2020,"Shooter, Indie","Xbox Series X|S, PlayStation 4, PC (Microsoft Windows), PlayStation 5, Xbox One"
18830,Rymdkapsel,rymdkapsel,83.3,3,81.8,6,2013,2010,"Puzzle, Simulator, Strategy, Indie","Linux, Android, PC (Microsoft Windows), iOS, Mac, PlayStation Vita"
185631,Sam & Max: Beyond Time and Space,sam-and-max-beyond-time-and-space,83.3,3,80.0,8,2021,2020,"Point-and-click, Puzzle, Adventure, Indie","PlayStation 4, PC (Microsoft Windows), Xbox One, Nintendo Switch"
140878,Sam & Max: Save the World,sam-and-max-save-the-world,83.3,3,77.7,10,2020,2020,"Point-and-click, Puzzle, Adventure, Indie","PlayStation 4, PC (Microsoft Windows), Xbox One, Nintendo Switch"
2247,Savage: The Battle for Newerth,savage-the-battle-for-newerth,83.3,3,,,2003,2000,"Fighting, Shooter, Real Time Strategy (RTS), Strategy","Linux, PC (Microsoft Windows), Mac"
19650,Section 8: Prejudice,section-8-prejudice,83.3,3,58.3,7,2011,2010,Shooter,"PlayStation 3, Linux, PC (Microsoft Windows), Xbox 360"
80185,Sega Genesis Classics,sega-genesis-classics,83.3,3,89.1,15,2018,2010,"Shooter, Platform, Puzzle, Racing, Role-playing (RPG), Hack and slash/Beat 'em up, Pinball, Adventure, Arcade","PlayStation 4, Xbox One, Nintendo Switch"
857,Serious Sam: The First Encounter,serious-sam-the-first-encounter,83.3,3,78.9,267,2001,2000,"Shooter, Indie","Xbox, PC (Microsoft Windows)"
23910,Shovel Knight: Specter of Torment,shovel-knight-specter-of-torment,83.3,6,89.5,44,2017,2010,"Platform, Adventure, Indie","PlayStation 3, PlayStation 4, Linux, Nintendo 3DS, PC (Microsoft Windows), Mac, Wii U, PlayStation Vita, Xbox One, Nintendo Switch"
1800,Sly 3: Honor Among Thieves,sly-3-honor-among-thieves,83.3,3,74.6,110,2005,2000,"Platform, Adventure",PlayStation 2
1566,SoulCalibur III,soulcalibur-iii,83.3,3,79.8,133,2005,2000,"Fighting, Strategy",PlayStation 2
3251,Super Hexagon,super-hexagon,83.3,3,79.4,139,2012,2010,"Music, Indie, Arcade","BlackBerry OS, Linux, Android, PC (Microsoft Windows), iOS, Mac"
2133,Super Stardust HD,super-stardust-hd,83.3,3,85.5,27,2007,2000,"Shooter, Arcade",PlayStation 3
907,TOCA Race Driver 3,toca-race-driver-3,83.3,3,71.8,27,2006,2000,"Racing, Simulator, Sport","Xbox, PC (Microsoft Windows), Mac, PlayStation Portable, PlayStation 2"
95011,Tales from the Borderlands: Episode 3 - Catch a Ride,tales-from-the-borderlands-episode-3-catch-a-ride,83.3,3,,,2015,2010,"Point-and-click, Adventure","PlayStation 3, PlayStation 4, Android, PC (Microsoft Windows), iOS, Xbox 360, Xbox One"
127037,Tales from the Borderlands: Episode 4 - Escape Plan Bravo,tales-from-the-borderlands-episode-4-escape-plan-bravo,83.3,3,,,2015,2010,"Point-and-click, Adventure","PlayStation 3, PlayStation 4, Android, PC (Microsoft Windows), iOS, Xbox 360, Xbox One"
122666,Teardown,teardown,83.3,3,79.7,59,2022,2020,"Puzzle, Simulator, Strategy, Indie","Xbox Series X|S, PC (Microsoft Windows), PlayStation 5"
1238,Tekken Tag Tournament 2,tekken-tag-tournament-2,83.3,10,73.9,111,2012,2010,Fighting,"Arcade, PlayStation 3, Xbox 360"
25935,The Artful Escape,the-artful-escape,83.3,6,82.5,58,2021,2020,"Music, Platform, Puzzle, Role-playing (RPG), Adventure, Indie","Xbox Series X|S, PlayStation 4, PC (Microsoft Windows), PlayStation 5, Xbox One, Nintendo Switch"
26364,The Binding of Isaac: Afterbirth+,the-binding-of-isaac-afterbirth-plus,83.3,3,85.0,102,2017,2010,"Shooter, Role-playing (RPG), Adventure, Indie","PlayStation 4, Linux, PC (Microsoft Windows), Mac, Nintendo Switch"
21767,The Count Lucanor,the-count-lucanor,83.3,3,77.4,23,2016,2010,"Role-playing (RPG), Adventure, Indie","PlayStation 4, Linux, PC (Microsoft Windows), Mac, PlayStation Vita, Xbox One, Nintendo Switch"
152246,The Outer Worlds 2,the-outer-worlds-2,83.3,4,69.3,46,2025,2020,"Role-playing (RPG), Adventure","Xbox Series X|S, PC (Microsoft Windows), PlayStation 5"
194404,The Quarry,the-quarry,83.3,8,73.9,240,2022,2020,Adventure,"Xbox Series X|S, PlayStation 4, PC (Microsoft Windows), PlayStation 5, Xbox One"
123991,The Room VR: A Dark Matter,the-room-vr-a-dark-matter,83.3,3,75.7,12,2020,2020,"Puzzle, Adventure, Indie","Oculus VR, Meta Quest 2, PlayStation VR2, PlayStation VR, SteamVR, Oculus Quest"
127061,The Walking Dead: Season Two - Episode 5: No Going Back,the-walking-dead-season-two-episode-5-no-going-back,83.3,6,80.0,6,2014,2010,"Point-and-click, Adventure","PlayStation 3, PlayStation 4, Android, PC (Microsoft Windows), iOS, Mac, PlayStation Vita, Xbox 360, Xbox One"
2480,Torchlight,torchlight,83.3,3,74.3,263,2009,2000,"Role-playing (RPG), Hack and slash/Beat 'em up","Linux, PC (Microsoft Windows), Mac, Xbox 360"
2145,Trials HD,trials-hd,83.3,3,74.7,34,2009,2000,"Platform, Puzzle, Racing, Sport","PC (Microsoft Windows), Xbox 360, Xbox One"
1545,Wipeout 2048,wipeout-2048,83.3,3,81.4,20,2012,2010,Racing,"PlayStation 4, PlayStation Vita"
491,Castlevania: Lords of Shadow,castlevania-lords-of-shadow,83.2,4,80.3,230,2010,2010,"Hack and slash/Beat 'em up, Adventure","PlayStation 3, PC (Microsoft Windows), Xbox 360"
19928,Crashmo,crashmo,83.2,5,,,2012,2010,"Platform, Puzzle",Nintendo 3DS
115425,Darkest Dungeon II,darkest-dungeon-ii,83.2,5,85.5,63,2023,2020,"Role-playing (RPG), Strategy, Turn-based strategy (TBS), Tactical, Adventure, Indie","Xbox Series X|S, PlayStation 4, PC (Microsoft Windows), PlayStation 5, Mac, Xbox One, Nintendo Switch"
295199,Eternal Strands,eternal-strands,83.2,5,79.8,8,2025,2020,Adventure,"Xbox Series X|S, PC (Microsoft Windows), PlayStation 5"
11071,FIFA 16,fifa-16,83.2,13,72.1,226,2015,2010,Sport,"PlayStation 4, PC (Microsoft Windows), Xbox One"
6356,Fight Night Champion,fight-night-champion,83.2,5,81.8,45,2011,2010,"Fighting, Simulator, Sport","PlayStation 3, Xbox 360"
1354,Flower,flower,83.2,6,74.6,233,2009,2000,"Puzzle, Simulator, Adventure","PlayStation 3, PlayStation 4, PC (Microsoft Windows), iOS, PlayStation Vita"
22788,Granblue Fantasy: Relink,granblue-fantasy-relink,83.2,5,82.8,44,2024,2020,"Role-playing (RPG), Hack and slash/Beat 'em up, Adventure","PlayStation 4, PC (Microsoft Windows), PlayStation 5"
8965,Darkest Dungeon,darkest-dungeon,83.1,10,81.4,461,2016,2010,"Role-playing (RPG), Strategy, Turn-based strategy (TBS), Tactical, Adventure, Indie","PlayStation 4, Linux, PC (Microsoft Windows), iOS, Mac, PlayStation Vita, Xbox One, Nintendo Switch"
279634,Dragon Ball: Sparking! Zero,dragon-ball-sparking-zero,83.1,7,90.1,79,2024,2020,Fighting,"Xbox Series X|S, Nintendo Switch 2, PC (Microsoft Windows), PlayStation 5, Nintendo Switch"
11186,Gears of War 4,gears-of-war-4,83.1,27,76.3,244,2016,2010,Shooter,"PC (Microsoft Windows), Xbox One"
25821,Hatsune Miku: Project Diva Future Tone,hatsune-miku-project-diva-future-tone,83.1,8,70.5,19,2016,2010,Music,PlayStation 4
284716,Sonic X Shadow Generations,sonic-x-shadow-generations,83.1,10,80.0,26,2024,2020,"Platform, Adventure","Xbox Series X|S, PlayStation 4, Nintendo Switch 2, PC (Microsoft Windows), PlayStation 5, Xbox One, Nintendo Switch"
1062,Alan Wake,alan-wake,83.0,7,81.3,1016,2010,2010,"Shooter, Adventure","PC (Microsoft Windows), Xbox 360"
207018,Atari 50: The Anniversary Celebration,atari-50-the-anniversary-celebration,83.0,5,80.0,9,2022,2020,"Fighting, Shooter, Platform, Puzzle, Racing, Simulator, Sport, Hack and slash/Beat 'em up, Pinball, Adventure, Arcade","Xbox Series X|S, PlayStation 4, PC (Microsoft Windows), PlayStation 5, Xbox One, Nintendo Switch"
96066,Batman: The Enemy Within - Episode 5: Same Stitch,batman-the-enemy-within-episode-5-same-stitch,83.0,5,,,2018,2010,"Point-and-click, Adventure","PlayStation 4, Android, PC (Microsoft Windows), iOS, Mac, Xbox One"
135940,Bomb Rush Cyberfunk,bomb-rush-cyberfunk,83.0,3,78.4,33,2023,2020,"Platform, Role-playing (RPG), Sport, Adventure, Indie","Xbox Series X|S, PlayStation 4, PC (Microsoft Windows), PlayStation 5, Xbox One, Nintendo Switch"
21127,Broken Sword: Shadow of the Templars - The Director's Cut,broken-sword-shadow-of-the-templars-the-directors-cut,83.0,3,74.9,57,2009,2000,"Point-and-click, Puzzle, Adventure","Linux, Wii, Android, PC (Microsoft Windows), iOS, Mac"
11783,Cave Story 3D,cave-story-3d,83.0,5,89.2,7,2011,2010,"Platform, Adventure",Nintendo 3DS
31561,Chess Ultra,chess-ultra,83.0,5,69.9,11,2017,2010,"Puzzle, Simulator, Sport, Strategy, Quiz/Trivia, Indie, Card & Board Game","PlayStation 4, PlayStation VR, PC (Microsoft Windows), SteamVR, Oculus Rift, Xbox One, Nintendo Switch"
36198,Children of Morta,children-of-morta,83.0,11,70.9,148,2019,2010,"Role-playing (RPG), Adventure, Indie","PlayStation 4, Linux, Android, PC (Microsoft Windows), iOS, Mac, Xbox One, Nintendo Switch"
21047,Dead Head Fred,dead-head-fred,83.0,3,,,2007,2000,"Platform, Adventure","PlayStation Vita, PlayStation Portable"
19601,Deus Ex GO,deus-ex-go,83.0,5,65.7,26,2016,2010,"Puzzle, Turn-based strategy (TBS)","Windows Phone, Android, PC (Microsoft Windows), iOS"
1817,Dragon Quest VI: Realms of Revelation,dragon-quest-vi-realms-of-revelation,83.0,3,79.4,27,2010,2010,"Role-playing (RPG), Sport","Android, iOS, Nintendo DS"
9269,Dungeon Siege II,dungeon-siege-ii,83.0,4,77.9,82,2005,2000,Role-playing (RPG),PC (Microsoft Windows)
19405,F1 2016,f1-2016,83.0,14,77.1,21,2016,2010,"Racing, Simulator, Sport","PlayStation 4, PC (Microsoft Windows), iOS, Xbox One"
193538,F1 Manager 2022,f1-manager-2022,83.0,3,70.1,11,2022,2020,"Racing, Simulator, Sport, Strategy","Xbox Series X|S, PlayStation 4, PC (Microsoft Windows), PlayStation 5, Xbox One"
1444,Fire Emblem: Shadow Dragon,fire-emblem-shadow-dragon,83.0,3,73.2,67,2008,2000,"Role-playing (RPG), Strategy, Turn-based strategy (TBS), Tactical","Wii U, Nintendo DS"
18435,Frozen Synapse 2,frozen-synapse-2,83.0,3,60.0,1,2018,2010,"Real Time Strategy (RTS), Strategy, Turn-based strategy (TBS), Tactical, Indie","Linux, PC (Microsoft Windows), Mac"
4884,Geometry Wars: Galaxies,geometry-wars-galaxies,83.0,4,52.6,8,2007,2000,"Shooter, Arcade","Wii, Nintendo DS"
8232,Grey Goo,grey-goo,83.0,4,70.1,22,2015,2010,"Real Time Strategy (RTS), Strategy",PC (Microsoft Windows)
348166,High on Life 2,high-on-life-2,83.0,3,78.0,17,2026,2020,"Shooter, Adventure","Xbox Series X|S, Nintendo Switch 2, PC (Microsoft Windows), PlayStation 5"
124701,Legends of Runeterra,legends-of-runeterra,83.0,3,76.1,78,2020,2020,"Strategy, Turn-based strategy (TBS), Card & Board Game","Android, PC (Microsoft Windows), iOS"
7370,MLB 08: The Show,mlb-08-the-show,83.0,4,,,2008,2000,Sport,"PlayStation 3, PlayStation Portable, PlayStation 2"
250635,Metal Gear Solid Master Collection: Volume 1,metal-gear-solid-master-collection-volume-1,83.0,4,90.2,6,2023,2020,"Shooter, Tactical, Adventure","Xbox Series X|S, PlayStation 4, Nintendo Switch 2, PC (Microsoft Windows), PlayStation 5, Nintendo Switch"
8838,NBA 2K9,nba-2k9,83.0,5,71.2,9,2008,2000,"Simulator, Sport","PlayStation 3, PC (Microsoft Windows), Xbox 360"
875,NHL 08,nhl-08,83.0,3,71.6,19,2007,2000,Sport,"PlayStation 3, PC (Microsoft Windows), Xbox 360, PlayStation 2"
21699,Need for Speed Most Wanted U,need-for-speed-most-wanted-u,83.0,3,73.9,4,2013,2010,"Racing, Sport",Wii U
89749,Octahedron,octahedron--1,83.0,3,73.9,6,2018,2010,"Platform, Puzzle, Indie","PlayStation 4, PC (Microsoft Windows), Xbox One, Nintendo Switch"
125174,Overwatch,overwatch--1,83.0,3,69.7,432,2023,2020,Shooter,"Xbox Series X|S, PlayStation 4, Nintendo Switch 2, PC (Microsoft Windows), PlayStation 5, Xbox One, Nintendo Switch"
145784,Oxenfree II: Lost Signals,oxenfree-ii-lost-signals,83.0,5,69.3,30,2023,2020,"Adventure, Indie","PlayStation 4, Android, PC (Microsoft Windows), iOS, PlayStation 5, Nintendo Switch"
252729,Persona 5 Tactica,persona-5-tactica,83.0,8,79.1,20,2023,2020,"Role-playing (RPG), Simulator, Strategy, Tactical","Xbox Series X|S, PlayStation 4, PC (Microsoft Windows), PlayStation 5, Xbox One, Nintendo Switch"
306146,Phantom Brave: The Lost Hero,phantom-brave-the-lost-hero,83.0,3,,,2025,2020,"Role-playing (RPG), Strategy, Adventure","PlayStation 4, PC (Microsoft Windows), PlayStation 5, Nintendo Switch"
5992,Psi-Ops: The Mindgate Conspiracy,psi-ops-the-mindgate-conspiracy,83.0,4,66.1,34,2004,2000,Shooter,"Xbox, PC (Microsoft Windows), PlayStation 2"
141863,Raiden IV x Mikado Remix,raiden-iv-x-mikado-remix,83.0,4,,,2021,2020,"Shooter, Adventure, Arcade","Xbox Series X|S, PlayStation 4, PC (Microsoft Windows), PlayStation 5, Xbox One, Nintendo Switch"
337024,Raidou Remastered: The Mystery of the Soulless Army,raidou-remastered-the-mystery-of-the-soulless-army,83.0,3,87.4,5,2025,2020,"Role-playing (RPG), Adventure","Xbox Series X|S, PlayStation 4, Nintendo Switch 2, PC (Microsoft Windows), PlayStation 5, Nintendo Switch"
55106,Reigns: Her Majesty,reigns-her-majesty,83.0,3,69.4,22,2017,2010,"Role-playing (RPG), Simulator, Strategy, Adventure, Indie, Card & Board Game","Linux, Android, PC (Microsoft Windows), iOS, Mac"
5122,Rhythm Heaven Fever,rhythm-heaven-fever,83.0,6,79.3,32,2011,2010,Music,"Wii, Wii U"
141543,Road 96,road-96,83.0,8,74.1,142,2021,2020,"Puzzle, Adventure, Indie","Xbox Series X|S, PlayStation 4, PC (Microsoft Windows), PlayStation 5, Xbox One, Nintendo Switch"
95832,Shantae: Half-Genie Hero - Ultimate Edition,shantae-half-genie-hero-ultimate-edition,83.0,3,89.1,15,2018,2010,"Platform, Adventure, Indie","Google Stadia, PlayStation 4, PC (Microsoft Windows), PlayStation 5, Xbox One, Nintendo Switch"
125250,Skald: Against the Black Priory,skald-against-the-black-priory,83.0,3,,,2024,2020,"Role-playing (RPG), Adventure, Indie","PC (Microsoft Windows), Mac"
2586,Skate 2,skate-2,83.0,4,84.5,74,2009,2000,"Racing, Simulator, Sport","PlayStation 3, Xbox 360"
56057,Steins;Gate Elite,steins-gate-elite,83.0,5,89.8,10,2016,2010,"Role-playing (RPG), Adventure, Visual Novel","PlayStation 4, PC (Microsoft Windows), iOS, PlayStation Vita, Nintendo Switch"
15909,The Bug Butcher,the-bug-butcher,83.0,6,64.7,12,2016,2010,"Shooter, Indie, Arcade","PlayStation 4, Linux, Android, PC (Microsoft Windows), iOS, Mac, Xbox One, Nintendo Switch"
78115,The Legend of Heroes: Trails of Cold Steel IV,the-legend-of-heroes-trails-of-cold-steel-iv,83.0,4,88.7,19,2018,2010,Role-playing (RPG),"Google Stadia, PlayStation 4, PC (Microsoft Windows), PlayStation 5, Nintendo Switch"
41826,The Legend of Zelda: Breath of the Wild - The Champions' Ballad,the-legend-of-zelda-breath-of-the-wild-the-champions-ballad,83.0,5,84.4,49,2017,2010,"Puzzle, Adventure","Nintendo Switch 2, Wii U, Nintendo Switch"
111815,Unsighted,unsighted,83.0,4,71.6,16,2021,2020,"Shooter, Platform, Role-playing (RPG), Hack and slash/Beat 'em up, Adventure, Indie","PlayStation 4, PC (Microsoft Windows), Xbox One, Nintendo Switch"
203258,"Warhammer 40,000: Boltgun",warhammer-40000-boltgun,83.0,5,77.2,44,2023,2020,"Shooter, Indie, Arcade","Xbox Series X|S, PlayStation 4, PC (Microsoft Windows), PlayStation 5, Xbox One, Nintendo Switch"
1332,World of Warcraft: Mists of Pandaria,world-of-warcraft-mists-of-pandaria,83.0,4,78.0,181,2012,2010,"Role-playing (RPG), Adventure","PC (Microsoft Windows), Mac"
28289,Yomawari: Midnight Shadows,yomawari-midnight-shadows,83.0,5,70.0,8,2017,2010,"Puzzle, Strategy, Adventure","PlayStation 4, PC (Microsoft Windows), PlayStation 5, PlayStation Vita"
17001,Ashen,ashen--1,82.9,7,78.6,57,2018,2010,"Role-playing (RPG), Adventure, Indie","PlayStation 4, PC (Microsoft Windows), Xbox One, Nintendo Switch"
9498,Deus Ex: Mankind Divided,deus-ex-mankind-divided,82.9,29,77.6,572,2016,2010,"Shooter, Puzzle, Role-playing (RPG), Adventure","PlayStation 4, Linux, PC (Microsoft Windows), Mac, Xbox One"
26948,Dirt 4,dirt-4,82.9,12,73.1,68,2017,2010,"Racing, Simulator, Sport","PlayStation 4, Linux, PC (Microsoft Windows), Mac, Xbox One"
2001,Far Cry 3: Blood Dragon,far-cry-3-blood-dragon,82.9,15,78.5,401,2013,2010,"Shooter, Adventure","Google Stadia, PlayStation 3, PC (Microsoft Windows), Xbox 360"
7316,Gran Turismo 6,gran-turismo-6,82.9,11,81.8,84,2013,2010,"Racing, Simulator, Sport",PlayStation 3
1795,Ratchet & Clank Future: A Crack in Time,ratchet-clank-future-a-crack-in-time,82.9,7,80.0,151,2009,2000,"Shooter, Platform, Adventure, Arcade",PlayStation 3
254337,Star Ocean: The Second Story R,star-ocean-the-second-story-r,82.9,7,89.7,9,2023,2020,"Role-playing (RPG), Adventure","PlayStation 4, Nintendo Switch 2, PC (Microsoft Windows), PlayStation 5, Nintendo Switch"
114940,The Walking Dead: Season One - Episode 1: A New Day,the-walking-dead-season-one-episode-1-a-new-day,82.9,8,85.2,15,2012,2010,Point-and-click,"PlayStation 3, PlayStation 4, Android, PC (Microsoft Windows), iOS, Mac, PlayStation Vita, Xbox 360, Xbox One, Nintendo Switch"
55036,Anno 1800,anno-1800,82.8,5,86.7,140,2019,2010,"Real Time Strategy (RTS), Simulator, Strategy","Xbox Series X|S, PC (Microsoft Windows), PlayStation 5"
346035,Ball x Pit,ball-x-pit,82.8,5,74.6,54,2025,2020,"Shooter, Indie, Arcade","Xbox Series X|S, Nintendo Switch 2, Android, PC (Microsoft Windows), iOS, PlayStation 5, Mac, Nintendo Switch"
20018,Darknet,darknet,82.8,4,70.0,0,2014,2010,"Puzzle, Strategy, Indie","PlayStation 4, PlayStation VR, Android, PC (Microsoft Windows), Oculus Rift"
20110,Donkey Kong Country Returns 3D,donkey-kong-country-returns-3d,82.8,8,76.2,35,2013,2010,Platform,Nintendo 3DS
19002,Gonner,gonner,82.8,4,70.0,22,2016,2010,"Shooter, Platform, Adventure, Indie, Arcade","PlayStation 4, Linux, PC (Microsoft Windows), Mac, Nintendo Switch"
12078,Hatsune Miku: Project Diva X,hatsune-miku-project-diva-x,82.8,9,70.1,15,2016,2010,Music,"PlayStation 4, PlayStation Vita"
8114,Jazzpunk,jazzpunk,82.8,8,74.0,71,2014,2010,"Puzzle, Adventure, Indie","Linux, PC (Microsoft Windows), Mac"
366880,Mario Tennis Fever,mario-tennis-fever,82.8,4,,,2026,2020,Sport,Nintendo Switch 2
18182,Momodora: Reverie Under the Moonlight,momodora-reverie-under-the-moonlight,82.8,6,84.4,127,2016,2010,"Platform, Role-playing (RPG), Adventure, Indie","PlayStation 4, Linux, PC (Microsoft Windows), Mac, Xbox One, Nintendo Switch"
8750,N++,n-plus-plus,82.8,10,88.2,32,2015,2010,"Platform, Puzzle, Indie, Arcade","PlayStation 4, Linux, PC (Microsoft Windows), Mac, Xbox One, Nintendo Switch"
5054,NBA 2K10,nba-2k10,82.8,5,74.5,29,2009,2000,"Simulator, Sport","PlayStation 3, Wii, PC (Microsoft Windows), PlayStation Portable, Xbox 360, PlayStation 2"
109457,New Super Mario Bros. U Deluxe,new-super-mario-bros-u-deluxe,82.8,9,71.7,77,2019,2010,Platform,"Nintendo Switch 2, Nintendo Switch"
68461,Nioh: Complete Edition,nioh-complete-edition,82.8,5,82.1,48,2017,2010,"Role-playing (RPG), Hack and slash/Beat 'em up","PlayStation 4, PC (Microsoft Windows)"
214135,PGA Tour 2K23,pga-tour-2k23,82.8,5,66.7,5,2022,2020,"Role-playing (RPG), Simulator, Sport","Xbox Series X|S, PlayStation 4, PC (Microsoft Windows), PlayStation 5, Xbox One"
18829,Planet Coaster,planet-coaster--1,82.8,12,80.7,120,2016,2010,"Simulator, Strategy","PC (Microsoft Windows), Mac"
19460,Shiren the Wanderer: The Tower of Fortune and the Dice of Fate,shiren-the-wanderer-the-tower-of-fortune-and-the-dice-of-fate,82.8,9,,,2010,2010,Role-playing (RPG),Nintendo DS
122097,Shovel Knight Dig,shovel-knight-dig,82.8,4,76.8,6,2022,2020,"Platform, Strategy, Adventure, Indie","Xbox Series X|S, PC (Microsoft Windows), iOS, PlayStation 5, Mac, Nintendo Switch"
74701,Star Wars Jedi: Fallen Order,star-wars-jedi-fallen-order,82.8,13,80.9,1038,2019,2010,Adventure,"Google Stadia, Xbox Series X|S, PlayStation 4, PC (Microsoft Windows), PlayStation 5, Xbox One"
121763,Syberia: The World Before,syberia-the-world-before,82.8,4,76.0,41,2022,2020,"Point-and-click, Puzzle, Adventure","Xbox Series X|S, PlayStation 4, PC (Microsoft Windows), PlayStation 5, Xbox One"
121748,The Touryst,the-touryst,82.8,4,68.1,26,2019,2010,"Platform, Puzzle, Adventure, Indie, Arcade","Xbox Series X|S, PlayStation 4, PC (Microsoft Windows), PlayStation 5, Xbox One, Nintendo Switch"
6296,Xanadu Next,xanadu-next,82.8,6,85.3,7,2005,2000,"Role-playing (RPG), Hack and slash/Beat 'em up","N-Gage, PC (Microsoft Windows)"
2064,Antichamber,antichamber,82.7,6,80.8,208,2013,2010,"Platform, Puzzle, Adventure, Indie","Linux, PC (Microsoft Windows), Mac"
333600,Blades of Fire,blades-of-fire,82.7,3,50.9,6,2025,2020,Adventure,"Xbox Series X|S, PC (Microsoft Windows), PlayStation 5"
20530,Bleach: The Blade of Fate,bleach-the-blade-of-fate,82.7,3,65.0,6,2006,2000,Fighting,Nintendo DS
103204,Destiny 2: Forsaken,destiny-2-forsaken,82.7,10,82.0,52,2018,2010,"Shooter, Adventure","Google Stadia, PlayStation 3, PlayStation 4, PC (Microsoft Windows), Xbox One"
14568,Dishonored: The Knife of Dunwall,dishonored-the-knife-of-dunwall,82.7,7,77.6,96,2013,2010,Adventure,"PlayStation 3, PlayStation 4, PC (Microsoft Windows), Xbox 360, Xbox One"
146917,Dungeons of Hinterberg,dungeons-of-hinterberg,82.7,3,70.2,20,2024,2020,"Role-playing (RPG), Hack and slash/Beat 'em up, Adventure, Indie","Xbox Series X|S, PlayStation 4, Android, PC (Microsoft Windows), iOS, PlayStation 5, Xbox One"
125764,Guilty Gear: Strive,guilty-gear-strive,82.7,7,80.1,69,2021,2020,Fighting,"Arcade, Xbox Series X|S, PlayStation 4, PC (Microsoft Windows), PlayStation 5, Xbox One"
109274,Judgment,judgment,82.7,14,83.6,92,2018,2010,"Role-playing (RPG), Adventure",PlayStation 4
1224,Kingdom Hearts Birth by Sleep,kingdom-hearts-birth-by-sleep,82.7,3,85.0,162,2010,2010,Role-playing (RPG),PlayStation Portable
122048,Mega Man Zero/ZX: Legacy Collection,mega-man-zero-slash-zx-legacy-collection,82.7,6,89.2,10,2020,2020,"Shooter, Platform, Hack and slash/Beat 'em up, Adventure","PlayStation 4, PC (Microsoft Windows), Xbox One, Nintendo Switch"
712,Microsoft Flight Simulator 2004: A Century of Flight,microsoft-flight-simulator-2004-a-century-of-flight,82.7,3,71.2,9,2003,2000,Simulator,PC (Microsoft Windows)
111661,Omno,omno,82.7,3,84.3,44,2021,2020,"Platform, Puzzle, Adventure, Indie","PlayStation 4, PC (Microsoft Windows), Xbox One, Nintendo Switch"
9912,PixelJunk Shooter,pixeljunk-shooter,82.7,3,79.2,24,2009,2000,"Shooter, Puzzle","PlayStation 3, Linux, PC (Microsoft Windows), Mac"
79995,Sable,sable,82.7,7,73.5,65,2021,2020,"Platform, Puzzle, Role-playing (RPG), Adventure, Indie","Xbox Series X|S, PlayStation 4, PC (Microsoft Windows), PlayStation 5, Xbox One"
202,Sam & Max Hit the Road,sam-max-hit-the-road,82.7,3,84.8,157,1993,1990,"Point-and-click, Puzzle, Adventure","Linux, PC (Microsoft Windows), Mac, DOS"
5971,Shadows of the Damned,shadows-of-the-damned,82.7,4,75.8,68,2011,2010,"Shooter, Puzzle","PlayStation 3, Xbox 360"
3271,Sid Meier's Civilization V: Gods & Kings,sid-meiers-civilization-v-gods-and-kings,82.7,6,84.8,59,2012,2010,"Simulator, Strategy, Turn-based strategy (TBS)","Linux, PC (Microsoft Windows), Mac"
868,Sid Meier's Pirates!,sid-meier-s-pirates,82.7,3,81.6,121,2004,2000,"Real Time Strategy (RTS), Role-playing (RPG), Simulator, Strategy, Adventure","Windows Phone, PC (Microsoft Windows), iOS, Mac"
5893,Tales from Space: Mutant Blobs Attack,tales-from-space-mutant-blobs-attack,82.7,6,80.8,14,2012,2010,"Platform, Puzzle, Indie","PlayStation 3, Linux, PC (Microsoft Windows), Mac, PlayStation Vita, Xbox 360, Nintendo Switch"
23322,The Legend of Heroes: Trails from Zero,the-legend-of-heroes-trails-from-zero,82.7,3,89.7,29,2020,2020,"Role-playing (RPG), Turn-based strategy (TBS)","PlayStation 4, Nintendo Switch 2, PC (Microsoft Windows), PlayStation 5, Nintendo Switch"
113119,The Stanley Parable: Ultra Deluxe,the-stanley-parable-ultra-deluxe,82.7,3,86.7,211,2022,2020,"Simulator, Adventure","Xbox Series X|S, PlayStation 4, Linux, PC (Microsoft Windows), iOS, PlayStation 5, Mac, Xbox One, Nintendo Switch"
9054,Threes!,threes,82.7,3,82.3,23,2014,2010,"Puzzle, Indie, Card & Board Game","Web browser, Linux, Android, PC (Microsoft Windows), iOS, Mac, Xbox One"
152267,Tinykin,tinykin,82.7,3,82.4,55,2022,2020,"Platform, Puzzle, Adventure, Indie, Arcade","Xbox Series X|S, PlayStation 4, PC (Microsoft Windows), PlayStation 5, Xbox One, Nintendo Switch"
5025,To the Moon,to-the-moon,82.7,7,81.7,468,2011,2010,"Point-and-click, Puzzle, Role-playing (RPG), Adventure, Indie","Xbox Series X|S, Linux, Android, PC (Microsoft Windows), iOS, PlayStation 5, Mac, Xbox One, Nintendo Switch"
12595,Yakuza Kiwami,yakuza-kiwami,82.7,22,80.2,273,2016,2010,"Fighting, Role-playing (RPG), Hack and slash/Beat 'em up, Adventure","Xbox Series X|S, PlayStation 3, PlayStation 4, Nintendo Switch 2, PC (Microsoft Windows), PlayStation 5, Xbox One, Nintendo Switch"
13171,2064: Read Only Memories,2064-read-only-memories,82.6,7,79.7,44,2014,2010,"Point-and-click, Role-playing (RPG), Adventure, Indie, Visual Novel","PlayStation 4, Ouya, Linux, PC (Microsoft Windows), iOS, Mac, PlayStation Vita, Xbox One"
106822,Bloodroots,bloodroots,82.6,5,77.0,14,2020,2020,"Platform, Adventure, Indie, Arcade","Xbox Series X|S, PlayStation 4, PC (Microsoft Windows), PlayStation 5, Xbox One, Nintendo Switch"
302156,Call of Duty: Black Ops 6,call-of-duty-black-ops-6,82.6,8,73.9,185,2024,2020,Shooter,"Xbox Series X|S, PlayStation 4, PC (Microsoft Windows), PlayStation 5, Xbox One"
36597,Cat Quest,cat-quest,82.6,8,70.4,92,2017,2010,"Role-playing (RPG), Adventure, Indie","PlayStation 4, Linux, Android, PC (Microsoft Windows), iOS, Mac, Nintendo Switch"
113113,Crash Team Racing Nitro-Fueled,crash-team-racing-nitro-fueled,82.6,10,84.4,102,2019,2010,"Racing, Arcade","PlayStation 4, Xbox One, Nintendo Switch"
1905,Fortnite,fortnite,82.6,5,71.0,1006,2020,2020,"Shooter, Simulator","Xbox Series X|S, PlayStation 4, Nintendo Switch 2, Android, PC (Microsoft Windows), iOS, PlayStation 5, Mac, Xbox One, Nintendo Switch"
9101,Hand of Fate,hand-of-fate,82.6,5,70.8,78,2015,2010,"Role-playing (RPG), Strategy, Turn-based strategy (TBS), Hack and slash/Beat 'em up, Adventure, Indie, Card & Board Game","PlayStation 4, Linux, PC (Microsoft Windows), Mac, Xbox One"
91025,Hitman: Episode 6 - Hokkaido,hitman-episode-6-hokkaido,82.6,9,,,2016,2010,"Shooter, Tactical, Adventure","PlayStation 4, Linux, PC (Microsoft Windows), Mac, Xbox One"
1265,PlanetSide 2,planetside-2,82.6,6,70.9,111,2012,2010,"Shooter, Role-playing (RPG), Tactical, Arcade","PlayStation 4, PC (Microsoft Windows)"
107262,Streets of Rage 4,streets-of-rage-4,82.6,12,80.2,201,2020,2020,"Fighting, Hack and slash/Beat 'em up, Adventure, Indie, Arcade","Google Stadia, PlayStation 4, Linux, Android, PC (Microsoft Windows), iOS, Mac, Xbox One, Nintendo Switch"
127109,The Wolf Among Us: Episode 3 - A Crooked Mile,the-wolf-among-us-episode-3-a-crooked-mile,82.6,7,70.0,5,2014,2010,"Point-and-click, Adventure","PlayStation 3, PlayStation 4, Android, PC (Microsoft Windows), iOS, Xbox 360"
10232,Thimbleweed Park,thimbleweed-park,82.6,13,80.1,130,2017,2010,"Point-and-click, Puzzle, Adventure, Indie","PlayStation 4, Linux, Android, PC (Microsoft Windows), iOS, Mac, Xbox One, Nintendo Switch"
52042,A Rose in the Twilight,a-rose-in-the-twilight,82.5,6,,,2016,2010,"Platform, Puzzle, Strategy, Adventure","PC (Microsoft Windows), PlayStation Vita"
11557,All-Star Baseball 2003,all-star-baseball-2003,82.5,4,42.0,2,2002,2000,Sport,"Xbox, Nintendo GameCube, PlayStation 2"
54572,Artifact,artifact,82.5,6,65.4,27,2018,2010,"Strategy, Turn-based strategy (TBS), Card & Board Game","Linux, PC (Microsoft Windows), Mac"
20437,Beyond Good & Evil HD,beyond-good-and-evil-hd,82.5,4,81.0,24,2011,2010,"Puzzle, Adventure","PlayStation 3, Xbox 360"
27438,Blaster Master Zero,blaster-master-zero,82.5,6,72.6,28,2017,2010,"Shooter, Platform, Adventure, Indie","Xbox Series X|S, PlayStation 4, Nintendo 3DS, PC (Microsoft Windows), Xbox One, Nintendo Switch"
10760,Bloodstained: Ritual of the Night,bloodstained-ritual-of-the-night,82.5,11,82.5,212,2019,2010,"Platform, Role-playing (RPG), Adventure","Google Stadia, PlayStation 4, PC (Microsoft Windows), iOS, Wii U, Xbox One, Nintendo Switch"
2600,Caller's Bane,callers-bane,82.5,4,,,2014,2010,"Strategy, Turn-based strategy (TBS)","Android, PC (Microsoft Windows), Mac"
8445,Company of Heroes 2: Ardennes Assault,company-of-heroes-2-ardennes-assault,82.5,4,66.1,7,2014,2010,"Real Time Strategy (RTS), Strategy","Linux, PC (Microsoft Windows), Mac"
11725,Dead or Alive 5 Plus,dead-or-alive-5-plus,82.5,6,76.6,6,2013,2010,Fighting,PlayStation Vita
7286,Dead or Alive 5 Ultimate,dead-or-alive-5-ultimate,82.5,6,76.8,10,2013,2010,Fighting,"Arcade, PlayStation 3, Xbox 360"
55678,Door Kickers: Action Squad,door-kickers-action-squad,82.5,4,77.1,20,2018,2010,"Shooter, Platform, Real Time Strategy (RTS), Simulator, Strategy, Tactical, Indie","PlayStation 4, Android, PC (Microsoft Windows), Xbox One, Nintendo Switch"
11182,Enter the Gungeon,enter-the-gungeon,82.5,13,76.1,340,2016,2010,"Shooter, Adventure, Indie, Arcade","Google Stadia, PlayStation 4, Linux, Android, PC (Microsoft Windows), iOS, Mac, Xbox One, Nintendo Switch"
14172,Everspace,everspace,82.5,4,72.1,40,2017,2010,"Fighting, Shooter, Simulator, Indie","Google Stadia, PlayStation 4, Linux, PC (Microsoft Windows), SteamVR, Mac, Xbox One"
3081,Evil Genius,evil-genius,82.5,4,74.1,37,2004,2000,"Puzzle, Real Time Strategy (RTS), Simulator, Strategy",PC (Microsoft Windows)
14886,Fast Racing Neo,fast-racing-neo,82.5,4,70.0,10,2015,2010,"Racing, Arcade",Wii U
2668,FlatOut 2,flatout-2,82.5,4,81.6,305,2006,2000,"Racing, Sport, Arcade","Xbox, Linux, PC (Microsoft Windows), Mac, Xbox One, PlayStation 2"
2669,Guitar Hero World Tour,guitar-hero-world-tour,82.5,4,74.6,130,2008,2000,Music,"PlayStation 3, Wii, PC (Microsoft Windows), Mac, Xbox 360, PlayStation 2"
7086,Ilomilo,ilomilo,82.5,4,81.1,10,2010,2010,"Platform, Puzzle, Indie","Windows Phone, Xbox 360"
28062,King's Quest: Chapter 3 - Once Upon A Climb,kings-quest-chapter-3-once-upon-a-climb,82.5,4,,,2016,2010,Adventure,"PlayStation 3, PlayStation 4, PC (Microsoft Windows), Xbox 360, Xbox One"
7841,Kingdom Hearts HD 2.5 Remix,kingdom-hearts-hd-2-dot-5-remix,82.5,10,89.0,54,2014,2010,"Role-playing (RPG), Adventure",PlayStation 3
9642,MLB 14: The Show,mlb-14-the-show,82.5,14,79.0,8,2014,2010,"Simulator, Sport","PlayStation 3, PlayStation 4, PlayStation Vita"
7882,Madden NFL 15,madden-nfl-15,82.5,12,69.9,15,2014,2010,"Simulator, Sport","PlayStation 4, Xbox One"
2268,Monster Hunter Tri,monster-hunter-tri,82.5,4,79.9,47,2009,2000,"Role-playing (RPG), Hack and slash/Beat 'em up",Wii
26870,Necrobarista,necrobarista,82.5,4,69.8,9,2020,2020,"Point-and-click, Adventure, Indie, Visual Novel","PlayStation 4, PC (Microsoft Windows), iOS, Mac"
5444,PixelJunk Monsters,pixeljunk-monsters,82.5,4,51.2,12,2007,2000,"Puzzle, Real Time Strategy (RTS), Strategy","PlayStation 3, Wii U"
36793,Pokémon Ultra Moon,pokemon-ultra-moon,82.5,4,65.5,113,2017,2010,"Role-playing (RPG), Turn-based strategy (TBS), Adventure",Nintendo 3DS
2541,Rockstar Games presents Table Tennis,rockstar-games-presents-table-tennis,82.5,3,82.7,18,2006,2000,"Simulator, Sport","Wii, Xbox 360"
6038,Sid Meier's Civilization: Beyond Earth,sid-meiers-civilization-beyond-earth,82.5,11,70.5,106,2014,2010,"Simulator, Strategy, Turn-based strategy (TBS)","Linux, PC (Microsoft Windows), Mac"
5159,Skylanders: Swap Force,skylanders-swap-force,82.5,15,75.6,35,2013,2010,"Platform, Role-playing (RPG), Hack and slash/Beat 'em up, Adventure","PlayStation 3, PlayStation 4, Wii, Wii U, Xbox 360, Xbox One"
26761,Splatoon 2,splatoon-2,82.5,17,81.8,200,2017,2010,"Shooter, Platform",Nintendo Switch
4797,Dead Rising,dead-rising,82.4,5,74.9,213,2006,2000,"Hack and slash/Beat 'em up, Adventure","PlayStation 4, PC (Microsoft Windows), Xbox 360, Xbox One"
25657,Destiny 2,destiny-2,82.4,25,74.3,636,2017,2010,"Shooter, Role-playing (RPG), Adventure","Google Stadia, Xbox Series X|S, PlayStation 4, PC (Microsoft Windows), PlayStation 5, Xbox One"
2538,Enslaved: Odyssey to the West,enslaved-odyssey-to-the-west,82.4,9,80.2,218,2010,2010,"Platform, Puzzle, Adventure","PlayStation 3, PC (Microsoft Windows), Xbox 360"
7116,Freedom Planet,freedom-planet,82.4,7,77.7,47,2014,2010,"Platform, Puzzle, Adventure, Indie","PlayStation 4, Linux, PC (Microsoft Windows), Mac, Wii U, Nintendo Switch"
103210,Hitman 2,hitman-2,82.4,14,80.8,315,2018,2010,"Shooter, Tactical, Adventure","Google Stadia, PlayStation 4, PC (Microsoft Windows), Xbox One"
7114,NCAA Football 13,ncaa-football-13,82.4,5,80.0,5,2012,2010,Sport,"PlayStation 3, Xbox 360"
2935,"Papers, Please",papers-please,82.4,5,81.8,728,2013,2010,"Point-and-click, Puzzle, Simulator, Indie","Linux, Android, PC (Microsoft Windows), iOS, Mac, PlayStation Vita"
37382,Pokémon Sword,pokemon-sword,82.4,11,72.2,309,2019,2010,"Role-playing (RPG), Turn-based strategy (TBS), Adventure",Nintendo Switch
1402,Professor Layton vs. Phoenix Wright: Ace Attorney,professor-layton-vs-phoenix-wright-ace-attorney,82.4,10,78.3,43,2012,2010,"Puzzle, Strategy, Adventure, Visual Novel",Nintendo 3DS
26775,Shin Megami Tensei V,shin-megami-tensei-v,82.4,8,86.8,43,2021,2020,"Role-playing (RPG), Adventure",Nintendo Switch
6885,Shin Megami Tensei: Devil Survivor 2,shin-megami-tensei-devil-survivor-2,82.4,5,79.7,18,2011,2010,"Role-playing (RPG), Strategy, Tactical","Nintendo 3DS, Nintendo DS"
138980,Sniper Ghost Warrior Contracts 2,sniper-ghost-warrior-contracts-2,82.4,5,65.4,23,2021,2020,"Shooter, Tactical","Xbox Series X|S, PlayStation 4, PC (Microsoft Windows), PlayStation 5, Xbox One"
2939,The Vanishing of Ethan Carter,the-vanishing-of-ethan-carter,82.4,16,74.9,390,2014,2010,"Puzzle, Adventure, Indie","PlayStation 4, PC (Microsoft Windows), Xbox One, Nintendo Switch"
125175,World of Warcraft: Shadowlands,world-of-warcraft-shadowlands,82.4,5,58.6,54,2020,2020,"Role-playing (RPG), Adventure","PC (Microsoft Windows), Mac"
5587,World of Warships,world-of-warships,82.4,5,69.2,96,2015,2010,"Shooter, Real Time Strategy (RTS), Simulator, Tactical",PC (Microsoft Windows)
12527,Yakuza 6: The Song of Life,yakuza-6-the-song-of-life,82.4,18,83.6,87,2016,2010,"Role-playing (RPG), Hack and slash/Beat 'em up, Adventure","PlayStation 4, PC (Microsoft Windows), Xbox One"
136414,Atelier Ryza 2: Lost Legends & the Secret Fairy,atelier-ryza-2-lost-legends-and-the-secret-fairy,82.3,6,70.1,15,2020,2020,"Role-playing (RPG), Adventure","PlayStation 4, PC (Microsoft Windows), PlayStation 5, Nintendo Switch"
29529,Azure Striker Gunvolt: Striker Pack,azure-striker-gunvolt-striker-pack,82.3,3,70.0,5,2016,2010,"Shooter, Platform, Adventure","PlayStation 4, Nintendo 3DS, Nintendo Switch"
18279,BattleTech,battletech,82.3,8,80.1,34,2018,2010,"Strategy, Turn-based strategy (TBS), Adventure","Linux, PC (Microsoft Windows), Mac"
6611,Botanicula,botanicula,82.3,3,77.8,133,2012,2010,"Point-and-click, Puzzle, Adventure, Indie","Linux, Android, PC (Microsoft Windows), iOS, Mac"
21888,Castlevania: The Dracula X Chronicles,castlevania-the-dracula-x-chronicles,82.3,3,80.4,41,2007,2000,"Platform, Hack and slash/Beat 'em up",PlayStation Portable
305224,ChromaGun 2: Dye Hard,chromagun-2-dye-hard,82.3,3,,,2026,2020,"Shooter, Puzzle, Strategy, Adventure, Indie","Xbox Series X|S, Nintendo Switch 2, PC (Microsoft Windows), PlayStation 5"
6753,Crush,crush,82.3,3,89.8,7,2007,2000,"Platform, Puzzle, Indie",PlayStation Portable
7842,Danganronpa: Trigger Happy Havoc,danganronpa-trigger-happy-havoc,82.3,9,82.4,360,2010,2010,"Point-and-click, Adventure, Visual Novel","Linux, Android, PC (Microsoft Windows), iOS, Mac, PlayStation Vita, PlayStation Portable"
331202,Darwin's Paradox!,darwins-paradox,82.3,3,70.2,14,2026,2020,"Platform, Puzzle, Adventure, Indie","Xbox Series X|S, Nintendo Switch 2, PC (Microsoft Windows), PlayStation 5"
8682,Grim Fandango Remastered,grim-fandango-remastered,82.3,12,79.5,232,2015,2010,"Point-and-click, Puzzle, Adventure","PlayStation 4, Linux, Android, PC (Microsoft Windows), iOS, Mac, PlayStation Vita, Xbox One, Nintendo Switch"
139090,Inscryption,inscryption,82.3,4,85.4,393,2021,2020,"Puzzle, Strategy, Adventure, Indie, Card & Board Game","Xbox Series X|S, PlayStation 4, Linux, PC (Microsoft Windows), PlayStation 5, Mac, Xbox One, Nintendo Switch"
11241,Joe Danger 2: The Movie,joe-danger-2-the-movie,82.3,6,60.7,12,2012,2010,"Platform, Racing, Indie","PlayStation 3, PC (Microsoft Windows), Mac, PlayStation Vita, Xbox 360"
5882,Kingdom Under Fire: Heroes,kingdom-under-fire-heroes,82.3,3,81.5,10,2005,2000,"Real Time Strategy (RTS), Strategy, Hack and slash/Beat 'em up","Xbox, PC (Microsoft Windows)"
18221,Kirby: Planet Robobot,kirby-planet-robobot,82.3,15,83.3,51,2016,2010,"Platform, Adventure",Nintendo 3DS
94970,Lumines Remastered,lumines-remastered,82.3,6,70.6,16,2018,2010,"Music, Puzzle, Indie, Arcade","PlayStation 4, PC (Microsoft Windows), Xbox One, Nintendo Switch"
266674,Mario vs. Donkey Kong,mario-vs-donkey-kong--1,82.3,6,68.8,17,2024,2020,"Platform, Puzzle",Nintendo Switch
127044,Marvel's Spider-Man 2,marvels-spider-man-2,82.3,12,84.7,380,2023,2020,"Hack and slash/Beat 'em up, Adventure","PC (Microsoft Windows), PlayStation 5"
1310,Medal of Honor: Pacific Assault,medal-of-honor-pacific-assault,82.3,3,78.1,175,2004,2000,Shooter,PC (Microsoft Windows)
1408,Metal Slug 3,metal-slug-3,82.3,6,81.3,194,2000,2000,"Shooter, Platform, Arcade","Arcade, Neo Geo AES, Web browser, Neo Geo MVS, Wii, Xbox 360, Xbox One"
27729,Mordhau,mordhau,82.3,4,74.9,62,2019,2010,"Fighting, Hack and slash/Beat 'em up, Indie","Xbox Series X|S, PlayStation 4, PC (Microsoft Windows), PlayStation 5, Xbox One"
8372,Orcs Must Die! 2,orcs-must-die-2,82.3,4,74.5,115,2012,2010,"Shooter, Platform, Strategy, Adventure, Indie",PC (Microsoft Windows)
369842,People of Note,people-of-note,82.3,3,,,2026,2020,"Music, Role-playing (RPG), Adventure","Xbox Series X|S, Nintendo Switch 2, PC (Microsoft Windows), PlayStation 5"
29032,Pepper Grinder,pepper-grinder,82.3,7,70.0,25,2024,2020,"Platform, Adventure, Indie","Xbox Series X|S, PlayStation 4, Linux, Android, PC (Microsoft Windows), iOS, PlayStation 5, Mac, Xbox One, Nintendo Switch"
6887,Persona Q: Shadow of the Labyrinth,persona-q-shadow-of-the-labyrinth,82.3,8,89.0,45,2014,2010,Role-playing (RPG),Nintendo 3DS
21610,Phoenix Wright: Ace Attorney Trilogy,phoenix-wright-ace-attorney-trilogy,82.3,12,81.4,93,2014,2010,"Puzzle, Simulator, Adventure, Visual Novel","PlayStation 4, Nintendo 3DS, PC (Microsoft Windows), iOS, Xbox One, Nintendo Switch"
8284,Pokémon Black Version 2,pokemon-black-version-2,82.3,7,83.1,196,2012,2010,"Role-playing (RPG), Turn-based strategy (TBS), Adventure",Nintendo DS
1403,Professor Layton and the Azran Legacy,professor-layton-and-the-azran-legacy,82.3,8,72.4,27,2013,2010,"Point-and-click, Puzzle, Visual Novel",Nintendo 3DS
8254,Resident Evil,resident-evil--3,82.3,16,85.2,481,2014,2010,"Shooter, Puzzle, Adventure","PlayStation 3, PlayStation 4, PC (Microsoft Windows), Xbox 360, Xbox One, Nintendo Switch"
4840,S.T.A.L.K.E.R.: Clear Sky,s-dot-t-a-dot-l-k-dot-e-r-dot-clear-sky,82.3,3,72.3,240,2008,2000,"Shooter, Role-playing (RPG)","PlayStation 4, PC (Microsoft Windows), Xbox One, Nintendo Switch"
317,SWAT 4: The Stetchkov Syndicate,swat-4-the-stetchkov-syndicate,82.3,3,70.2,23,2006,2000,"Shooter, Simulator, Strategy, Tactical",PC (Microsoft Windows)
1468,Sin & Punishment: Star Successor,sin-punishment-star-successor,82.3,4,79.3,24,2009,2000,Shooter,"Wii, Wii U"
129964,Skate Story,skate-story,82.3,3,69.7,12,2025,2020,"Simulator, Sport, Adventure, Indie, Arcade","Nintendo Switch 2, PC (Microsoft Windows), PlayStation 5, Mac"
6030,The Warriors,the-warriors,82.3,5,82.3,72,2005,2000,"Fighting, Hack and slash/Beat 'em up","Xbox, PlayStation 4, PlayStation Portable, PlayStation 2"
8644,Assault Android Cactus,assault-android-cactus,82.2,11,72.2,22,2015,2010,"Shooter, Indie, Arcade","PlayStation 4, Linux, PC (Microsoft Windows), Mac, Wii U, PlayStation Vita, Xbox One"
164290,Frostpunk 2,frostpunk-2,82.2,5,79.8,44,2024,2020,"Simulator, Strategy, Indie","Xbox Series X|S, PC (Microsoft Windows), PlayStation 5, Mac"
119305,LEGO Star Wars: The Skywalker Saga,lego-star-wars-the-skywalker-saga,82.2,9,80.1,140,2022,2020,"Puzzle, Adventure","Xbox Series X|S, PlayStation 4, PC (Microsoft Windows), PlayStation 5, Xbox One, Nintendo Switch"
121760,Little Nightmares II,little-nightmares-ii,82.2,13,81.8,332,2021,2020,"Platform, Puzzle, Adventure","Google Stadia, Xbox Series X|S, PlayStation 4, PC (Microsoft Windows), PlayStation 5, Xbox One, Nintendo Switch"
131999,NieR Replicant ver.1.22474487139...,nier-replicant-ver-dot-1-22474487139-dot-dot-dot,82.2,12,84.3,197,2021,2020,"Role-playing (RPG), Hack and slash/Beat 'em up, Adventure","PlayStation 4, PC (Microsoft Windows), Xbox One"
846,Red Faction: Guerrilla,red-faction-guerrilla,82.2,6,75.6,160,2009,2000,"Shooter, Adventure","PlayStation 3, PC (Microsoft Windows), Xbox 360"
8430,Shantae and the Pirate's Curse,shantae-and-the-pirates-curse,82.2,5,80.4,103,2014,2010,"Platform, Adventure, Indie","Google Stadia, PlayStation 4, Nintendo 3DS, PC (Microsoft Windows), PlayStation 5, Wii U, Xbox One, Nintendo Switch"
305006,Sid Meier's Civilization VII,sid-meiers-civilization-vii,82.2,5,61.0,22,2025,2020,"Simulator, Strategy, Turn-based strategy (TBS), Tactical","Xbox Series X|S, PlayStation 4, Linux, Nintendo Switch 2, PC (Microsoft Windows), PlayStation 5, Mac, Xbox One, Nintendo Switch"
80961,Total War: Three Kingdoms,total-war-three-kingdoms,82.2,6,80.1,46,2019,2010,"Real Time Strategy (RTS), Strategy, Turn-based strategy (TBS)","Linux, PC (Microsoft Windows), Mac"
72813,Untitled Goose Game,untitled-goose-game,82.2,9,79.3,268,2019,2010,"Puzzle, Simulator, Adventure, Indie","PlayStation 4, PC (Microsoft Windows), Mac, Xbox One, Nintendo Switch"
7337,Captain Toad: Treasure Tracker,captain-toad-treasure-tracker,82.1,14,80.7,125,2014,2010,"Platform, Puzzle, Strategy",Wii U
19853,Duelyst,duelyst,82.1,7,74.0,16,2016,2010,"Strategy, Turn-based strategy (TBS), Indie, Card & Board Game","PC (Microsoft Windows), Mac"
6767,Etrian Odyssey IV: Legends of the Titan,etrian-odyssey-iv-legends-of-the-titan,82.1,7,79.8,12,2012,2010,"Role-playing (RPG), Adventure",Nintendo 3DS
9136,Gorogoa,gorogoa,82.1,7,78.4,176,2017,2010,"Point-and-click, Puzzle, Adventure, Indie","PlayStation 4, Android, PC (Microsoft Windows), iOS, Mac, Xbox One, Nintendo Switch"
11701,Gravity Rush,gravity-rush,82.1,7,80.3,105,2012,2010,"Role-playing (RPG), Adventure",PlayStation Vita
103218,NBA 2K19,nba-2k19,82.1,9,55.7,60,2018,2010,"Simulator, Sport","PlayStation 4, PC (Microsoft Windows), iOS, Xbox One, Nintendo Switch"
5319,Project CARS,project-cars,82.1,14,75.6,99,2015,2010,"Racing, Simulator, Sport","PlayStation 4, Linux, PC (Microsoft Windows), Oculus Rift, Xbox One"
18812,Tales of Berseria,tales-of-berseria,82.1,14,79.1,138,2016,2010,Role-playing (RPG),"PlayStation 3, PlayStation 4, PC (Microsoft Windows)"
103286,Tales of Vesperia: Definitive Edition,tales-of-vesperia-definitive-edition,82.1,7,79.6,43,2019,2010,"Role-playing (RPG), Adventure","PlayStation 4, PC (Microsoft Windows), Xbox One, Nintendo Switch"
5321,Tokyo Mirage Sessions #FE,tokyo-mirage-sessions-number-fe,82.1,18,74.3,31,2015,2010,"Music, Role-playing (RPG), Adventure",Wii U
2004,Torment: Tides of Numenera,torment-tides-of-numenera,82.1,22,76.4,66,2017,2010,"Role-playing (RPG), Strategy, Turn-based strategy (TBS), Adventure, Indie","PlayStation 4, Linux, PC (Microsoft Windows), Mac, Xbox One"
8356,Astebreed,astebreed,82.0,3,69.7,7,2013,2010,"Shooter, Indie, Arcade","PlayStation 4, PC (Microsoft Windows), Nintendo Switch"
217558,Atelier Ryza 3: Alchemist of the End & the Secret Key,atelier-ryza-3-alchemist-of-the-end-and-the-secret-key,82.0,4,81.2,9,2023,2020,"Role-playing (RPG), Simulator, Adventure","PlayStation 4, PC (Microsoft Windows), PlayStation 5, Nintendo Switch"
89326,Breathedge,breathedge,82.0,3,70.7,55,2018,2010,"Role-playing (RPG), Simulator, Adventure, Indie","PlayStation 4, PC (Microsoft Windows), PlayStation 5, Xbox One, Nintendo Switch"
27032,Call of Duty: Infinite Warfare - Sabotage,call-of-duty-infinite-warfare-sabotage,82.0,3,,,2017,2010,Shooter,"PlayStation 4, PC (Microsoft Windows), Xbox One"
12634,Collar x Malice,collar-x-malice,82.0,4,81.2,9,2016,2010,"Adventure, Visual Novel","PlayStation Vita, Nintendo Switch"
2130,Dust: An Elysian Tail,dust-an-elysian-tail,82.0,7,75.8,174,2012,2010,"Platform, Role-playing (RPG), Hack and slash/Beat 'em up, Adventure, Indie","PlayStation 4, Linux, PC (Microsoft Windows), iOS, Mac, Xbox 360, Nintendo Switch"
2955,Elite: Dangerous,elite-dangerous,82.0,21,80.0,185,2014,2010,"Shooter, Role-playing (RPG), Simulator, Strategy, Adventure","PlayStation 4, PC (Microsoft Windows), SteamVR, Mac, Oculus Rift, Xbox One"
305107,Eriksholm: The Stolen Dream,eriksholm-the-stolen-dream,82.0,5,79.8,15,2025,2020,"Strategy, Adventure","Xbox Series X|S, Nintendo Switch 2, PC (Microsoft Windows), PlayStation 5"
703,FIFA Soccer 2005,fifa-soccer-2005--1,82.0,3,78.5,92,2004,2000,Sport,"Xbox, Nintendo GameCube, PC (Microsoft Windows), PlayStation 2"
260321,Fatal Fury: City of the Wolves,fatal-fury-city-of-the-wolves,82.0,4,80.4,7,2025,2020,Fighting,"Xbox Series X|S, PlayStation 4, Nintendo Switch 2, PC (Microsoft Windows), PlayStation 5"
24481,Football Manager 2017,football-manager-2017,82.0,5,85.1,41,2016,2010,"Simulator, Sport","Linux, PC (Microsoft Windows), Mac"
121752,Ghostrunner,ghostrunner,82.0,10,78.2,226,2020,2020,"Shooter, Platform, Adventure","Xbox Series X|S, PlayStation 4, PC (Microsoft Windows), PlayStation 5, Xbox One, Nintendo Switch"
1907,Grim Dawn,grim-dawn,82.0,4,73.2,214,2016,2010,"Role-playing (RPG), Hack and slash/Beat 'em up, Adventure, Indie","PC (Microsoft Windows), Xbox One"
101177,Gunvolt Chronicles: Luminous Avenger iX,gunvolt-chronicles-luminous-avenger-ix,82.0,4,80.0,4,2019,2010,"Shooter, Platform, Indie","PlayStation 4, PC (Microsoft Windows), Xbox One, Nintendo Switch"
19728,Huntdown,huntdown,82.0,6,85.6,35,2020,2020,"Shooter, Platform, Indie, Arcade","PlayStation 4, Linux, Android, PC (Microsoft Windows), iOS, Mac, Xbox One, Nintendo Switch"
111824,Life is Strange 2: Episode 1 - Roads,life-is-strange-2-episode-1-roads,82.0,6,,,2018,2010,Adventure,"PlayStation 4, Linux, PC (Microsoft Windows), Mac, Xbox One"
90113,Mario & Luigi: Bowser's Inside Story + Bowser Jr.'s Journey,mario-and-luigi-bowsers-inside-story-plus-bowser-jr-dot-s-journey,82.0,7,74.6,11,2018,2010,"Platform, Role-playing (RPG), Adventure",Nintendo 3DS
1314,Medal of Honor: Airborne,medal-of-honor-airborne,82.0,4,72.1,200,2007,2000,Shooter,"PlayStation 3, PC (Microsoft Windows), Xbox 360"
28072,Megaquarium,megaquarium,82.0,6,60.0,4,2018,2010,"Simulator, Strategy, Indie","PlayStation 4, Linux, PC (Microsoft Windows), Mac, Xbox One, Nintendo Switch"
9660,Monday Night Combat,monday-night-combat,82.0,3,78.6,10,2010,2010,"Shooter, Sport, Strategy, Tactical, Indie","Linux, PC (Microsoft Windows), Xbox 360"
5933,MotoGP 2,motogp-2,82.0,3,76.1,13,2003,2000,"Racing, Simulator, Sport","Xbox, PC (Microsoft Windows)"
110807,Observation,observation,82.0,11,75.0,88,2019,2010,"Puzzle, Simulator, Adventure, Indie, Arcade","PlayStation 4, PC (Microsoft Windows), Xbox One"
11758,Onimusha 3: Demon Siege,onimusha-3-demon-siege,82.0,3,82.8,81,2004,2000,Adventure,"PC (Microsoft Windows), PlayStation 2"
27804,Phoenix Point,phoenix-point,82.0,3,60.6,25,2019,2010,"Role-playing (RPG), Simulator, Strategy, Tactical","Google Stadia, PC (Microsoft Windows)"
119249,Roguebook,roguebook,82.0,3,77.4,13,2021,2020,"Puzzle, Role-playing (RPG), Strategy, Turn-based strategy (TBS), Tactical, Adventure, Indie, Card & Board Game","Google Stadia, Xbox Series X|S, PlayStation 4, Linux, PC (Microsoft Windows), PlayStation 5, Mac, Xbox One, Nintendo Switch"
212664,Sherlock Holmes: The Awakened,sherlock-holmes-the-awakened--1,82.0,6,80.2,29,2023,2020,"Puzzle, Adventure","Xbox Series X|S, PlayStation 4, PC (Microsoft Windows), PlayStation 5, Xbox One, Nintendo Switch"
9023,Skulls of the Shogun,skulls-of-the-shogun,82.0,6,63.4,12,2013,2010,"Strategy, Turn-based strategy (TBS), Indie","PlayStation 4, Ouya, Linux, Windows Phone, Android, PC (Microsoft Windows), iOS, Mac, PlayStation Vita, Xbox 360"
1267,Sleeping Dogs,sleeping-dogs,82.0,13,81.2,674,2012,2010,"Shooter, Hack and slash/Beat 'em up, Adventure","PlayStation 3, PC (Microsoft Windows), Xbox 360"
5167,Sonic and the Secret Rings,sonic-and-the-secret-rings,82.0,3,59.6,50,2007,2000,Platform,Wii
143613,Splatoon 3,splatoon-3,82.0,6,82.1,92,2022,2020,"Shooter, Platform","Nintendo Switch 2, Nintendo Switch"
1876,Spore,spore,82.0,5,72.8,414,2008,2000,"Real Time Strategy (RTS), Role-playing (RPG), Simulator, Strategy, Adventure","PC (Microsoft Windows), Mac"
252837,Still Wakes the Deep,still-wakes-the-deep,82.0,3,72.4,113,2024,2020,"Adventure, Indie","Xbox Series X|S, PC (Microsoft Windows), PlayStation 5"
17648,Super Mega Baseball: Extra Innings,super-mega-baseball-extra-innings,82.0,6,80.0,4,2015,2010,"Simulator, Sport, Indie","PlayStation 3, PlayStation 4, PC (Microsoft Windows), Xbox One"
20586,Super Street Fighter IV: Arcade Edition,super-street-fighter-iv-arcade-edition,82.0,6,84.4,28,2010,2010,Fighting,"Arcade, PlayStation 3, PC (Microsoft Windows), Xbox 360"
23323,The Legend of Heroes: Trails to Azure,the-legend-of-heroes-trails-to-azure,82.0,3,90.3,21,2020,2020,"Role-playing (RPG), Turn-based strategy (TBS)","PlayStation 4, Nintendo Switch 2, PC (Microsoft Windows), PlayStation 5, Nintendo Switch"
8347,The Long Dark,the-long-dark,82.0,5,75.8,199,2017,2010,"Shooter, Simulator, Strategy, Adventure, Indie","Xbox Series X|S, PlayStation 4, Linux, PC (Microsoft Windows), PlayStation 5, Mac, Xbox One, Nintendo Switch"
898,The Sims 3: World Adventures,the-sims-3-world-adventures,82.0,3,76.1,25,2009,2000,"Role-playing (RPG), Simulator, Strategy, Adventure","PC (Microsoft Windows), iOS, Mac"
7706,This War of Mine,this-war-of-mine,82.0,5,80.3,403,2014,2010,"Simulator, Strategy, Adventure, Indie","PlayStation 4, Linux, Android, PC (Microsoft Windows), iOS, Mac, Xbox One"
1853,Tom Clancy's Rainbow Six: Vegas 2,tom-clancy-s-rainbow-six-vegas-2,82.0,5,77.3,153,2008,2000,"Shooter, Strategy, Tactical","PlayStation 3, PC (Microsoft Windows), Xbox 360"
12519,Tooth and Tail,tooth-and-tail,82.0,5,88.3,23,2017,2010,"Real Time Strategy (RTS), Strategy, Indie, Arcade","PlayStation 4, Linux, PC (Microsoft Windows), Mac"
138569,Tormented Souls,tormented-souls,82.0,3,79.6,42,2021,2020,"Shooter, Puzzle, Adventure, Indie","Xbox Series X|S, PlayStation 4, PC (Microsoft Windows), PlayStation 5, Xbox One, Nintendo Switch"
241149,Wargroove 2,wargroove-2,82.0,3,,,2023,2020,"Role-playing (RPG), Strategy, Turn-based strategy (TBS), Indie","Xbox Series X|S, Android, PC (Microsoft Windows), iOS, Xbox One, Nintendo Switch"
44516,West of Loathing,west-of-loathing,82.0,4,80.2,48,2017,2010,"Role-playing (RPG), Turn-based strategy (TBS), Adventure, Indie","Google Stadia, Linux, PC (Microsoft Windows), Mac, Nintendo Switch"
321048,Xenoblade Chronicles X: Definitive Edition,xenoblade-chronicles-x-definitive-edition,82.0,3,90.1,14,2025,2020,"Role-playing (RPG), Adventure","Nintendo Switch 2, Nintendo Switch"
24230,Zone of the Enders HD Collection,zone-of-the-enders-hd-collection,82.0,5,77.4,6,2012,2010,"Shooter, Hack and slash/Beat 'em up","PlayStation 3, Xbox 360"
2637,de Blob,de-blob,82.0,5,66.5,26,2008,2000,"Platform, Puzzle, Adventure, Indie","PlayStation 4, Wii, PC (Microsoft Windows), iOS, Xbox One, Nintendo Switch"
116419,Cadence of Hyrule: Crypt of the NecroDancer Featuring the Legend of Zelda,cadence-of-hyrule-crypt-of-the-necrodancer-featuring-the-legend-of-zelda,81.9,7,74.8,54,2019,2010,"Music, Adventure",Nintendo Switch
75238,Concrete Genie,concrete-genie,81.9,7,71.3,60,2019,2010,"Platform, Puzzle, Adventure","PlayStation 4, PlayStation VR"
37030,Dishonored: Death of the Outsider,dishonored-death-of-the-outsider,81.9,11,79.7,225,2017,2010,"Puzzle, Role-playing (RPG), Adventure","PlayStation 4, PC (Microsoft Windows), Xbox One"
24069,Dragon Quest Builders,dragon-quest-builders,81.9,23,79.5,31,2016,2010,"Role-playing (RPG), Adventure","PlayStation 3, PlayStation 4, Android, PC (Microsoft Windows), iOS, PlayStation Vita, Nintendo Switch"
26341,Dragon Quest Heroes II,dragon-quest-heroes-ii,81.9,15,72.5,11,2016,2010,"Role-playing (RPG), Hack and slash/Beat 'em up","PlayStation 3, PlayStation 4, PC (Microsoft Windows), PlayStation Vita"
16,Fallout: New Vegas,fallout-new-vegas,81.9,9,87.1,2425,2010,2010,"Shooter, Role-playing (RPG)","PlayStation 3, PC (Microsoft Windows), Xbox 360"
3047,Forza Horizon,forza-horizon,81.9,8,83.5,154,2012,2010,Racing,Xbox 360
27509,Heaven's Vault,heavens-vault,81.9,7,70.0,26,2019,2010,"Point-and-click, Puzzle, Adventure, Indie","PlayStation 4, PC (Microsoft Windows), Nintendo Switch"
27771,Moonlighter,moonlighter,81.9,14,70.6,158,2018,2010,"Role-playing (RPG), Simulator, Hack and slash/Beat 'em up, Adventure, Indie","Google Stadia, PlayStation 4, Linux, Android, PC (Microsoft Windows), iOS, Mac, Xbox One, Nintendo Switch"
116156,Solar Ash,solar-ash--1,81.9,7,71.9,26,2021,2020,"Platform, Adventure, Indie","Xbox Series X|S, PlayStation 4, PC (Microsoft Windows), PlayStation 5, Xbox One, Nintendo Switch"
5508,The Banner Saga,the-banner-saga,81.9,14,84.6,276,2014,2010,"Role-playing (RPG), Simulator, Strategy, Tactical, Indie","PlayStation 4, Linux, Android, PC (Microsoft Windows), iOS, Mac, Xbox One, Nintendo Switch"
131785,Amnesia: Rebirth,amnesia-rebirth,81.8,9,74.4,104,2020,2020,"Puzzle, Adventure, Indie","Xbox Series X|S, PlayStation 4, Linux, Nintendo Switch 2, PC (Microsoft Windows), PlayStation 5, Xbox One"
111469,Among Us,among-us,81.8,4,72.7,594,2018,2010,"Strategy, Indie","Xbox Series X|S, PlayStation 4, Android, PC (Microsoft Windows), iOS, PlayStation 5, Xbox One, Nintendo Switch"
27719,Ape Out,ape-out,81.8,12,76.6,103,2019,2010,"Fighting, Hack and slash/Beat 'em up, Adventure, Indie, Arcade","PC (Microsoft Windows), Mac, Nintendo Switch"
25081,Darksiders: Warmastered Edition,darksiders-warmastered-edition,81.8,12,76.2,110,2016,2010,"Role-playing (RPG), Hack and slash/Beat 'em up, Adventure","Xbox Series X|S, PlayStation 4, PC (Microsoft Windows), PlayStation 5, Wii U, Xbox One, Nintendo Switch"
27134,Deep Rock Galactic,deep-rock-galactic,81.8,6,80.6,263,2020,2020,"Shooter, Adventure, Indie","Xbox Series X|S, PlayStation 4, PC (Microsoft Windows), PlayStation 5, Xbox One"
18224,Etrian Odyssey V: Beyond the Myth,etrian-odyssey-v-beyond-the-myth,81.8,5,90.0,3,2016,2010,"Role-playing (RPG), Strategy, Adventure",Nintendo 3DS
126290,Far Cry 6,far-cry-6,81.8,11,68.5,254,2021,2020,"Shooter, Adventure","Google Stadia, Xbox Series X|S, PlayStation 4, PC (Microsoft Windows), PlayStation 5, Xbox One"
62151,Life Is Strange 2,life-is-strange-2,81.8,8,76.7,321,2018,2010,Adventure,"PlayStation 4, Linux, PC (Microsoft Windows), Mac, Xbox One, Nintendo Switch"
5957,NCAA Football 2005,ncaa-football-2005,81.8,4,46.0,4,2004,2000,Sport,"Xbox, Nintendo GameCube, PlayStation 2"
20445,PixelJunk SideScroller,pixeljunk-sidescroller,81.8,4,,,2011,2010,"Shooter, Puzzle, Arcade",PlayStation 3
203,Secret Weapons Over Normandy,secret-weapons-over-normandy,81.8,4,,,2003,2000,Simulator,"Xbox, PC (Microsoft Windows), PlayStation 2"
9472,Sorcerer King,sorcerer-king,81.8,4,50.0,4,2015,2010,"Role-playing (RPG), Strategy, Turn-based strategy (TBS), Indie",PC (Microsoft Windows)
1567,SoulCalibur IV,soulcalibur-iv,81.8,8,74.4,123,2008,2000,"Fighting, Arcade","PlayStation 3, Xbox 360"
2150,Split/Second,split-second,81.8,5,82.1,118,2010,2010,Racing,"PlayStation 3, PC (Microsoft Windows), iOS, PlayStation Portable, Xbox 360"
3247,Sunset Overdrive,sunset-overdrive,81.8,16,79.2,169,2014,2010,"Shooter, Platform, Adventure","PC (Microsoft Windows), Xbox One"
1347,The Darkness,the-darkness,81.8,4,80.0,99,2007,2000,Shooter,"PlayStation 3, Xbox 360"
113104,The King of Fighters XV,the-king-of-fighters-xv,81.8,5,80.7,16,2022,2020,Fighting,"Xbox Series X|S, PlayStation 4, PC (Microsoft Windows), PlayStation 5, Xbox One"
2699,Tony Hawk's Underground 2,tony-hawk-s-underground-2,81.8,4,77.8,172,2004,2000,Sport,"Xbox, Nintendo GameCube, PC (Microsoft Windows), PlayStation 2"
27663,X-Morph: Defense,x-morph-defense,81.8,4,64.5,7,2017,2010,"Shooter, Simulator, Strategy, Indie, Arcade","PlayStation 4, PC (Microsoft Windows), Xbox One, Nintendo Switch"
141114,007 First Light,007-first-light,81.7,6,80.9,181,2026,2020,"Shooter, Adventure","Xbox Series X|S, Nintendo Switch 2, PC (Microsoft Windows), PlayStation 5"
167611,Alan Wake Remastered,alan-wake-remastered,81.7,6,77.8,147,2021,2020,"Shooter, Adventure","Xbox Series X|S, PlayStation 4, PC (Microsoft Windows), PlayStation 5, Xbox One, Nintendo Switch"
135919,Alba: A Wildlife Adventure,alba-a-wildlife-adventure,81.7,3,80.0,54,2020,2020,"Adventure, Indie","Xbox Series X|S, PlayStation 4, PC (Microsoft Windows), iOS, PlayStation 5, Mac, Xbox One, Nintendo Switch"
23077,Anno 1701: Dawn of Discovery,anno-1701-dawn-of-discovery,81.7,3,52.0,2,2007,2000,"Real Time Strategy (RTS), Simulator, Strategy",Nintendo DS
537,Assassin's Creed Revelations,assassins-creed-revelations,81.7,7,77.0,1245,2011,2010,Adventure,"PlayStation 3, PC (Microsoft Windows), Xbox 360"
125186,Atelier Dusk Trilogy Deluxe Pack,atelier-dusk-trilogy-deluxe-pack,81.7,3,,,2019,2010,"Role-playing (RPG), Adventure","PlayStation 4, PC (Microsoft Windows), Nintendo Switch"
18063,Atlas Reactor,atlas-reactor,81.7,5,73.4,12,2016,2010,"Fighting, Strategy, Turn-based strategy (TBS), Tactical",PC (Microsoft Windows)
274333,Ballionaire,ballionaire,81.7,3,,,2024,2020,"Simulator, Strategy, Indie",PC (Microsoft Windows)
115281,Box Boy! + Box Girl!,box-boy-plus-box-girl,81.7,6,71.8,6,2019,2010,"Platform, Puzzle",Nintendo Switch
11393,Chaos;Child,chaos-child,81.7,6,87.5,17,2014,2010,"Adventure, Visual Novel","PlayStation 3, PlayStation 4, Android, PC (Microsoft Windows), iOS, PlayStation Vita, Xbox One, Nintendo Switch"
20341,Dark Souls II: Crown of the Ivory King,dark-souls-ii-crown-of-the-ivory-king,81.7,7,86.9,41,2014,2010,"Role-playing (RPG), Adventure","PlayStation 3, PC (Microsoft Windows), Xbox 360"
38659,Diablo III: Rise of the Necromancer,diablo-iii-rise-of-the-necromancer,81.7,6,67.5,29,2017,2010,"Role-playing (RPG), Hack and slash/Beat 'em up","PlayStation 4, PC (Microsoft Windows), Mac, Xbox One"
151788,"El Paso, Elsewhere",el-paso-elsewhere,81.7,3,,,2023,2020,Shooter,"Xbox Series X|S, PC (Microsoft Windows), iOS, PlayStation 5, Xbox One"
83509,Fantasia: Music Evolved,fantasia-music-evolved,81.7,9,80.0,0,2014,2010,Music,"Xbox 360, Xbox One"
5107,Fatal Frame III: The Tormented,fatal-frame-iii-the-tormented,81.7,3,80.0,39,2005,2000,Adventure,"PlayStation 3, PlayStation 2"
24956,Gurumin 3D: A Monstrous Adventure,gurumin-3d-a-monstrous-adventure,81.7,3,79.0,0,2016,2010,"Platform, Role-playing (RPG), Adventure",Nintendo 3DS
370,Heroes of Might and Magic V,heroes-of-might-and-magic-v,81.7,3,78.7,262,2006,2000,"Role-playing (RPG), Strategy, Turn-based strategy (TBS)","PC (Microsoft Windows), Mac"
91021,Hitman: Episode 2 - Sapienza,hitman-episode-2-sapienza,81.7,12,,,2016,2010,"Shooter, Tactical, Adventure","PlayStation 4, Linux, PC (Microsoft Windows), Mac, Xbox One"
5567,Hitman: Sniper Challenge,hitman-sniper-challenge,81.7,3,58.3,43,2012,2010,"Shooter, Tactical","PlayStation 3, PC (Microsoft Windows), Mac, Xbox 360"
3704,Hydro Thunder Hurricane,hydro-thunder-hurricane,81.7,3,78.7,13,2010,2010,Racing,"PC (Microsoft Windows), Xbox 360"
338085,Hyrule Warriors: Age of Imprisonment,hyrule-warriors-age-of-imprisonment,81.7,3,81.1,7,2025,2020,"Hack and slash/Beat 'em up, Adventure",Nintendo Switch 2
348216,Invincible Vs.,invincible-vs,81.7,3,64.5,10,2026,2020,Fighting,"Xbox Series X|S, PC (Microsoft Windows), PlayStation 5"
305158,Life is Strange: Double Exposure,life-is-strange-double-exposure,81.7,7,73.9,48,2024,2020,Adventure,"Xbox Series X|S, PC (Microsoft Windows), PlayStation 5, Nintendo Switch"
366898,Mega Man Star Force: Legacy Collection,mega-man-star-force-legacy-collection,81.7,3,,,2026,2020,"Role-playing (RPG), Strategy","Xbox Series X|S, PlayStation 4, PC (Microsoft Windows), PlayStation 5, Xbox One, Nintendo Switch"
20454,Pinstripe,pinstripe,81.7,3,75.3,43,2017,2010,"Platform, Puzzle, Adventure, Indie","PlayStation 4, Linux, PC (Microsoft Windows), iOS, Mac, Xbox One, Nintendo Switch"
56564,Russian Subway Dogs,russian-subway-dogs,81.7,3,70.0,0,2018,2010,"Indie, Arcade","PlayStation 4, PC (Microsoft Windows), Mac, PlayStation Vita, Xbox One"
11577,Satellite Reign,satellite-reign,81.7,3,80.3,16,2015,2010,"Real Time Strategy (RTS), Strategy, Indie","Linux, PC (Microsoft Windows), Mac"
25632,SuperHot VR,superhot-vr,81.7,6,83.1,93,2016,2010,"Shooter, Puzzle, Adventure, Indie","Meta Quest 2, Windows Mixed Reality, PlayStation VR, SteamVR, Oculus Rift, Oculus Quest"
894,The Elder Scrolls IV: Shivering Isles,the-elder-scrolls-iv-shivering-isles,81.7,3,83.2,104,2007,2000,Role-playing (RPG),"PlayStation 3, PC (Microsoft Windows), Xbox 360"
19457,The Elder Scrolls V: Skyrim - Special Edition,the-elder-scrolls-v-skyrim-special-edition,81.7,19,87.7,427,2016,2010,"Role-playing (RPG), Adventure","Xbox Series X|S, PlayStation 4, PC (Microsoft Windows), PlayStation 5, Xbox One, Nintendo Switch"
4919,The House of the Dead: Overkill,the-house-of-the-dead-overkill,81.7,3,69.4,22,2009,2000,Shooter,Wii
19880,The Metronomicon: Slay the Dance Floor,the-metronomicon-slay-the-dance-floor--1,81.7,7,79.9,8,2016,2010,"Music, Role-playing (RPG), Indie","PlayStation 4, PC (Microsoft Windows), Mac, Xbox One"
13115,The Sims 3: Island Paradise,the-sims-3-island-paradise,81.7,3,69.6,13,2013,2010,"Role-playing (RPG), Simulator, Adventure","PC (Microsoft Windows), Mac"
6902,Theatrhythm Final Fantasy,theatrhythm-final-fantasy,81.7,6,80.0,23,2012,2010,"Music, Role-playing (RPG)","Nintendo 3DS, iOS"
908,Tom Clancy's Rainbow Six 3: Raven Shield,tom-clancy-s-rainbow-six-3-raven-shield,81.7,3,79.7,50,2003,2000,"Shooter, Simulator, Tactical","Xbox, Nintendo GameCube, PC (Microsoft Windows), Mac, PlayStation 2"
116992,Trials of Fire,trials-of-fire,81.7,3,70.0,4,2021,2020,"Role-playing (RPG), Strategy, Indie, Card & Board Game",PC (Microsoft Windows)
89597,Unbound: Worlds Apart,unbound-worlds-apart,81.7,3,70.7,5,2021,2020,"Platform, Puzzle, Role-playing (RPG), Adventure, Indie","Xbox Series X|S, PlayStation 4, Linux, PC (Microsoft Windows), PlayStation 5, Mac, Xbox One, Nintendo Switch"
366883,Yoshi and the Mysterious Book,yoshi-and-the-mysterious-book,81.7,3,79.9,5,2026,2020,"Platform, Adventure",Nintendo Switch 2
531,Ace Combat: Assault Horizon,ace-combat-assault-horizon,81.6,5,70.5,45,2011,2010,"Shooter, Simulator, Arcade","PlayStation 3, PC (Microsoft Windows), Xbox 360"
55029,Age of Empires IV,age-of-empires-iv,81.6,7,72.0,125,2021,2020,"Real Time Strategy (RTS), Strategy",PC (Microsoft Windows)
3761,Call of Duty: Finest Hour,call-of-duty-finest-hour,81.6,6,63.6,67,2004,2000,Shooter,"Xbox, Nintendo GameCube, PlayStation 2"
19924,Dark Souls II: Crown of the Sunken King,dark-souls-ii-crown-of-the-sunken-king,81.6,11,86.1,41,2014,2010,"Role-playing (RPG), Adventure","PlayStation 3, PC (Microsoft Windows), Xbox 360"
1270,Darksiders,darksiders,81.6,7,78.6,458,2010,2010,"Role-playing (RPG), Hack and slash/Beat 'em up, Adventure","PlayStation 3, Linux, PC (Microsoft Windows), Xbox 360"
314252,Dying Light: The Beast,dying-light-the-beast,81.6,7,70.1,52,2025,2020,"Role-playing (RPG), Adventure","Xbox Series X|S, PlayStation 4, PC (Microsoft Windows), PlayStation 5, Xbox One"
2920,FIFA 14,fifa-14,81.6,12,74.9,268,2013,2010,Sport,"PlayStation 3, PC (Microsoft Windows), Xbox 360"
254871,Hello Kitty Island Adventure,hello-kitty-island-adventure,81.6,8,80.0,11,2023,2020,"Role-playing (RPG), Simulator, Adventure, Indie","PlayStation 4, Nintendo Switch 2, PC (Microsoft Windows), iOS, PlayStation 5, Mac, Nintendo Switch"
143260,MLB The Show 21,mlb-the-show-21,81.6,8,80.0,12,2021,2020,Sport,"Xbox Series X|S, PlayStation 4, PlayStation 5, Xbox One"
974,Resident Evil 4,resident-evil-4,81.6,5,87.3,1687,2005,2000,"Shooter, Adventure",Nintendo GameCube
65503,Sky: Children of the Light,sky-children-of-the-light,81.6,5,69.5,74,2019,2010,"Puzzle, Role-playing (RPG), Adventure, Indie","PlayStation 4, Android, PC (Microsoft Windows), iOS, Nintendo Switch"
7588,The Gunstringer,the-gunstringer,81.6,5,75.0,2,2011,2010,"Shooter, Adventure",Xbox 360
13557,The Legend of Heroes: Trails of Cold Steel,the-legend-of-heroes-trails-of-cold-steel,81.6,9,81.9,57,2013,2010,"Role-playing (RPG), Strategy, Turn-based strategy (TBS), Adventure","PlayStation 3, PlayStation 4, PC (Microsoft Windows), PlayStation Vita"
254466,Bakeru,bakeru,81.5,4,80.2,5,2023,2020,"Platform, Adventure","PC (Microsoft Windows), Nintendo Switch"
205201,Crisis Core: Final Fantasy VII - Reunion,crisis-core-final-fantasy-vii-reunion,81.5,6,72.9,70,2022,2020,Role-playing (RPG),"Xbox Series X|S, PlayStation 4, Nintendo Switch 2, PC (Microsoft Windows), PlayStation 5, Xbox One, Nintendo Switch"
661,Darwinia,darwinia,81.5,3,70.6,17,2005,2000,"Real Time Strategy (RTS), Strategy, Tactical, Indie","Linux, PC (Microsoft Windows), Mac"
20734,Devil May Cry HD Collection,devil-may-cry-hd-collection,81.5,4,86.9,67,2012,2010,"Hack and slash/Beat 'em up, Adventure","PlayStation 3, PlayStation 4, PC (Microsoft Windows), Xbox 360, Xbox One"
1254,DmC: Devil May Cry,dmc-devil-may-cry,81.5,12,75.8,500,2013,2010,"Puzzle, Hack and slash/Beat 'em up, Adventure","PlayStation 3, PC (Microsoft Windows), Xbox 360"
554,Driver: San Francisco,driver-san-francisco,81.5,6,75.0,182,2011,2010,Racing,"PlayStation 3, Wii, PC (Microsoft Windows), Mac, Xbox 360"
7574,FIFA 15,fifa-15,81.5,14,72.0,269,2014,2010,Sport,"PlayStation 4, Xbox One"
55771,Fell Seal: Arbiter's Mark,fell-seal-arbiters-mark,81.5,4,88.5,26,2019,2010,"Role-playing (RPG), Strategy, Turn-based strategy (TBS), Tactical, Adventure, Indie","PlayStation 4, Linux, PC (Microsoft Windows), Mac, Xbox One, Nintendo Switch"
11203,Galak-Z: The Dimensional,galak-z-the-dimensional,81.5,10,79.6,12,2015,2010,"Shooter, Simulator, Strategy, Indie, Arcade","PlayStation 4, Linux, PC (Microsoft Windows), Mac"
1599,Gran Turismo 5 Prologue,gran-turismo-5-prologue,81.5,4,63.6,28,2007,2000,"Racing, Simulator",PlayStation 3
4987,Madden NFL 12,madden-nfl-12,81.5,5,70.0,12,2011,2010,Sport,"PlayStation 3, Xbox 360"
18433,Overcooked!,overcooked,81.5,13,82.0,355,2016,2010,"Simulator, Indie, Arcade","PlayStation 4, PC (Microsoft Windows), Xbox One, Nintendo Switch"
348168,Resonance: A Plague Tale Legacy,resonance-a-plague-tale-legacy,81.5,4,82.9,29,2026,2020,Adventure,"Xbox Series X|S, PC (Microsoft Windows), PlayStation 5"
2685,Rock Band,rock-band,81.5,4,82.2,115,2007,2000,Music,"PlayStation 3, Wii, Xbox 360, PlayStation 2"
1585,Skylanders: Spyro's Adventure,skylanders-spyro-s-adventure,81.5,4,69.2,46,2011,2010,"Role-playing (RPG), Hack and slash/Beat 'em up, Adventure","PlayStation 3, Wii, PC (Microsoft Windows), Mac, Wii U, Xbox 360"
159299,Storyteller,storyteller--1,81.5,4,74.5,58,2023,2020,"Point-and-click, Puzzle, Simulator, Adventure, Indie, Visual Novel","Android, PC (Microsoft Windows), iOS, Nintendo Switch"
6180,The Suffering,the-suffering,81.5,4,76.7,90,2004,2000,Shooter,"Xbox, Nintendo GameCube, PC (Microsoft Windows), PlayStation 2"
218793,Wild Hearts,wild-hearts,81.5,8,68.1,17,2023,2020,Adventure,"Xbox Series X|S, PC (Microsoft Windows), PlayStation 5"
19452,Wonder Boy: The Dragon's Trap,wonder-boy-the-dragons-trap,81.5,13,72.7,49,2017,2010,"Platform, Adventure, Indie","PlayStation 4, Linux, Android, PC (Microsoft Windows), iOS, PlayStation 5, Mac, Xbox One, Nintendo Switch"
103340,Xenoblade Chronicles 2: Torna - The Golden Country,xenoblade-chronicles-2-torna-the-golden-country,81.5,4,92.4,34,2018,2010,"Role-playing (RPG), Adventure","Nintendo Switch 2, Nintendo Switch"
25699,Atelier Shallie Plus: Alchemists of the Dusk Sea,atelier-shallie-plus-alchemists-of-the-dusk-sea,81.4,8,,,2016,2010,"Role-playing (RPG), Adventure",PlayStation Vita
545,Call of Duty: Black Ops,call-of-duty-black-ops,81.4,13,79.3,1338,2010,2010,Shooter,"PlayStation 3, PlayStation 4, PC (Microsoft Windows), PlayStation 5, Mac, Xbox 360"
11083,Disney Infinity 3.0,disney-infinity-3-dot-0,81.4,11,74.7,21,2015,2010,Adventure,"PlayStation 3, PlayStation 4, Android, PC (Microsoft Windows), iOS, Wii U, Xbox 360, Xbox One"
389,Final Fantasy XIII,final-fantasy-xiii,81.4,9,72.7,422,2009,2000,"Role-playing (RPG), Adventure","PlayStation 3, PC (Microsoft Windows), Xbox 360"
359,Final Fantasy XV,final-fantasy-xv,81.4,25,76.0,593,2016,2010,"Role-playing (RPG), Hack and slash/Beat 'em up, Adventure","Google Stadia, PlayStation 4, PC (Microsoft Windows), Xbox One, Nintendo Switch"
2672,Guitar Hero 5,guitar-hero-5,81.4,5,71.8,71,2009,2000,Music,"PlayStation 3, Wii, Xbox 360, PlayStation 2"
12077,Phoenix Wright: Ace Attorney - Spirit of Justice,phoenix-wright-ace-attorney-spirit-of-justice,81.4,18,80.6,48,2016,2010,"Point-and-click, Puzzle, Role-playing (RPG), Adventure, Visual Novel","Nintendo 3DS, Android, iOS"
113107,Sayonara Wild Hearts,sayonara-wild-hearts,81.4,7,76.9,110,2019,2010,"Music, Adventure, Indie, Arcade","PlayStation 4, Nintendo Switch 2, PC (Microsoft Windows), iOS, Mac, Xbox One, Nintendo Switch"
9865,Sportsfriends,sportsfriends,81.4,7,62.2,21,2014,2010,"Fighting, Sport, Indie, Arcade","PlayStation 3, PlayStation 4, Linux, PC (Microsoft Windows), Mac"
5336,Super Time Force,super-time-force,81.4,11,79.6,4,2014,2010,"Shooter, Platform, Adventure","Xbox 360, Xbox One"
111846,Void Bastards,void-bastards,81.4,8,72.6,62,2019,2010,"Shooter, Strategy, Arcade","PlayStation 4, PC (Microsoft Windows), Mac, Xbox One, Nintendo Switch"
100413,Watch Dogs: Legion,watch-dogs-legion,81.4,13,67.2,160,2020,2020,"Shooter, Role-playing (RPG), Adventure","Google Stadia, Xbox Series X|S, PlayStation 4, PC (Microsoft Windows), PlayStation 5, Xbox One"
14758,Ace Combat 7: Skies Unknown,ace-combat-7-skies-unknown,81.3,12,82.2,105,2019,2010,"Shooter, Simulator, Arcade","PlayStation 4, PlayStation VR, PC (Microsoft Windows), Xbox One, Nintendo Switch"
373021,Avatar Legends: The Fighting Game,avatar-legends-the-fighting-game,81.3,3,,,2026,2020,Fighting,"Xbox Series X|S, Nintendo Switch 2, PC (Microsoft Windows), PlayStation 5, Nintendo Switch"
74959,"Bury me, my Love",bury-me-my-love,81.3,3,50.0,3,2017,2010,"Simulator, Adventure, Indie","Android, PC (Microsoft Windows), iOS, Nintendo Switch"
119323,Chicken Police,chicken-police,81.3,4,87.8,18,2020,2020,"Point-and-click, Puzzle, Adventure, Indie, Visual Novel","Google Stadia, PlayStation 4, Android, PC (Microsoft Windows), iOS, PlayStation 5, Mac, Xbox One, Nintendo Switch"
8444,Company of Heroes 2: The Western Front Armies,company-of-heroes-2-the-western-front-armies--1,81.3,3,,,2014,2010,"Real Time Strategy (RTS), Strategy",PC (Microsoft Windows)
985,Dead Space: Extraction,dead-space-extraction,81.3,3,69.4,35,2009,2000,Shooter,"PlayStation 3, Wii"
26929,Deus Ex: Mankind Divided - A Criminal Past,deus-ex-mankind-divided-a-criminal-past,81.3,3,79.8,22,2017,2010,Role-playing (RPG),"PlayStation 4, Linux, PC (Microsoft Windows), Mac, Xbox One"
112,Devil May Cry 4,devil-may-cry-4,81.3,7,79.3,455,2008,2000,"Hack and slash/Beat 'em up, Adventure","PlayStation 3, PC (Microsoft Windows), Xbox 360"
366892,Donkey Kong Bananza: DK Island & Emerald Rush,donkey-kong-bananza-dk-island-and-emerald-rush,81.3,3,,,2025,2020,"Platform, Adventure",Nintendo Switch 2
144731,Doom Eternal: The Ancient Gods - Part Two,doom-eternal-the-ancient-gods-part-two,81.3,4,81.4,27,2021,2020,Shooter,"Google Stadia, Xbox Series X|S, PlayStation 4, PC (Microsoft Windows), PlayStation 5, Xbox One, Nintendo Switch"
26840,Fire Emblem Echoes: Shadows of Valentia,fire-emblem-echoes-shadows-of-valentia,81.3,9,83.9,105,2017,2010,"Role-playing (RPG), Turn-based strategy (TBS), Adventure",Nintendo 3DS
210625,Flock,flock--2,81.3,4,61.1,9,2024,2020,"Adventure, Indie","Xbox Series X|S, PlayStation 4, PC (Microsoft Windows), PlayStation 5, Xbox One"
5840,Full Spectrum Warrior,full-spectrum-warrior,81.3,5,76.8,14,2004,2000,"Shooter, Real Time Strategy (RTS), Simulator, Strategy","Xbox, PlayStation 3, PC (Microsoft Windows), PlayStation 2"
12528,Gravity Rush 2,gravity-rush-2,81.3,19,75.2,86,2017,2010,"Platform, Adventure",PlayStation 4
22917,Gris,gris,81.3,12,81.0,564,2018,2010,"Platform, Puzzle, Adventure, Indie","Xbox Series X|S, PlayStation 4, Android, PC (Microsoft Windows), iOS, PlayStation 5, Mac, Xbox One, Nintendo Switch"
131869,I Am Dead,i-am-dead,81.3,4,79.9,6,2020,2020,"Puzzle, Adventure, Indie","Xbox Series X|S, PlayStation 4, PC (Microsoft Windows), PlayStation 5, Mac, Xbox One, Nintendo Switch"
347661,LEGO Party!,lego-party,81.3,3,71.0,7,2025,2020,"Arcade, Card & Board Game","Xbox Series X|S, PlayStation 4, Nintendo Switch 2, PC (Microsoft Windows), PlayStation 5, Xbox One, Nintendo Switch"
8117,Lone Survivor,lone-survivor,81.3,3,64.6,27,2012,2010,"Puzzle, Adventure","Linux, PC (Microsoft Windows), Mac"
26128,Lost Ark,lost-ark,81.3,4,72.3,123,2019,2010,"Role-playing (RPG), Hack and slash/Beat 'em up, Adventure",PC (Microsoft Windows)
2476,Luigi's Mansion: Dark Moon,luigi-s-mansion-dark-moon,81.3,12,78.7,105,2013,2010,"Puzzle, Adventure",Nintendo 3DS
89560,Mutant Year Zero: Road to Eden,mutant-year-zero-road-to-eden,81.3,12,80.7,102,2018,2010,"Role-playing (RPG), Strategy, Turn-based strategy (TBS), Tactical, Adventure","PlayStation 4, PC (Microsoft Windows), Xbox One, Nintendo Switch"
135142,New Pokémon Snap,new-pokemon-snap,81.3,12,73.3,50,2021,2020,"Simulator, Adventure",Nintendo Switch
2178,New Super Mario Bros. Wii,new-super-mario-bros-wii,81.3,4,81.8,345,2009,2000,"Platform, Adventure","Wii, Wii U"
6897,Pokémon Omega Ruby,pokemon-omega-ruby,81.3,12,82.2,246,2014,2010,"Role-playing (RPG), Strategy, Turn-based strategy (TBS), Adventure",Nintendo 3DS
314265,Reanimal,reanimal,81.3,3,79.9,88,2026,2020,"Puzzle, Adventure","Xbox Series X|S, Nintendo Switch 2, PC (Microsoft Windows), PlayStation 5"
175664,Rock Band 4: Rivals Expansion,rock-band-4-rivals-expansion,81.3,4,,,2016,2010,"Music, Simulator","PlayStation 4, Xbox One"
16823,Rollers of the Realm,rollers-of-the-realm,81.3,4,80.0,4,2014,2010,"Puzzle, Role-playing (RPG), Pinball, Adventure, Indie, Arcade","PlayStation 4, PC (Microsoft Windows), PlayStation Vita"
109277,Samurai Shodown,samurai-shodown--2,81.3,7,73.2,35,2019,2010,Fighting,"Arcade, Google Stadia, Xbox Series X|S, PlayStation 4, Android, PC (Microsoft Windows), iOS, Xbox One, Nintendo Switch"
135913,Shin Megami Tensei III: Nocturne - HD Remaster,shin-megami-tensei-iii-nocturne-hd-remaster,81.3,8,89.7,19,2020,2020,Role-playing (RPG),"PlayStation 4, PC (Microsoft Windows), Nintendo Switch"
9727,Soma,soma,81.3,15,82.5,671,2015,2010,"Puzzle, Adventure, Indie","PlayStation 4, Linux, PC (Microsoft Windows), Mac, Xbox One, Nintendo Switch"
21724,Street Fighter III: 3rd Strike Online Edition,street-fighter-iii-3rd-strike-online-edition,81.3,3,81.0,13,2011,2010,"Fighting, Arcade","PlayStation 3, Xbox 360"
19984,Stretchmo,stretchmo,81.3,4,82.0,6,2015,2010,"Platform, Puzzle, Strategy",Nintendo 3DS
26612,Super Mega Baseball 2,super-mega-baseball-2,81.3,3,74.5,8,2018,2010,"Simulator, Sport, Indie","PlayStation 4, PC (Microsoft Windows), Xbox One"
361791,Tales of Xillia Remastered,tales-of-xillia-remastered,81.3,4,,,2025,2020,Role-playing (RPG),"Xbox Series X|S, PC (Microsoft Windows), PlayStation 5, Nintendo Switch"
103283,The Awesome Adventures of Captain Spirit,the-awesome-adventures-of-captain-spirit,81.3,7,75.7,216,2018,2010,Adventure,"PlayStation 4, PC (Microsoft Windows), Xbox One"
72420,The Exorcist: Legion VR,the-exorcist-legion-vr,81.3,3,80.0,4,2017,2010,"Simulator, Adventure","PlayStation VR, PC (Microsoft Windows), Oculus Quest"
13179,The Misadventures of P.B. Winterbottom,the-misadventures-of-pb-winterbottom,81.3,3,70.7,18,2010,2010,"Platform, Puzzle, Adventure, Indie, Arcade","PC (Microsoft Windows), Xbox 360"
185240,Thirsty Suitors,thirsty-suitors,81.3,3,69.5,9,2023,2020,"Platform, Role-playing (RPG), Turn-based strategy (TBS), Adventure","Xbox Series X|S, PlayStation 4, PC (Microsoft Windows), PlayStation 5, Xbox One, Nintendo Switch"
8311,Titan Quest,titan-quest,81.3,4,77.2,194,2006,2000,"Role-playing (RPG), Hack and slash/Beat 'em up",PC (Microsoft Windows)
347657,Towa and the Guardians of the Sacred Tree,towa-and-the-guardians-of-the-sacred-tree,81.3,3,,,2025,2020,"Role-playing (RPG), Adventure","Xbox Series X|S, PC (Microsoft Windows), PlayStation 5, Nintendo Switch"
1525,Trauma Center: New Blood,trauma-center-new-blood,81.3,3,83.7,6,2007,2000,Simulator,Wii
5416,Twisted Metal,twisted-metal-3bd4555a-3fd8-41bd-a0d7-d47d8c707651,81.3,4,60.0,41,2012,2010,"Shooter, Racing",PlayStation 3
19441,Watch Dogs 2,watch-dogs-2,81.3,21,76.7,746,2016,2010,"Shooter, Adventure","Google Stadia, PlayStation 4, PC (Microsoft Windows), Xbox One"
36701,Zwei: The Ilvard Insurrection,zwei-the-ilvard-insurrection,81.3,4,70.0,2,2009,2000,"Role-playing (RPG), Adventure",PC (Microsoft Windows)
1266,Assassin's Creed III,assassin-s-creed-iii,81.2,17,73.6,1497,2012,2010,Adventure,"PlayStation 3, PC (Microsoft Windows), Wii U, Xbox 360"
7115,Need for Speed: Shift 2 Unleashed,need-for-speed-shift-2-unleashed,81.2,6,76.3,98,2011,2010,"Racing, Simulator","PlayStation 3, PC (Microsoft Windows), Xbox 360"
117731,Persona 5 Strikers,persona-5-strikers,81.2,13,79.5,81,2020,2020,"Role-playing (RPG), Hack and slash/Beat 'em up, Adventure","PlayStation 4, PC (Microsoft Windows), Nintendo Switch"
8566,Pro Evolution Soccer 2015,pro-evolution-soccer-2015,81.2,12,69.4,78,2014,2010,"Simulator, Sport","PlayStation 3, PlayStation 4, PC (Microsoft Windows), Xbox 360, Xbox One"
826,Saints Row 2,saints-row-2,81.2,6,73.4,321,2008,2000,"Shooter, Racing, Adventure","PlayStation 3, Linux, PC (Microsoft Windows), Xbox 360"
36813,The Evil Within 2,the-evil-within-2,81.2,15,82.0,282,2017,2010,"Shooter, Role-playing (RPG), Adventure","PlayStation 4, PC (Microsoft Windows), Xbox One"
18398,Tyranny,tyranny,81.2,10,83.5,122,2016,2010,"Real Time Strategy (RTS), Role-playing (RPG), Strategy, Adventure","Linux, PC (Microsoft Windows), Mac"
11170,Unravel,unravel,81.2,19,79.5,291,2016,2010,"Platform, Puzzle, Adventure","PlayStation 4, PC (Microsoft Windows), Xbox One"
466,"Warhammer 40,000: Dawn of War II",warhammer-40-000-dawn-of-war-ii,81.2,6,78.1,135,2009,2000,"Real Time Strategy (RTS), Strategy","Linux, PC (Microsoft Windows), Mac"
15457,Ys: Memories of Celceta,ys-memories-of-celceta,81.2,9,77.0,32,2012,2010,Role-playing (RPG),"PC (Microsoft Windows), PlayStation Vita"
979,Call of Duty: Modern Warfare 3,call-of-duty-modern-warfare-3,81.1,9,73.6,1160,2011,2010,"Shooter, Tactical, Adventure","PlayStation 3, PC (Microsoft Windows), Mac, Xbox 360"
35282,CrossCode,crosscode,81.1,8,89.0,108,2018,2010,"Shooter, Puzzle, Role-playing (RPG), Adventure, Indie","PlayStation 4, Linux, PC (Microsoft Windows), PlayStation 5, Mac, Xbox One, Nintendo Switch"
152249,Marvel's Guardians of the Galaxy,marvels-guardians-of-the-galaxy,81.1,10,81.4,392,2021,2020,"Shooter, Role-playing (RPG), Adventure","Xbox Series X|S, PlayStation 4, Nintendo Switch 2, PC (Microsoft Windows), PlayStation 5, Xbox One"
7614,NBA 2K15,nba-2k15,81.1,7,77.3,66,2014,2010,"Simulator, Sport","PlayStation 3, PlayStation 4, PC (Microsoft Windows), Xbox 360, Xbox One"
133923,Paper Mario: The Origami King,paper-mario-the-origami-king,81.1,11,76.5,66,2020,2020,"Puzzle, Role-playing (RPG), Adventure",Nintendo Switch
1338,Prison Architect,prison-architect,81.1,12,75.5,197,2015,2010,"Simulator, Strategy, Adventure, Indie","PlayStation 4, Linux, Android, PC (Microsoft Windows), iOS, Mac, Xbox 360, Xbox One, Nintendo Switch"
18220,Rhythm Heaven Megamix,rhythm-heaven-megamix,81.1,7,80.4,19,2015,2010,Music,Nintendo 3DS
5772,SteamWorld Dig,steamworld-dig,81.1,8,73.5,232,2013,2010,"Platform, Puzzle, Adventure, Indie","Google Stadia, PlayStation 4, Linux, Nintendo 3DS, PC (Microsoft Windows), Mac, Wii U, PlayStation Vita, Xbox One, Nintendo Switch"
3097,The Walking Dead: Season Two,the-walking-dead-season-two,81.1,5,79.7,851,2013,2010,"Point-and-click, Puzzle, Adventure","PlayStation 3, PlayStation 4, Ouya, Android, PC (Microsoft Windows), iOS, Mac, PlayStation Vita, Xbox 360, Xbox One, Nintendo Switch"
55189,Warhammer: Vermintide 2,warhammer-vermintide-2,81.1,9,76.1,157,2018,2010,"Shooter, Role-playing (RPG), Adventure, Indie","PlayStation 4, PC (Microsoft Windows), PlayStation 5, Xbox One"
1121,Watch Dogs,watch-dogs,81.1,20,73.1,1156,2014,2010,"Shooter, Adventure","Google Stadia, PlayStation 3, PlayStation 4, PC (Microsoft Windows), Wii U, Xbox 360, Xbox One"
237527,Akka Arrh,akka-arrh--1,81.0,3,,,2023,2020,"Shooter, Arcade","Xbox Series X|S, PlayStation 4, PC (Microsoft Windows), PlayStation 5, Xbox One, Nintendo Switch"
7289,Always Sometimes Monsters,always-sometimes-monsters,81.0,5,70.0,25,2014,2010,"Role-playing (RPG), Simulator, Adventure, Indie","PlayStation 4, Linux, Android, PC (Microsoft Windows), iOS, Mac, Nintendo Switch"
9667,American Truck Simulator,american-truck-simulator,81.0,5,81.4,113,2016,2010,"Racing, Simulator, Indie","Xbox Series X|S, Linux, PC (Microsoft Windows), PlayStation 5, Mac"
19164,Borderlands 3,borderlands-3,81.0,14,76.2,589,2019,2010,"Shooter, Role-playing (RPG), Adventure","Google Stadia, Xbox Series X|S, PlayStation 4, PC (Microsoft Windows), PlayStation 5, Mac, Xbox One"
116138,Castlevania Anniversary Collection,castlevania-anniversary-collection,81.0,3,79.5,19,2019,2010,"Platform, Adventure, Arcade","PlayStation 4, PC (Microsoft Windows), Xbox One, Nintendo Switch"
304750,ChainStaff,chainstaff,81.0,3,,,2026,2020,"Shooter, Platform, Adventure","Xbox Series X|S, PlayStation 4, PC (Microsoft Windows), PlayStation 5, Mac, Xbox One, Nintendo Switch"
943,Colin McRae: Dirt,colin-mcrae-dirt,81.0,5,78.6,102,2007,2000,"Racing, Sport","PlayStation 3, PC (Microsoft Windows), Xbox 360"
1372,Counter-Strike: Global Offensive,counter-strike-global-offensive,81.0,5,81.6,1347,2012,2010,"Shooter, Tactical","PlayStation 3, Linux, PC (Microsoft Windows), Mac, Xbox 360"
24417,Eastward,eastward,81.0,3,89.0,41,2021,2020,"Role-playing (RPG), Simulator, Adventure, Indie","PC (Microsoft Windows), Mac, Xbox One, Nintendo Switch"
9278,Endless Legend,endless-legend,81.0,3,69.3,76,2014,2010,"Role-playing (RPG), Strategy, Turn-based strategy (TBS), Indie","PC (Microsoft Windows), Mac"
680,Enemy Territory: Quake Wars,enemy-territory-quake-wars,81.0,5,59.4,23,2007,2000,"Shooter, Strategy","PlayStation 3, Linux, PC (Microsoft Windows), Mac, Xbox 360"
151673,Grow: Song of the Evertree,grow-song-of-the-evertree,81.0,3,79.1,10,2021,2020,"Puzzle, Role-playing (RPG), Simulator, Adventure, Indie","PlayStation 4, PC (Microsoft Windows), Xbox One, Nintendo Switch"
6459,Katamari Forever,katamari-forever,81.0,3,90.1,17,2009,2000,"Puzzle, Adventure",PlayStation 3
18997,Kathy Rain,kathy-rain,81.0,3,78.8,57,2016,2010,"Point-and-click, Puzzle, Adventure, Indie","Android, PC (Microsoft Windows), iOS, Mac"
146851,Lost Judgment,lost-judgment,81.0,7,86.6,48,2021,2020,"Role-playing (RPG), Hack and slash/Beat 'em up, Adventure","Xbox Series X|S, PlayStation 4, PC (Microsoft Windows), PlayStation 5, Xbox One"
172688,Mahokenshi - The Samurai Deckbuilder,mahokenshi-the-samurai-deckbuilder,81.0,4,,,2023,2020,"Role-playing (RPG), Strategy, Turn-based strategy (TBS), Tactical, Indie, Card & Board Game",PC (Microsoft Windows)
305016,Mighty Morphin Power Rangers: Rita's Rewind,mighty-morphin-power-rangers-ritas-rewind,81.0,4,69.9,8,2024,2020,"Fighting, Hack and slash/Beat 'em up, Arcade","Xbox Series X|S, PlayStation 4, PC (Microsoft Windows), PlayStation 5, Xbox One, Nintendo Switch"
15549,Mushroom 11,mushroom-11,81.0,5,53.3,10,2015,2010,"Platform, Puzzle, Adventure, Indie","Linux, Android, PC (Microsoft Windows), iOS, Mac"
21076,NBA Jam: On Fire Edition,nba-jam-on-fire-edition,81.0,3,61.4,7,2011,2010,Sport,"PlayStation 3, Xbox 360"
2272,No More Heroes,no-more-heroes,81.0,5,79.7,130,2007,2000,"Hack and slash/Beat 'em up, Adventure","Wii, PC (Microsoft Windows), Nintendo Switch"
18918,Northgard,northgard,81.0,4,71.7,112,2018,2010,"Real Time Strategy (RTS), Role-playing (RPG), Simulator, Strategy, Turn-based strategy (TBS), Indie","PlayStation 4, Linux, Android, PC (Microsoft Windows), iOS, Mac, Xbox One, Nintendo Switch"
1593,Pillars of Eternity,pillars-of-eternity,81.0,6,80.5,322,2015,2010,"Role-playing (RPG), Strategy, Adventure, Indie","PlayStation 4, Linux, PC (Microsoft Windows), Mac, Xbox One, Nintendo Switch"
20875,Project Highrise,project-highrise,81.0,4,66.3,29,2016,2010,"Simulator, Strategy, Indie","PlayStation 4, PC (Microsoft Windows), iOS, Mac, Xbox One, Nintendo Switch"
260735,Red Dead Redemption,red-dead-redemption--1,81.0,4,84.7,58,2023,2020,"Shooter, Role-playing (RPG), Adventure","Xbox Series X|S, PlayStation 4, Nintendo Switch 2, Android, PC (Microsoft Windows), iOS, PlayStation 5, Nintendo Switch"
115279,Rune Factory 5,rune-factory-5,81.0,3,69.8,11,2021,2020,"Role-playing (RPG), Simulator, Adventure","PC (Microsoft Windows), Nintendo Switch"
250922,Rune Factory: Guardians of Azuma,rune-factory-guardians-of-azuma--1,81.0,4,79.9,8,2025,2020,"Role-playing (RPG), Simulator, Adventure","Xbox Series X|S, Nintendo Switch 2, PC (Microsoft Windows), PlayStation 5, Nintendo Switch"
4171,Shadow Hearts: Covenant,shadow-hearts-covenant,81.0,3,80.6,27,2004,2000,"Role-playing (RPG), Turn-based strategy (TBS)",PlayStation 2
119273,Shadows of Doubt,shadows-of-doubt,81.0,3,64.4,27,2024,2020,"Role-playing (RPG), Simulator, Adventure, Indie","Xbox Series X|S, PC (Microsoft Windows), PlayStation 5"
127842,Skul: The Hero Slayer,skul-the-hero-slayer,81.0,3,67.1,36,2021,2020,"Platform, Indie","PlayStation 4, Linux, Android, PC (Microsoft Windows), iOS, Mac, Xbox One, Nintendo Switch"
107215,SnowRunner,snowrunner,81.0,3,74.9,77,2020,2020,"Racing, Simulator, Adventure, Arcade","Xbox Series X|S, PlayStation 4, Nintendo Switch 2, PC (Microsoft Windows), PlayStation 5, Mac, Xbox One, Nintendo Switch"
9478,So Many Me,so-many-me,81.0,3,70.0,4,2014,2010,"Platform, Puzzle, Strategy, Indie","PlayStation 4, Ouya, Linux, PC (Microsoft Windows), Mac, Xbox One"
7335,Splatoon,splatoon,81.0,14,81.1,154,2015,2010,"Shooter, Platform",Wii U
103364,Splatoon 2: Octo Expansion,splatoon-2-octo-expansion,81.0,3,90.2,40,2018,2010,"Shooter, Platform",Nintendo Switch
81262,Tales of Monkey Island: Chapter 1 - Launch of the Screaming Narwhal,tales-of-monkey-island-chapter-1-launch-of-the-screaming-narwhal,81.0,5,71.4,17,2009,2000,"Point-and-click, Role-playing (RPG), Adventure","PlayStation 3, Wii, PC (Microsoft Windows), iOS, Mac"
13232,Technobabylon,technobabylon,81.0,3,76.7,45,2015,2010,"Point-and-click, Role-playing (RPG), Adventure, Indie","Linux, PC (Microsoft Windows), iOS, Mac"
1879,Terraria,terraria,81.0,13,82.3,1056,2011,2010,"Platform, Role-playing (RPG), Simulator, Strategy, Adventure, Indie","Google Stadia, PlayStation 3, PlayStation 4, Linux, Nintendo 3DS, Windows Phone, Android, PC (Microsoft Windows), iOS, Mac, Wii U, PlayStation Vita, Xbox 360, Xbox One, Nintendo Switch"
27324,The Gardens Between,the-gardens-between,81.0,9,75.7,94,2018,2010,"Puzzle, Adventure, Indie","Google Stadia, PlayStation 4, Linux, Android, PC (Microsoft Windows), iOS, PlayStation 5, Mac, Xbox One, Nintendo Switch"
998,Uncharted: Golden Abyss,uncharted-golden-abyss,81.0,5,72.2,123,2011,2010,"Shooter, Platform, Adventure",PlayStation Vita
210515,WitchSpring R,witchspring-r,81.0,3,70.0,7,2023,2020,Role-playing (RPG),"PC (Microsoft Windows), PlayStation 5, Nintendo Switch"
569,Wolfenstein,wolfenstein,81.0,4,72.2,277,2009,2000,Shooter,"PlayStation 3, PC (Microsoft Windows), Xbox 360"
27316,A Plague Tale: Innocence,a-plague-tale-innocence,80.9,15,80.6,806,2019,2010,Adventure,"Xbox Series X|S, PlayStation 4, PC (Microsoft Windows), PlayStation 5, Xbox One"
7352,Abzu,abzu,80.9,27,77.0,475,2016,2010,"Puzzle, Adventure, Indie","PlayStation 4, PC (Microsoft Windows), Xbox One, Nintendo Switch"
3002,Dragon's Crown,dragon-s-crown,80.9,11,78.5,55,2013,2010,"Role-playing (RPG), Hack and slash/Beat 'em up","PlayStation 3, Wii, PlayStation Vita, Dreamcast"
517,F.E.A.R.,f-e-a-r,80.9,7,81.0,589,2005,2000,Shooter,PC (Microsoft Windows)
102122,Madden NFL 19,madden-nfl-19,80.9,9,69.7,22,2018,2010,Sport,"PlayStation 4, PC (Microsoft Windows), Xbox One"
2271,Monster Hunter 3 Ultimate,monster-hunter-3-ultimate,80.9,11,84.7,53,2011,2010,"Role-playing (RPG), Hack and slash/Beat 'em up, Adventure","Nintendo 3DS, Wii U"
1968,Rayman Legends,rayman-legends,80.9,13,84.6,650,2013,2010,"Platform, Adventure","Google Stadia, PlayStation 3, PlayStation 4, PC (Microsoft Windows), Xbox 360, Xbox One"
125628,Tell Me Why,tell-me-why,80.9,9,75.1,141,2020,2020,Adventure,"PC (Microsoft Windows), Xbox One"
19241,Unravel Two,unravel-two,80.9,11,77.8,208,2018,2010,"Platform, Puzzle, Adventure","PlayStation 4, PC (Microsoft Windows), Xbox One, Nintendo Switch"
19607,VideoBall,videoball,80.9,8,40.5,6,2016,2010,"Real Time Strategy (RTS), Sport, Strategy, Indie","PlayStation 4, Linux, PC (Microsoft Windows), Mac, Xbox One"
55057,Age of Empires III: Definitive Edition,age-of-empires-iii-definitive-edition,80.8,4,81.7,37,2020,2020,"Real Time Strategy (RTS), Strategy",PC (Microsoft Windows)
128,Assassin's Creed,assassin-s-creed,80.8,4,73.3,1789,2007,2000,"Platform, Adventure","PlayStation 3, Xbox 360"
134597,Astro's Playroom,astros-playroom,80.8,6,83.9,320,2020,2020,"Platform, Adventure",PlayStation 5
13205,Astroneer,astroneer,80.8,4,73.5,128,2019,2010,"Simulator, Adventure, Indie","PlayStation 4, PC (Microsoft Windows), PlayStation 5, Xbox One, Nintendo Switch"
166489,Big Brain Academy: Brain vs. Brain,big-brain-academy-brain-vs-brain,80.8,5,,,2021,2020,Puzzle,"Nintendo Switch 2, Nintendo Switch"
121247,Biped,biped,80.8,4,70.8,29,2020,2020,"Simulator, Sport, Strategy, Adventure, Indie","PlayStation 4, PC (Microsoft Windows), PlayStation 5, Xbox One, Nintendo Switch"
129028,Bonfire Peaks,bonfire-peaks,80.8,6,,,2021,2020,"Puzzle, Adventure, Indie","PlayStation 4, Linux, PC (Microsoft Windows), PlayStation 5, Mac, Nintendo Switch"
134564,Demon Turf,demon-turf,80.8,4,79.9,10,2021,2020,"Platform, Adventure, Indie","Xbox Series X|S, PlayStation 4, PC (Microsoft Windows), PlayStation 5, Xbox One, Nintendo Switch"
133301,Dirt 5,dirt-5,80.8,12,73.3,67,2020,2020,"Racing, Simulator, Sport, Adventure","Google Stadia, Xbox Series X|S, PlayStation 4, PC (Microsoft Windows), PlayStation 5, Xbox One"
23596,Duke Nukem 3D: 20th Anniversary World Tour,duke-nukem-3d-20th-anniversary-world-tour,80.8,9,79.7,35,2016,2010,"Shooter, Puzzle, Adventure","PlayStation 4, PC (Microsoft Windows), Xbox One, Nintendo Switch"
412,Final Fantasy: Crystal Chronicles,final-fantasy-crystal-chronicles,80.8,4,71.0,41,2003,2000,"Role-playing (RPG), Simulator, Strategy, Quiz/Trivia",Nintendo GameCube
20330,Flinthook,flinthook,80.8,5,79.8,13,2017,2010,"Shooter, Platform, Adventure, Indie, Arcade","PlayStation 4, Linux, PC (Microsoft Windows), Mac, Xbox One, Nintendo Switch"
9741,Guitar Hero Live,guitar-hero-live,80.8,12,75.6,34,2015,2010,Music,"PlayStation 3, PlayStation 4, iOS, Wii U, Xbox 360, Xbox One"
228533,Horizon Forbidden West: Burning Shores,horizon-forbidden-west-burning-shores,80.8,6,80.7,47,2023,2020,"Role-playing (RPG), Adventure","PC (Microsoft Windows), PlayStation 5"
6748,Killing Floor 2,killing-floor-2,80.8,13,73.7,171,2016,2010,Shooter,"PlayStation 4, PC (Microsoft Windows), Xbox One"
7356,Kingdom Hearts HD 1.5 Remix,kingdom-hearts-hd-1-dot-5-remix,80.8,6,86.0,60,2013,2010,"Platform, Role-playing (RPG), Hack and slash/Beat 'em up, Adventure",PlayStation 3
6402,NES Remix 2,nes-remix-2,80.8,4,82.0,4,2014,2010,"Fighting, Music, Platform, Racing, Sport, Adventure, Arcade",Wii U
24440,Pankapu,pankapu,80.8,4,69.4,5,2016,2010,"Platform, Role-playing (RPG), Adventure, Indie","PlayStation 4, Linux, PC (Microsoft Windows), Mac, Xbox One, Nintendo Switch"
2468,Prince of Persia: The Forgotten Sands,prince-of-persia-the-forgotten-sands,80.8,5,68.0,255,2010,2010,"Platform, Hack and slash/Beat 'em up, Adventure","PlayStation 3, PC (Microsoft Windows), Xbox 360"
509,Rage,rage,80.8,10,73.0,311,2011,2010,"Shooter, Racing","PlayStation 3, PC (Microsoft Windows), Mac, Xbox 360"
115115,Resident Evil 3,resident-evil-3,80.8,10,77.6,617,2020,2020,"Shooter, Adventure","Xbox Series X|S, PlayStation 4, Nintendo Switch 2, PC (Microsoft Windows), iOS, PlayStation 5, Mac, Xbox One"
21606,Riptide GP: Renegade,riptide-gp-renegade,80.8,4,68.6,11,2016,2010,"Racing, Simulator, Sport","PlayStation 4, Android, PC (Microsoft Windows), iOS, Xbox One, Nintendo Switch"
7290,Samurai Warriors 4,samurai-warriors-4,80.8,6,70.4,9,2014,2010,Hack and slash/Beat 'em up,"PlayStation 3, PlayStation 4, PlayStation Vita"
133302,Scarlet Nexus,scarlet-nexus,80.8,10,77.5,93,2021,2020,"Role-playing (RPG), Adventure","Xbox Series X|S, PlayStation 4, PC (Microsoft Windows), PlayStation 5, Xbox One"
11078,Shantae: Half-Genie Hero,shantae-half-genie-hero,80.8,16,81.0,59,2016,2010,"Platform, Adventure, Indie","PlayStation 4, PC (Microsoft Windows), PlayStation 5, Wii U, PlayStation Vita, Xbox One, Nintendo Switch"
148,Star Wars: Republic Commando,star-wars-republic-commando,80.8,5,82.3,263,2005,2000,"Shooter, Tactical, Adventure","Xbox, PlayStation 4, PC (Microsoft Windows), PlayStation 5, Nintendo Switch"
134706,Star Wars: Squadrons,star-wars-squadrons,80.8,12,69.3,143,2020,2020,"Shooter, Simulator","Xbox Series X|S, Windows Mixed Reality, PlayStation 4, PlayStation VR, PC (Microsoft Windows), SteamVR, PlayStation 5, Oculus Rift, Xbox One"
2974,Surgeon Simulator 2013,surgeon-simulator-2013,80.8,5,68.6,54,2013,2010,"Puzzle, Role-playing (RPG), Simulator, Indie","Linux, Android, PC (Microsoft Windows), iOS, Mac"
13558,The Legend of Heroes: Trails of Cold Steel II,the-legend-of-heroes-trails-of-cold-steel-ii,80.8,11,84.0,36,2014,2010,"Role-playing (RPG), Strategy, Turn-based strategy (TBS), Adventure","PlayStation 3, PlayStation 4, PC (Microsoft Windows), PlayStation Vita"
3155,The Lord of the Rings: The Battle for Middle-earth II,the-lord-of-the-rings-the-battle-for-middle-earth-ii,80.8,6,81.9,254,2006,2000,"Real Time Strategy (RTS), Strategy","PC (Microsoft Windows), Xbox 360"
11276,The Room Two,the-room-two,80.8,4,78.6,141,2013,2010,"Point-and-click, Puzzle, Indie","Android, PC (Microsoft Windows), iOS, Nintendo Switch"
299572,The Smurfs: Dreams,the-smurfs-dreams,80.8,4,,,2024,2020,"Platform, Adventure","Xbox Series X|S, PlayStation 4, PC (Microsoft Windows), PlayStation 5, Xbox One, Nintendo Switch"
152358,WarioWare: Get It Together!,warioware-get-it-together,80.8,6,77.2,28,2021,2020,Arcade,Nintendo Switch
198439,American Arcadia,american-arcadia,80.7,3,79.7,16,2023,2020,"Platform, Puzzle, Adventure, Indie","Xbox Series X|S, PlayStation 4, PC (Microsoft Windows), PlayStation 5, Xbox One, Nintendo Switch"
8642,Aqua Kitty: Milk Mine Defender,aqua-kitty-milk-mine-defender,80.7,3,80.0,4,2013,2010,"Shooter, Indie","PlayStation 4, Linux, PC (Microsoft Windows), PlayStation Vita, Xbox One"
23689,Battle Chef Brigade,battle-chef-brigade,80.7,7,79.6,21,2017,2010,"Platform, Puzzle, Role-playing (RPG), Simulator, Hack and slash/Beat 'em up, Adventure, Indie","Linux, Android, PC (Microsoft Windows), iOS, Mac, Nintendo Switch"
1011,Borderlands 2,borderlands-2,80.7,17,83.6,1859,2012,2010,"Shooter, Role-playing (RPG)","PlayStation 3, PlayStation 4, Linux, Android, PC (Microsoft Windows), Mac, PlayStation Vita, Xbox 360, Xbox One, Nintendo Switch"
21758,Borderlands: Game of the Year Edition,borderlands-game-of-the-year-edition,80.7,3,80.5,62,2010,2010,"Shooter, Role-playing (RPG)","PlayStation 3, PlayStation 4, PC (Microsoft Windows), Mac, Xbox 360, Xbox One, Nintendo Switch"
496,Dead Rising 2,dead-rising-2,80.7,9,73.8,226,2010,2010,"Hack and slash/Beat 'em up, Adventure","PlayStation 3, PlayStation 4, Linux, PC (Microsoft Windows), Xbox 360, Xbox One"
8070,Eldritch,eldritch,80.7,3,66.6,24,2013,2010,"Shooter, Role-playing (RPG), Adventure, Indie","Linux, PC (Microsoft Windows), Mac"
57012,Etrian Odyssey Nexus,etrian-odyssey-nexus,80.7,7,80.0,3,2018,2010,"Role-playing (RPG), Adventure",Nintendo 3DS
18293,EverQuest II,everquest-ii,80.7,3,70.7,11,2004,2000,"Role-playing (RPG), Adventure",PC (Microsoft Windows)
205780,FIFA 23,fifa-23,80.7,3,65.9,104,2022,2020,"Simulator, Sport","Google Stadia, Xbox Series X|S, PlayStation 4, PC (Microsoft Windows), PlayStation 5, Xbox One"
375089,Fallout 4: Anniversary Edition,fallout-4-anniversary-edition,80.7,3,,,2025,2020,"Shooter, Role-playing (RPG), Adventure","Xbox Series X|S, PlayStation 4, Nintendo Switch 2, PC (Microsoft Windows), PlayStation 5, Xbox One"
140517,Gears 5: Hivebusters,gears-5-hivebusters,80.7,3,75.4,22,2020,2020,"Shooter, Adventure","Xbox Series X|S, PC (Microsoft Windows), Xbox One"
986,Halo 2,halo-2,80.7,6,84.0,688,2004,2000,Shooter,"Xbox, PC (Microsoft Windows), Xbox One"
13624,Heroes of Loot,heroes-of-loot,80.7,3,50.0,3,2013,2010,"Shooter, Role-playing (RPG), Adventure, Indie, Arcade","Ouya, Linux, Android, PC (Microsoft Windows), iOS, Mac, PlayStation Vita, Nintendo Switch"
25581,Iron Harvest,iron-harvest,80.7,3,71.3,23,2020,2020,"Real Time Strategy (RTS), Sport, Strategy","PlayStation 4, PC (Microsoft Windows), Xbox One"
6836,LEGO Batman 2: DC Super Heroes,lego-batman-2-dc-super-heroes,80.7,10,73.4,156,2012,2010,"Platform, Hack and slash/Beat 'em up, Adventure","PlayStation 3, Wii, PC (Microsoft Windows), Mac, Wii U, Xbox 360"
3149,LEGO Harry Potter: Years 1-4,lego-harry-potter-years-1-4,80.7,7,75.5,223,2010,2010,"Platform, Puzzle, Adventure","OnLive Game System, PlayStation 3, Wii, PC (Microsoft Windows), Mac, Xbox 360"
117497,Partisans 1941,partisans-1941,80.7,3,65.1,10,2020,2020,"Strategy, Tactical, Indie","Linux, PC (Microsoft Windows), Mac"
3752,Peggle 2,peggle-2,80.7,6,73.0,40,2013,2010,"Puzzle, Arcade","PlayStation 4, Xbox 360, Xbox One"
7441,Ridge Racer 7,ridge-racer-7,80.7,3,74.3,9,2006,2000,Racing,PlayStation 3
2697,Rocksmith,rocksmith,80.7,6,81.6,19,2011,2010,"Music, Simulator","PlayStation 3, PC (Microsoft Windows), Xbox 360"
1456,Suikoden V,suikoden-v,80.7,3,80.1,30,2006,2000,Role-playing (RPG),PlayStation 2
191409,Taiko no Tatsujin: Rhythm Festival,taiko-no-tatsujin-rhythm-festival,80.7,3,,,2022,2020,Music,"Xbox Series X|S, PC (Microsoft Windows), PlayStation 5, Nintendo Switch"
433,The Chronicles of Riddick: Assault on Dark Athena,the-chronicles-of-riddick-assault-on-dark-athena,80.7,7,80.8,85,2009,2000,Shooter,"PlayStation 3, PC (Microsoft Windows), Mac, Xbox 360"
113118,The Pathless,the-pathless,80.7,9,77.6,47,2020,2020,"Role-playing (RPG), Adventure, Indie","Xbox Series X|S, PlayStation 4, PC (Microsoft Windows), iOS, PlayStation 5, Mac, Xbox One, Nintendo Switch"
110411,Dirt Rally 2.0,dirt-rally-2-dot-0,80.6,10,75.8,89,2019,2010,"Racing, Simulator, Sport, Strategy","Oculus VR, PlayStation 4, PC (Microsoft Windows), SteamVR, Xbox One"
6984,EA Sports MMA,ea-sports-mma,80.6,5,78.3,14,2010,2010,"Fighting, Sport","PlayStation 3, iOS, Xbox 360"
2138,Grid 2,grid-2,80.6,12,72.9,167,2013,2010,"Racing, Simulator, Sport, Arcade","PlayStation 3, PC (Microsoft Windows), Mac, Xbox 360"
7371,MLB 09: The Show,mlb-09-the-show,80.6,9,,,2009,2000,"Simulator, Sport","PlayStation 3, PlayStation Portable, PlayStation 2"
342382,Madden NFL 26,madden-nfl-26,80.6,5,68.5,8,2025,2020,"Simulator, Sport, Strategy","Xbox Series X|S, Nintendo Switch 2, PC (Microsoft Windows), PlayStation 5"
4841,ModNation Racers,modnation-racers,80.6,5,77.6,34,2010,2010,"Racing, Arcade","PlayStation 3, PlayStation Portable"
8979,Puzzle Quest 2,puzzle-quest-2,80.6,8,64.0,13,2010,2010,"Puzzle, Role-playing (RPG), Strategy, Turn-based strategy (TBS)","Linux, Windows Phone, Android, PC (Microsoft Windows), iOS, Xbox 360, Nintendo DS"
16464,ShootMania Storm,shootmania-storm,80.6,5,80.0,8,2013,2010,Shooter,PC (Microsoft Windows)
2152,Sid Meier's Civilization Revolution,sid-meiers-civilization-revolution,80.6,8,69.5,47,2008,2000,"Simulator, Strategy, Turn-based strategy (TBS)","PlayStation 3, Xbox 360"
116238,Sniper Elite 5,sniper-elite-5,80.6,7,70.2,61,2022,2020,"Shooter, Simulator, Adventure","Xbox Series X|S, PlayStation 4, PC (Microsoft Windows), iOS, PlayStation 5, Mac, Xbox One"
59,The Elder Scrolls IV: Oblivion,the-elder-scrolls-iv-oblivion,80.6,6,85.1,1579,2006,2000,"Role-playing (RPG), Adventure","PlayStation 3, PC (Microsoft Windows), Xbox 360"
5679,Theatrhythm Final Fantasy: Curtain Call,theatrhythm-final-fantasy-curtain-call,80.6,7,82.4,19,2014,2010,"Music, Role-playing (RPG)",Nintendo 3DS
8657,Toukiden: Kiwami,toukiden-kiwami,80.6,5,72.8,9,2014,2010,Role-playing (RPG),"PlayStation 4, PC (Microsoft Windows), PlayStation Vita, PlayStation Portable"
8361,Transformers: Fall of Cybertron,transformers-fall-of-cybertron,80.6,11,73.1,57,2012,2010,"Shooter, Adventure","PlayStation 3, PlayStation 4, PC (Microsoft Windows), Xbox 360, Xbox One"
3218,Vanquish,vanquish,80.6,9,79.4,237,2010,2010,"Shooter, Adventure","PlayStation 3, PlayStation 4, PC (Microsoft Windows), Xbox 360, Xbox One"
348,Battlefield 2: Modern Combat,battlefield-2-modern-combat,80.5,5,64.0,43,2005,2000,Shooter,"Xbox, Xbox 360, PlayStation 2"
6923,Blue Dragon,blue-dragon,80.5,4,79.2,29,2006,2000,"Role-playing (RPG), Adventure",Xbox 360
6936,Child of Eden,child-of-eden,80.5,5,63.1,18,2011,2010,"Shooter, Music","PlayStation 3, Xbox 360"
191404,Chrono Cross: The Radical Dreamers Edition,chrono-cross-the-radical-dreamers-edition,80.5,4,89.9,10,2022,2020,"Role-playing (RPG), Adventure","PlayStation 4, PC (Microsoft Windows), Xbox One, Nintendo Switch"
320137,Cronos: The New Dawn,cronos-the-new-dawn,80.5,6,75.4,60,2025,2020,"Shooter, Puzzle, Adventure","Xbox Series X|S, Linux, Nintendo Switch 2, PC (Microsoft Windows), PlayStation 5"
142803,Diablo II: Resurrected,diablo-ii-resurrected,80.5,11,87.5,148,2021,2020,"Role-playing (RPG), Hack and slash/Beat 'em up, Adventure","Xbox Series X|S, PlayStation 4, PC (Microsoft Windows), PlayStation 5, Xbox One, Nintendo Switch"
23913,Dragon Quest VII: Fragments of the Forgotten Past,dragon-quest-vii-fragments-of-the-forgotten-past,80.5,14,79.9,18,2013,2010,"Role-playing (RPG), Turn-based strategy (TBS), Adventure",Nintendo 3DS
21567,Dungeons & Dragons: Chronicles of Mystara,dungeons-and-dragons-chronicles-of-mystara,80.5,4,67.6,13,2013,2010,"Fighting, Role-playing (RPG), Hack and slash/Beat 'em up, Adventure, Arcade","PlayStation 3, PC (Microsoft Windows), Wii U, Xbox 360"
15445,Dying Light: The Following,dying-light-the-following,80.5,10,76.4,65,2016,2010,"Shooter, Role-playing (RPG), Adventure","PlayStation 4, PC (Microsoft Windows), Xbox One"
19596,Ever Oasis,ever-oasis,80.5,10,57.8,16,2017,2010,"Puzzle, Role-playing (RPG), Adventure",Nintendo 3DS
13167,JumpJet Rex,jumpjet-rex,80.5,4,70.0,6,2015,2010,"Platform, Racing, Adventure, Indie","PlayStation 4, Linux, PC (Microsoft Windows), Mac, Xbox One"
5628,Luftrausers,luftrausers,80.5,11,78.5,53,2014,2010,"Simulator, Strategy, Indie, Arcade","PlayStation 3, Linux, Android, PC (Microsoft Windows), Mac, PlayStation Vita"
138251,Mario Kart Live: Home Circuit,mario-kart-live-home-circuit,80.5,6,,,2020,2020,Racing,Nintendo Switch
103341,Overcooked! 2,overcooked-2,80.5,11,79.4,308,2018,2010,"Simulator, Strategy, Tactical, Indie, Arcade","PlayStation 4, Linux, Nintendo Switch 2, PC (Microsoft Windows), Mac, Xbox One, Nintendo Switch"
5099,Pinball Hall of Fame: The Williams Collection,pinball-hall-of-fame-the-williams-collection,80.5,6,87.0,3,2008,2000,Pinball,"PlayStation 3, Nintendo 3DS, Wii, PlayStation Portable, Xbox 360, PlayStation 2"
7215,Test Drive Unlimited,test-drive-unlimited,80.5,6,76.7,109,2006,2000,Racing,"PC (Microsoft Windows), Xbox 360"
26674,The Lion's Song,the-lions-song,80.5,6,79.8,18,2016,2010,"Point-and-click, Adventure, Indie","Linux, PC (Microsoft Windows), Mac, Nintendo Switch"
8467,Velocity 2X,velocity-2x,80.5,10,88.2,29,2014,2010,"Shooter, Platform, Puzzle, Arcade","PlayStation 4, PC (Microsoft Windows), PlayStation Vita, Xbox One, Nintendo Switch"
27081,FIFA 18,fifa-18,80.4,15,71.3,272,2017,2010,Sport,"PlayStation 4, PC (Microsoft Windows), Xbox One"
138343,Hyrule Warriors: Age of Calamity,hyrule-warriors-age-of-calamity,80.4,9,80.2,63,2020,2020,"Strategy, Hack and slash/Beat 'em up",Nintendo Switch
113108,Journey to the Savage Planet,journey-to-the-savage-planet,80.4,11,72.6,71,2020,2020,"Shooter, Adventure","Xbox Series X|S, PlayStation 4, PC (Microsoft Windows), PlayStation 5, Xbox One, Nintendo Switch"
109460,Kirby's Extra Epic Yarn,kirbys-extra-epic-yarn,80.4,7,70.1,9,2019,2010,"Platform, Adventure",Nintendo 3DS
75546,MLB The Show 18,mlb-the-show-18,80.4,5,79.9,11,2018,2010,Sport,PlayStation 4
3365,Mario & Luigi: Dream Team,mario-luigi-dream-team,80.4,10,77.9,79,2013,2010,"Platform, Puzzle, Role-playing (RPG), Adventure",Nintendo 3DS
358529,Plants vs. Zombies: Replanted,plants-vs-zombies-replanted,80.4,5,79.8,11,2025,2020,Strategy,"Xbox Series X|S, PlayStation 4, Nintendo Switch 2, PC (Microsoft Windows), PlayStation 5, Xbox One, Nintendo Switch"
1262,South Park: The Stick of Truth,south-park-the-stick-of-truth,80.4,14,83.7,1220,2014,2010,"Role-playing (RPG), Strategy, Adventure","PlayStation 3, PlayStation 4, PC (Microsoft Windows), Xbox 360, Xbox One, Nintendo Switch"
1065,Street Fighter X Tekken,street-fighter-x-tekken,80.4,14,74.2,93,2012,2010,"Fighting, Arcade","PlayStation 3, PC (Microsoft Windows), PlayStation Vita, Xbox 360"
314945,Tales of Graces F Remastered,tales-of-graces-f-remastered,80.4,5,,,2025,2020,"Role-playing (RPG), Adventure","Xbox Series X|S, PlayStation 4, PC (Microsoft Windows), PlayStation 5, Xbox One, Nintendo Switch"
348192,Aphelion,aphelion--1,80.3,4,60.0,12,2026,2020,Adventure,"Xbox Series X|S, PC (Microsoft Windows), PlayStation 5"
14394,Battle Brothers,battle-brothers,80.3,4,79.0,66,2017,2010,"Role-playing (RPG), Simulator, Strategy, Turn-based strategy (TBS), Tactical, Adventure, Indie","PlayStation 4, PC (Microsoft Windows), Xbox One, Nintendo Switch"
1979,Battlefield 4,battlefield-4,80.3,18,75.8,898,2013,2010,"Shooter, Simulator, Strategy","PlayStation 3, PlayStation 4, PC (Microsoft Windows), Xbox 360, Xbox One"
127136,Bear With Me: Episode 2,bear-with-me-episode-2,80.3,3,,,2017,2010,"Adventure, Indie","Linux, PC (Microsoft Windows), Mac"
212,Brütal Legend,brutal-legend,80.3,6,73.4,258,2009,2000,"Music, Real Time Strategy (RTS), Simulator, Strategy, Adventure","PlayStation 3, Linux, PC (Microsoft Windows), Mac, Xbox 360"
20022,Devil May Cry 4: Special Edition,devil-may-cry-4-special-edition,80.3,8,78.5,68,2015,2010,"Hack and slash/Beat 'em up, Adventure","PlayStation 4, PC (Microsoft Windows), Xbox One"
23881,Diaries of a Spaceport Janitor,diaries-of-a-spaceport-janitor,80.3,3,70.0,7,2016,2010,"Role-playing (RPG), Simulator, Adventure, Indie","PC (Microsoft Windows), Mac"
55080,Donut County,donut-county,80.3,13,71.1,222,2018,2010,"Puzzle, Adventure, Indie","PlayStation 4, Android, PC (Microsoft Windows), iOS, Mac, Xbox One, Nintendo Switch"
19135,Dragon Age: Inquisition - Jaws of Hakkon,dragon-age-inquisition-jaws-of-hakkon,80.3,3,78.1,36,2015,2010,"Role-playing (RPG), Strategy","PlayStation 3, PlayStation 4, PC (Microsoft Windows), Xbox 360, Xbox One"
287849,Epic Mickey: Rebrushed,epic-mickey-rebrushed,80.3,4,69.0,20,2024,2020,"Platform, Adventure","Xbox Series X|S, PlayStation 4, Nintendo Switch 2, Android, PC (Microsoft Windows), iOS, PlayStation 5, Xbox One, Nintendo Switch"
279658,Final Fantasy XVI: The Rising Tide,final-fantasy-xvi-the-rising-tide,80.3,3,76.6,11,2024,2020,Role-playing (RPG),"Xbox Series X|S, PC (Microsoft Windows), PlayStation 5"
20068,God of War Collection,god-of-war-collection,80.3,6,87.7,44,2009,2000,"Hack and slash/Beat 'em up, Adventure","PlayStation 3, PlayStation Vita"
493,Heavy Rain,heavy-rain,80.3,10,81.5,1129,2010,2010,Adventure,"PlayStation 3, PlayStation 4, PC (Microsoft Windows)"
1048,Hitman: Blood Money,hitman-blood-money,80.3,3,82.8,565,2006,2000,Shooter,"Xbox, PC (Microsoft Windows), Xbox 360, PlayStation 2"
23188,Immortal Redneck,immortal-redneck,80.3,3,55.1,19,2017,2010,"Shooter, Indie, Arcade","PlayStation 4, Linux, PC (Microsoft Windows), Mac, Xbox One, Nintendo Switch"
241450,Megaton Musashi W: Wired,megaton-musashi-w-wired,80.3,3,,,2024,2020,"Role-playing (RPG), Hack and slash/Beat 'em up, Visual Novel","PlayStation 4, PC (Microsoft Windows), PlayStation 5, Nintendo Switch"
2176,Mighty Switch Force! Hyper Drive Edition,mighty-switch-force-hyper-drive-edition,80.3,3,70.0,5,2012,2010,"Shooter, Platform, Puzzle, Indie","PlayStation 4, PC (Microsoft Windows), Wii U, Xbox One"
261413,NHL 24,nhl-24,80.3,3,63.0,11,2023,2020,Sport,"Xbox Series X|S, PlayStation 4, PlayStation 5, Xbox One"
10996,Nobunaga's Ambition: Sphere of Influence,nobunagas-ambition-sphere-of-influence,80.3,4,80.0,3,2013,2010,"Simulator, Strategy, Turn-based strategy (TBS)","PlayStation 3, PlayStation 4, PC (Microsoft Windows), PlayStation Vita, Nintendo Switch"
53790,Resident Evil Revelations Collection,resident-evil-revelations-collection,80.3,6,80.0,7,2017,2010,"Shooter, Adventure",Nintendo Switch
18797,Rise of Nations: Rise of Legends,rise-of-nations-rise-of-legends,80.3,3,79.5,41,2006,2000,"Real Time Strategy (RTS), Strategy",PC (Microsoft Windows)
96198,SNK 40th Anniversary Collection,snk-40th-anniversary-collection,80.3,4,77.6,5,2018,2010,"Shooter, Adventure, Arcade","PlayStation 4, PC (Microsoft Windows), Xbox One, Nintendo Switch"
484,Silent Hill: Origins,silent-hill-origins,80.3,4,73.5,131,2007,2000,"Puzzle, Adventure","PlayStation Portable, PlayStation 2"
24046,Spacejacked,spacejacked,80.3,4,70.0,0,2016,2010,"Platform, Strategy, Indie, Arcade","PlayStation 4, Linux, PC (Microsoft Windows), Mac, PlayStation Vita, Xbox One, Nintendo Switch"
252827,Star Wars Outlaws,star-wars-outlaws,80.3,9,74.3,96,2024,2020,"Shooter, Adventure","Xbox Series X|S, Nintendo Switch 2, PC (Microsoft Windows), PlayStation 5"
6146,Stranglehold,stranglehold,80.3,4,72.9,78,2007,2000,Shooter,"PlayStation 3, PC (Microsoft Windows), Xbox 360"
77175,Street Fighter 30th Anniversary Collection,street-fighter-30th-anniversary-collection,80.3,7,72.3,24,2018,2010,"Fighting, Arcade","PlayStation 4, PC (Microsoft Windows), Xbox One, Nintendo Switch"
44614,The House of the Dead: Overkill - Extended Cut,the-house-of-the-dead-overkill-extended-cut,80.3,3,,,2011,2010,"Shooter, Arcade",PlayStation 3
117,The Last Guardian,the-last-guardian,80.3,21,82.5,314,2016,2010,"Platform, Puzzle, Adventure",PlayStation 4
255090,To a T,to-a-t,80.3,3,77.9,7,2025,2020,"Puzzle, Adventure, Indie","Xbox Series X|S, Nintendo Switch 2, PC (Microsoft Windows), PlayStation 5, Xbox One"
81275,Unforeseen Incidents,unforeseen-incidents,80.3,4,73.8,25,2018,2010,"Point-and-click, Puzzle, Adventure, Indie","Linux, PC (Microsoft Windows), Mac, Nintendo Switch"
2062,Yakuza 4,yakuza-4,80.3,6,83.6,62,2010,2010,"Role-playing (RPG), Simulator, Sport, Hack and slash/Beat 'em up, Adventure",PlayStation 3
232700,Ys Memoire: The Oath in Felghana,ys-memoire-the-oath-in-felghana,80.3,4,,,2023,2020,"Role-playing (RPG), Hack and slash/Beat 'em up, Adventure","PlayStation 4, PlayStation 5, Nintendo Switch"
6632,Call of Duty: Advanced Warfare,call-of-duty-advanced-warfare,80.2,20,71.8,626,2014,2010,Shooter,"PlayStation 3, PlayStation 4, PC (Microsoft Windows), Xbox 360, Xbox One"
217624,Like a Dragon Gaiden: The Man Who Erased His Name,like-a-dragon-gaiden-the-man-who-erased-his-name,80.2,5,76.9,50,2023,2020,"Role-playing (RPG), Hack and slash/Beat 'em up, Adventure","Xbox Series X|S, PlayStation 4, PC (Microsoft Windows), PlayStation 5, Xbox One"
4983,Madden NFL 07,madden-nfl-07,80.2,3,66.7,16,2006,2000,"Simulator, Sport","PlayStation 3, Xbox 360"
19463,Madden NFL 17,madden-nfl-17,80.2,17,70.0,14,2016,2010,Sport,"PlayStation 4, Xbox One"
25623,Monster Hunter Generations Ultimate,monster-hunter-generations-ultimate,80.2,6,81.9,43,2017,2010,"Role-playing (RPG), Hack and slash/Beat 'em up","Nintendo 3DS, Nintendo Switch"
2074,Need for Speed: Rivals,need-for-speed-rivals,80.2,13,67.5,257,2013,2010,"Racing, Adventure","PlayStation 3, PlayStation 4, PC (Microsoft Windows), Xbox 360, Xbox One"
1432,Phoenix Wright: Ace Attorney - Dual Destinies,phoenix-wright-ace-attorney-dual-destinies,80.2,10,75.0,86,2013,2010,"Puzzle, Role-playing (RPG), Simulator, Adventure, Visual Novel","Nintendo 3DS, Android, iOS"
1209,Tales of Vesperia,tales-of-vesperia,80.2,5,82.2,54,2008,2000,Role-playing (RPG),Xbox 360
535,WildStar,wildstar,80.2,10,73.3,28,2014,2010,"Shooter, Role-playing (RPG)",PC (Microsoft Windows)
10949,Ys Origin,ys-origin,80.2,10,80.9,44,2006,2000,"Platform, Role-playing (RPG), Adventure","PlayStation 4, PC (Microsoft Windows), PlayStation Vita, Xbox One, Nintendo Switch"
18197,Azure Striker Gunvolt 2,azure-striker-gunvolt-2,80.1,8,76.7,12,2016,2010,"Shooter, Platform, Adventure, Indie","PlayStation 4, Nintendo 3DS, PC (Microsoft Windows), Xbox One, Nintendo Switch"
119177,Call of Duty: Modern Warfare,call-of-duty-modern-warfare,80.1,11,79.6,466,2019,2010,Shooter,"Xbox Series X|S, PlayStation 4, PC (Microsoft Windows), PlayStation 5, Xbox One"
11550,Endless Space 2,endless-space-2,80.1,7,80.3,57,2017,2010,"Strategy, Turn-based strategy (TBS)","PC (Microsoft Windows), Mac"
27033,Poochy & Yoshi's Woolly World,poochy-and-yoshis-woolly-world,80.1,13,70.2,10,2017,2010,"Platform, Puzzle",Nintendo 3DS
22753,Pro Evolution Soccer 2017,pro-evolution-soccer-2017,80.1,9,72.5,103,2016,2010,"Simulator, Sport","PlayStation 3, PlayStation 4, PC (Microsoft Windows), Xbox 360, Xbox One"
8198,Space Invaders Extreme,space-invaders-extreme,80.1,7,76.8,11,2008,2000,"Shooter, Arcade","PC (Microsoft Windows), PlayStation Portable, Xbox 360, Nintendo DS"
11172,TrackMania Turbo,trackmania-turbo,80.1,11,78.9,81,2016,2010,"Racing, Arcade","PlayStation 4, PlayStation VR, PC (Microsoft Windows), Oculus Rift, Xbox One"
8617,1001 Spikes,1001-spikes,80.0,3,64.1,10,2014,2010,"Platform, Adventure, Indie, Arcade","PlayStation 4, Linux, Nintendo 3DS, PC (Microsoft Windows), Mac, Wii U, PlayStation Vita, Xbox One, Nintendo Switch"
587,Act of War: Direct Action,act-of-war-direct-action,80.0,3,70.2,16,2005,2000,"Real Time Strategy (RTS), Strategy",PC (Microsoft Windows)
327,Age of Empires II: The Age of Kings,age-of-empires-ii-the-age-of-kings,80.0,3,86.2,1028,1999,1990,"Real Time Strategy (RTS), Strategy","PC (Microsoft Windows), Mac, Dreamcast, PlayStation 2"
8220,Age of Empires III: The Asian Dynasties,age-of-empires-iii-the-asian-dynasties,80.0,3,81.6,45,2007,2000,"Real Time Strategy (RTS), Simulator, Strategy","PC (Microsoft Windows), Mac"
11356,Airscape: The Fall of Gravity,airscape-the-fall-of-gravity,80.0,3,51.5,6,2015,2010,"Platform, Adventure, Indie","Linux, PC (Microsoft Windows), Mac"
113098,Assassin's Creed Odyssey: The Fate of Atlantis,assassins-creed-odyssey-the-fate-of-atlantis,80.0,6,76.9,49,2019,2010,"Role-playing (RPG), Adventure","Google Stadia, Xbox Series X|S, PlayStation 4, PC (Microsoft Windows), PlayStation 5, Xbox One"
76638,Baba Is You,baba-is-you,80.0,5,80.6,193,2019,2010,"Puzzle, Strategy, Indie","Linux, Android, PC (Microsoft Windows), iOS, Mac, Nintendo Switch"
5498,BandFuse: Rock Legends,bandfuse-rock-legends,80.0,5,80.0,0,2013,2010,Music,"PlayStation 3, Xbox 360"
23193,Battlerite,battlerite,80.0,9,78.3,95,2017,2010,"Fighting, Real Time Strategy (RTS), Strategy, Hack and slash/Beat 'em up, MOBA","PC (Microsoft Windows), Xbox One"
24905,Beholder,beholder,80.0,3,74.7,125,2016,2010,"Role-playing (RPG), Simulator, Strategy, Adventure, Indie","Linux, Android, PC (Microsoft Windows), iOS, Mac"
116539,Blood: Fresh Supply,blood-fresh-supply,80.0,3,80.6,29,2019,2010,Shooter,PC (Microsoft Windows)
101176,Bloodstained: Curse of the Moon,bloodstained-curse-of-the-moon,80.0,3,77.8,92,2018,2010,"Platform, Hack and slash/Beat 'em up, Indie","PlayStation 4, Nintendo 3DS, PC (Microsoft Windows), PlayStation Vita, Xbox One, Nintendo Switch"
498,Borderlands,borderlands,80.0,8,78.9,1022,2009,2000,"Shooter, Role-playing (RPG)","PlayStation 3, PC (Microsoft Windows), Mac, Xbox 360, Xbox One, Nintendo Switch"
20884,Brain Age: Concentration Training,brain-age-concentration-training,80.0,3,77.0,1,2012,2010,,Nintendo 3DS
2712,Brain Age: Train Your Brain in Minutes a Day!,brain-age-train-your-brain-in-minutes-a-day,80.0,3,62.5,33,2005,2000,"Puzzle, Quiz/Trivia","Wii U, Nintendo DS"
6574,Bully: Scholarship Edition,bully-scholarship-edition,80.0,3,80.9,226,2008,2000,Adventure,"Wii, PC (Microsoft Windows), Xbox 360"
6203,Burnout Dominator,burnout-dominator,80.0,5,74.1,31,2007,2000,Racing,"PlayStation Portable, PlayStation 2"
625,Call of Duty: World at War,call-of-duty-world-at-war,80.0,7,75.1,982,2008,2000,"Shooter, Adventure","PlayStation 3, PC (Microsoft Windows), Xbox 360"
20880,Castle Crashers Remastered,castle-crashers-remastered,80.0,3,87.5,34,2015,2010,"Role-playing (RPG), Hack and slash/Beat 'em up, Adventure, Indie, Arcade","PlayStation 4, Xbox One, Nintendo Switch"
1138,Castlevania: Portrait of Ruin,castlevania-portrait-of-ruin,80.0,3,76.1,92,2006,2000,"Platform, Role-playing (RPG), Adventure",Nintendo DS
20203,Codename: Panzers - Phase Two,codename-panzers-phase-two,80.0,3,84.7,9,2005,2000,"Real Time Strategy (RTS), Simulator, Strategy",PC (Microsoft Windows)
6941,College Hoops 2K8,college-hoops-2k8,80.0,3,75.0,2,2007,2000,Sport,"PlayStation 3, Xbox 360, PlayStation 2"
112104,Command & Conquer Remastered Collection,command-and-conquer-remastered-collection,80.0,3,88.0,27,2020,2020,"Real Time Strategy (RTS), Strategy",PC (Microsoft Windows)
14148,Concrete Jungle,concrete-jungle,80.0,3,69.2,6,2015,2010,"Puzzle, Strategy, Turn-based strategy (TBS), Indie, Card & Board Game","Android, PC (Microsoft Windows), iOS, Mac"
122313,Control: AWE,control-awe,80.0,5,75.5,56,2020,2020,"Shooter, Adventure","Google Stadia, Xbox Series X|S, PlayStation 4, PC (Microsoft Windows), PlayStation 5, Xbox One, Nintendo Switch"
17245,Daytona USA,daytona-usa,80.0,5,72.1,32,1993,1990,"Racing, Sport, Arcade",Arcade
42,Deus Ex: Invisible War,deus-ex-invisible-war,80.0,3,62.5,117,2003,2000,"Shooter, Role-playing (RPG)","Xbox, PC (Microsoft Windows)"
1824,Dragon Quest Heroes: Rocket Slime,dragon-quest-heroes-rocket-slime,80.0,3,80.3,16,2005,2000,"Puzzle, Role-playing (RPG)",Nintendo DS
75297,EA Sports UFC 3,ea-sports-ufc-3,80.0,7,63.2,34,2018,2010,"Fighting, Sport","PlayStation 4, Xbox One"
2635,Excite Truck,excite-truck,80.0,4,66.8,16,2006,2000,Racing,Wii
240414,FIFA Soccer 13,fifa-soccer-13--4,80.0,3,,,2012,2010,"Simulator, Sport",Wii U
5831,Far Cry Instincts,far-cry-instincts,80.0,4,78.6,25,2005,2000,"Shooter, Adventure","Xbox, Nintendo GameCube, Xbox 360, PlayStation 2"
229919,Fate/Samurai Remnant,fate-slash-samurai-remnant,80.0,5,80.0,9,2023,2020,Role-playing (RPG),"PlayStation 4, PC (Microsoft Windows), PlayStation 5, Nintendo Switch"
20597,Final Fantasy V Advance,final-fantasy-v-advance,80.0,3,83.9,21,2006,2000,"Role-playing (RPG), Adventure","Wii U, Game Boy Advance"
191396,Fire Emblem Warriors: Three Hopes,fire-emblem-warriors-three-hopes,80.0,6,79.6,33,2022,2020,"Role-playing (RPG), Simulator, Strategy, Tactical, Hack and slash/Beat 'em up",Nintendo Switch
3777,FlatOut: Ultimate Carnage,flatout-ultimate-carnage,80.0,3,76.1,79,2007,2000,"Racing, Arcade","PC (Microsoft Windows), Xbox 360"
24426,Forgotton Anne,forgotton-anne,80.0,7,75.6,62,2018,2010,"Platform, Puzzle, Role-playing (RPG), Adventure, Indie","PlayStation 4, Android, PC (Microsoft Windows), iOS, Mac, Xbox One, Nintendo Switch"
3160,From Dust,from-dust,80.0,5,74.8,64,2011,2010,"Simulator, Strategy, Adventure","Web browser, PlayStation 3, PC (Microsoft Windows), Xbox 360"
10381,GTR Evolution,gtr-evolution,80.0,3,61.0,6,2008,2000,"Racing, Simulator",PC (Microsoft Windows)
119856,Garden Story,garden-story,80.0,5,67.0,14,2021,2020,"Role-playing (RPG), Simulator, Adventure, Indie","PC (Microsoft Windows), Mac, Xbox One, Nintendo Switch"
117988,Gnosia,gnosia,80.0,4,79.8,19,2019,2010,"Role-playing (RPG), Adventure, Indie, Visual Novel","Xbox Series X|S, PlayStation 4, Android, PC (Microsoft Windows), iOS, PlayStation 5, PlayStation Vita, Xbox One, Nintendo Switch"
106027,Golf Club Nostalgia,golf-club-nostalgia,80.0,3,57.6,16,2018,2010,"Music, Platform, Puzzle, Sport, Adventure, Indie, Arcade","PlayStation 4, PC (Microsoft Windows), iOS, Xbox One, Nintendo Switch"
18394,"Gremlins, Inc.",gremlins-inc,80.0,4,79.0,11,2016,2010,"Strategy, Turn-based strategy (TBS), Indie, Card & Board Game","Linux, PC (Microsoft Windows), Mac"
739,Guild Wars: Factions,guild-wars-factions,80.0,3,79.9,46,2006,2000,"Role-playing (RPG), Strategy, Adventure",PC (Microsoft Windows)
2640,Halo: Combat Evolved Anniversary,halo-combat-evolved-anniversary,80.0,7,81.5,235,2011,2010,Shooter,"PC (Microsoft Windows), Xbox 360, Xbox One"
10160,Heat Signature,heat-signature,80.0,4,77.9,24,2017,2010,"Simulator, Strategy, Adventure, Indie",PC (Microsoft Windows)
26809,Hidden Folks,hidden-folks,80.0,4,76.4,62,2017,2010,"Point-and-click, Puzzle, Adventure, Indie","Linux, Android, PC (Microsoft Windows), iOS, Mac, Nintendo Switch"
25948,I Expect You to Die,i-expect-you-to-die,80.0,6,72.8,19,2016,2010,"Puzzle, Simulator, Adventure, Indie","Meta Quest 2, Windows Mixed Reality, PlayStation VR, SteamVR, Oculus Rift, Oculus Quest"
13555,Indivisible,indivisible,80.0,10,80.8,31,2019,2010,"Platform, Role-playing (RPG), Adventure, Indie","PlayStation 4, Linux, PC (Microsoft Windows), Mac, Xbox One, Nintendo Switch"
1918,Injustice: Gods Among Us,injustice-gods-among-us,80.0,10,72.8,347,2013,2010,"Fighting, Adventure","PlayStation 3, Wii U, Xbox 360"
1569,Jet Grind Radio,jet-grind-radio,80.0,4,77.0,92,2000,2000,"Platform, Sport, Adventure",Dreamcast
20690,Knights in the Nightmare,knights-in-the-nightmare,80.0,3,89.8,5,2008,2000,"Role-playing (RPG), Strategy","PlayStation Portable, Nintendo DS"
79999,Lamplight City,lamplight-city,80.0,4,80.7,13,2018,2010,"Point-and-click, Puzzle, Adventure, Indie","Linux, PC (Microsoft Windows), Mac, Nintendo Switch"
389423,Legacy of Kain: Defiance Remastered,legacy-of-kain-defiance-remastered,80.0,3,,,2026,2020,"Puzzle, Adventure","Xbox Series X|S, PlayStation 4, Nintendo Switch 2, PC (Microsoft Windows), PlayStation 5, Nintendo Switch"
119055,Life is Strange 2: Episode 4 - Faith,life-is-strange-2-episode-4-faith,80.0,3,,,2019,2010,Adventure,"PlayStation 4, Linux, PC (Microsoft Windows), Mac, Xbox One"
25812,Lost Ember,lost-ember,80.0,3,79.1,30,2019,2010,"Adventure, Indie","PlayStation 4, PC (Microsoft Windows), Xbox One, Nintendo Switch"
282900,MLB The Show 24,mlb-the-show-24,80.0,4,77.2,13,2024,2020,"Simulator, Sport","Xbox Series X|S, PlayStation 4, PlayStation 5, Xbox One, Nintendo Switch"
387374,MLB The Show 26,mlb-the-show-26,80.0,3,,,2026,2020,"Simulator, Sport","Xbox Series X|S, PC (Microsoft Windows), PlayStation 5, Nintendo Switch"
1891,Magic: The Gathering - Duels of the Planeswalkers 2013,magic-the-gathering-duels-of-the-planeswalkers-2013,80.0,4,68.2,28,2012,2010,"Strategy, Turn-based strategy (TBS), Tactical, Card & Board Game","PlayStation 3, PC (Microsoft Windows), iOS, Xbox 360"
7062,Majin and the Forsaken Kingdom,majin-and-the-forsaken-kingdom,80.0,4,77.7,11,2010,2010,"Platform, Puzzle, Adventure","PlayStation 3, Xbox 360"
8247,Marvel vs. Capcom 2: New Age of Heroes,marvel-vs-capcom-2-new-age-of-heroes,80.0,3,84.8,131,2000,2000,"Fighting, Arcade","Arcade, Xbox, Dreamcast, PlayStation 2"
7071,Midnight Club: Los Angeles,midnight-club-los-angeles,80.0,6,76.8,59,2008,2000,"Racing, Arcade","PlayStation 3, PlayStation Portable, Xbox 360"
22743,Molecats,molecats,80.0,3,,,2017,2010,"Puzzle, Adventure, Indie","Linux, Android, PC (Microsoft Windows), iOS, Mac, Xbox One, Nintendo Switch"
20427,Monster Hunter Freedom Unite,monster-hunter-freedom-unite,80.0,4,85.3,38,2008,2000,Role-playing (RPG),"iOS, PlayStation Portable"
131635,MotoGP 20,motogp-20,80.0,4,79.9,8,2020,2020,"Racing, Simulator, Sport","Google Stadia, PlayStation 4, PC (Microsoft Windows), Xbox One, Nintendo Switch"
2554,MotorStorm: Pacific Rift,motorstorm-pacific-rift,80.0,6,84.3,41,2008,2000,Racing,PlayStation 3
20008,Muramasa Rebirth,muramasa-rebirth,80.0,4,80.2,13,2013,2010,,PlayStation Vita
8749,N+,n-plus,80.0,3,79.2,25,2008,2000,"Platform, Puzzle, Indie","PlayStation Portable, Xbox 360, Nintendo DS"
329132,Ninja Gaiden II Black,ninja-gaiden-ii-black,80.0,3,66.0,25,2025,2020,"Hack and slash/Beat 'em up, Adventure","Xbox Series X|S, PC (Microsoft Windows), PlayStation 5"
7385,Ninja Gaiden Sigma 2,ninja-gaiden-sigma-2,80.0,5,80.8,35,2009,2000,"Hack and slash/Beat 'em up, Adventure","PlayStation 3, PlayStation 4, PC (Microsoft Windows), PlayStation Vita, Xbox One, Nintendo Switch"
9110,Odin Sphere,odin-sphere,80.0,3,79.4,17,2007,2000,Role-playing (RPG),"PlayStation 3, PlayStation 2"
4065,Peter Jackson's King Kong: The Official Game of the Movie,peter-jackson-s-king-kong-the-official-game-of-the-movie,80.0,4,72.4,143,2005,2000,"Shooter, Adventure","Xbox, Nintendo GameCube, PC (Microsoft Windows), PlayStation 2"
1427,Phoenix Wright: Ace Attorney - Justice for All,phoenix-wright-ace-attorney-justice-for-all,80.0,3,78.6,191,2006,2000,"Point-and-click, Adventure, Visual Novel","PC (Microsoft Windows), Nintendo DS"
7601,Plague Inc: Evolved,plague-inc-evolved,80.0,3,77.3,175,2015,2010,"Real Time Strategy (RTS), Simulator, Strategy, Tactical, Indie","PlayStation 4, Linux, PC (Microsoft Windows), Mac, Xbox One, Nintendo Switch"
308099,Planet Coaster 2,planet-coaster-2,80.0,3,76.8,8,2024,2020,"Simulator, Strategy, Adventure","Xbox Series X|S, PC (Microsoft Windows), PlayStation 5"
9327,"Please, Don't Touch Anything",please-dont-touch-anything,80.0,3,69.5,44,2015,2010,"Point-and-click, Puzzle, Simulator, Adventure, Indie","Web browser, PlayStation 4, Linux, Android, PC (Microsoft Windows), iOS, Mac, Xbox One, Nintendo Switch"
8353,Pokémon White Version 2,pokemon-white-version-2,80.0,3,81.7,179,2012,2010,"Role-playing (RPG), Turn-based strategy (TBS), Adventure",Nintendo DS
21797,Prince of Persia Classic,prince-of-persia-classic,80.0,3,,,2007,2000,"Platform, Puzzle, Adventure","BlackBerry OS, PlayStation 3, Android, iOS, Xbox 360, Legacy Mobile Device"
105738,Project Warlock,project-warlock,80.0,3,42.7,33,2018,2010,"Shooter, Adventure, Indie","PlayStation 4, PC (Microsoft Windows), Xbox One, Nintendo Switch"
7137,Pure,pure,80.0,4,75.4,44,2008,2000,Racing,"PlayStation 3, PC (Microsoft Windows), Xbox 360"
19961,Q.U.B.E: Director's Cut,q-dot-u-b-dot-e-directors-cut,80.0,5,70.0,22,2014,2010,"Platform, Puzzle, Strategy, Adventure, Indie","PlayStation 3, PlayStation 4, Linux, PC (Microsoft Windows), Mac, Wii U, Xbox One"
1378,R.U.S.E.,ruse,80.0,5,71.0,15,2010,2010,"Real Time Strategy (RTS), Strategy, Tactical","PlayStation 3, PC (Microsoft Windows), Mac, Xbox 360"
139399,Ragnarock,ragnarock,80.0,3,71.0,15,2021,2020,"Music, Racing, Sport, Indie, Arcade","Oculus VR, PlayStation VR2, PC (Microsoft Windows), SteamVR, Oculus Quest"
12510,Renowned Explorers: International Society,renowned-explorers-international-society,80.0,3,79.6,18,2015,2010,"Role-playing (RPG), Strategy, Turn-based strategy (TBS), Adventure, Indie","Linux, PC (Microsoft Windows), Mac"
23331,Rise of the Tomb Raider: 20 Year Celebration,rise-of-the-tomb-raider-20-year-celebration,80.0,8,82.1,106,2016,2010,"Shooter, Role-playing (RPG), Adventure","Google Stadia, PlayStation 4, Linux, Nintendo Switch 2, PlayStation VR, PC (Microsoft Windows), Mac, Xbox One"
22259,Scram Kitty and His Buddy on Rails,scram-kitty-and-his-buddy-on-rails,80.0,3,72.0,2,2014,2010,"Shooter, Platform, Adventure, Arcade",Wii U
55173,Semblance,semblance,80.0,4,69.8,13,2018,2010,"Platform, Puzzle, Adventure, Indie","PC (Microsoft Windows), Mac, Nintendo Switch"
37777,Shadow of the Tomb Raider,shadow-of-the-tomb-raider,80.0,17,77.5,685,2018,2010,"Shooter, Puzzle, Adventure","Google Stadia, Xbox Series X|S, PlayStation 4, Linux, PC (Microsoft Windows), PlayStation 5, Mac, Xbox One"
8864,Shadowrun: Dragonfall - Director's Cut,shadowrun-dragonfall-directors-cut,80.0,4,84.4,63,2014,2010,"Role-playing (RPG), Strategy, Turn-based strategy (TBS), Adventure, Indie","Xbox Series X|S, PlayStation 4, Linux, Android, PC (Microsoft Windows), iOS, PlayStation 5, Mac, Xbox One, Nintendo Switch"
14694,Shakedown: Hawaii,shakedown-hawaii,80.0,3,71.4,8,2019,2010,"Shooter, Racing, Adventure, Indie, Arcade","PlayStation 3, PlayStation 4, Nintendo 3DS, Wii, PC (Microsoft Windows), PlayStation 5, Wii U, PlayStation Vita, Nintendo Switch"
993,Silent Hunter 4: Wolves of the Pacific,silent-hunter-4-wolves-of-the-pacific,80.0,3,70.5,7,2007,2000,"Simulator, Strategy",PC (Microsoft Windows)
1799,Sly 2: Band of Thieves,sly-2-band-of-thieves,80.0,3,82.9,152,2004,2000,"Platform, Adventure",PlayStation 2
24024,Sorcery! Part 3,sorcery-part-3,80.0,3,71.5,7,2015,2010,"Role-playing (RPG), Adventure, Indie","Android, PC (Microsoft Windows), iOS"
18237,Sports Champions,sports-champions,80.0,3,70.2,19,2010,2010,Sport,PlayStation 3
20016,Stealth Inc: A Clone in the Dark,stealth-inc-a-clone-in-the-dark,80.0,3,72.3,9,2013,2010,Adventure,"PlayStation 3, PlayStation Vita"
7194,Steins;Gate,steins-gate,80.0,4,91.4,358,2009,2000,"Adventure, Visual Novel","PlayStation 3, PlayStation 4, Android, PC (Microsoft Windows), iOS, PlayStation Vita, PlayStation Portable, Xbox 360"
8608,Story of Seasons,story-of-seasons,80.0,3,71.5,8,2014,2010,"Role-playing (RPG), Simulator",Nintendo 3DS
132921,Super Magbot,super-magbot,80.0,3,,,2021,2020,"Platform, Puzzle, Adventure, Indie","PC (Microsoft Windows), Nintendo Switch"
89354,Supraland,supraland,80.0,3,86.0,70,2019,2010,"Platform, Puzzle, Adventure, Indie","PlayStation 4, PC (Microsoft Windows), Xbox One, Nintendo Switch"
18375,System Shock,system-shock--1,80.0,6,79.5,58,2023,2020,"Shooter, Role-playing (RPG), Simulator, Adventure","Xbox Series X|S, PlayStation 4, Linux, Nintendo Switch 2, PC (Microsoft Windows), PlayStation 5, Mac, Xbox One, Nintendo Switch"
75065,The Colonists,the-colonists,80.0,4,60.0,4,2018,2010,"Simulator, Strategy, Indie","PlayStation 4, Linux, PC (Microsoft Windows), Mac, Xbox One, Nintendo Switch"
26181,The Flame in the Flood: Complete Edition,the-flame-in-the-flood-complete-edition,80.0,4,,,2017,2010,"Simulator, Adventure, Indie","PlayStation 4, Nintendo Switch"
125021,The Jackbox Party Pack 6,the-jackbox-party-pack-6,80.0,3,79.9,31,2019,2010,"Puzzle, Strategy, Quiz/Trivia, Indie","Amazon Fire TV, Google Stadia, PlayStation 4, Linux, Android, PC (Microsoft Windows), iOS, Mac, Xbox One, Nintendo Switch"
201483,The Knight Witch,the-knight-witch,80.0,3,87.0,7,2022,2020,"Shooter, Adventure, Indie, Card & Board Game","Xbox Series X|S, PlayStation 4, PC (Microsoft Windows), PlayStation 5, Xbox One, Nintendo Switch"
22783,The Sexy Brutale,the-sexy-brutale,80.0,12,75.8,54,2017,2010,"Puzzle, Adventure, Indie","PlayStation 4, PC (Microsoft Windows), Xbox One, Nintendo Switch"
102585,The Sims 4: Seasons,the-sims-4-seasons,80.0,3,69.0,16,2018,2010,"Role-playing (RPG), Simulator, Adventure","Xbox Series X|S, PlayStation 4, PC (Microsoft Windows), PlayStation 5, Mac, Xbox One"
127057,The Walking Dead: Season Two - Episode 1: All That Remains,the-walking-dead-season-two-episode-1-all-that-remains,80.0,5,79.9,6,2013,2010,"Point-and-click, Adventure","PlayStation 3, PlayStation 4, PC (Microsoft Windows), iOS, Mac, PlayStation Vita, Xbox 360, Xbox One"
906,Tiger Woods PGA Tour 2005,tiger-woods-pga-tour-2005,80.0,3,89.2,7,2004,2000,"Simulator, Sport","Xbox, Nintendo GameCube, PC (Microsoft Windows), Mac, PlayStation 2"
28952,Timespinner,timespinner,80.0,3,74.1,46,2018,2010,"Platform, Role-playing (RPG), Adventure, Indie","PlayStation 4, Linux, PC (Microsoft Windows), Mac, PlayStation Vita, Xbox One, Nintendo Switch"
2317,Toki Tori,toki-tori,80.0,3,71.2,18,2008,2000,"Platform, Puzzle, Strategy, Adventure, Indie","PlayStation 3, Linux, Wii, Android, PC (Microsoft Windows), iOS, Mac, Wii U, Nintendo Switch"
1303,Tom Clancy's Ghost Recon: Shadow Wars,tom-clancy-s-ghost-recon-shadow-wars,80.0,3,70.0,7,2011,2010,"Strategy, Turn-based strategy (TBS), Tactical, Adventure",Nintendo 3DS
7228,UFC Undisputed 2010,ufc-undisputed-2010,80.0,4,74.4,18,2010,2010,"Fighting, Simulator, Sport","PlayStation 3, PlayStation Portable, Xbox 360"
141680,Very Very Valet,very-very-valet,80.0,4,,,2021,2020,"Racing, Simulator, Strategy, Adventure, Indie","PC (Microsoft Windows), PlayStation 5, Mac, Nintendo Switch"
148696,Virtua Fighter 5: Ultimate Showdown,virtua-fighter-5-ultimate-showdown,80.0,4,42.3,6,2021,2020,"Fighting, Arcade",PlayStation 4
18323,WWE SmackDown! vs. Raw 2006,wwe-smackdown-vs-raw-2006,80.0,5,66.6,58,2005,2000,"Fighting, Sport","PlayStation Portable, PlayStation 2"
143424,"Warhammer 40,000: Battlesector",warhammer-40000-battlesector,80.0,3,79.4,8,2021,2020,"Strategy, Turn-based strategy (TBS), Tactical","PlayStation 4, PC (Microsoft Windows), Xbox One"
9181,Warhammer: End Times - Vermintide,warhammer-end-times-vermintide,80.0,8,73.6,66,2015,2010,"Shooter, Role-playing (RPG), Strategy, Hack and slash/Beat 'em up, Adventure, Indie","PlayStation 4, PC (Microsoft Windows), Xbox One"
11589,Yomawari: Night Alone,yomawari-night-alone,80.0,6,54.5,34,2015,2010,"Strategy, Adventure","PC (Microsoft Windows), PlayStation 5, PlayStation Vita"
6360,Zeno Clash,zeno-clash,80.0,3,71.1,59,2009,2000,"Fighting, Shooter, Hack and slash/Beat 'em up, Indie","PC (Microsoft Windows), Xbox 360"
35210,Aegis Defenders,aegis-defenders,79.9,7,65.4,11,2018,2010,"Platform, Role-playing (RPG), Strategy, Adventure, Indie","PlayStation 4, PC (Microsoft Windows), Mac, Nintendo Switch"
20863,Dishonored: Definitive Edition,dishonored-definitive-edition,79.9,7,85.4,116,2015,2010,"Shooter, Adventure","PlayStation 4, Xbox One"
19099,Lost Dimension,lost-dimension,79.9,8,70.0,2,2014,2010,"Role-playing (RPG), Strategy, Turn-based strategy (TBS), Adventure","PlayStation 3, PC (Microsoft Windows), PlayStation Vita"
539,Metro: Last Light,metro-last-light,79.9,10,82.5,728,2013,2010,Shooter,"PlayStation 3, Linux, PC (Microsoft Windows), Mac, Wii U, Xbox 360"
112916,Mortal Kombat 11,mortal-kombat-11,79.9,12,82.6,325,2019,2010,Fighting,"Google Stadia, Xbox Series X|S, PlayStation 4, PC (Microsoft Windows), PlayStation 5, Xbox One, Nintendo Switch"
2171,New Super Mario Bros. U,new-super-mario-bros-u,79.9,9,78.4,185,2012,2010,"Platform, Adventure",Wii U
26774,"Snipperclips: Cut It Out, Together!",snipperclips-cut-it-out-together,79.9,15,73.0,33,2017,2010,"Platform, Puzzle",Nintendo Switch
114415,SteamWorld Quest: Hand of Gilgamech,steamworld-quest-hand-of-gilgamech,79.9,7,80.7,36,2019,2010,"Role-playing (RPG), Strategy, Turn-based strategy (TBS), Adventure","Google Stadia, Linux, PC (Microsoft Windows), iOS, Mac, Nintendo Switch"
472,The Elder Scrolls V: Skyrim,the-elder-scrolls-v-skyrim,79.9,10,87.7,4332,2011,2010,"Role-playing (RPG), Adventure","PlayStation 3, PC (Microsoft Windows), Xbox 360"
11549,Zero Escape: Zero Time Dilemma,zero-escape-zero-time-dilemma,79.9,22,80.3,122,2016,2010,"Puzzle, Adventure, Visual Novel","PlayStation 4, Nintendo 3DS, PC (Microsoft Windows), PlayStation Vita, Xbox One"
349,Battlefield 2142,battlefield-2142,79.8,4,74.7,105,2006,2000,Shooter,"PC (Microsoft Windows), Mac"
27994,Blossom Tales: The Sleeping King,blossom-tales-the-sleeping-king,79.8,4,79.9,14,2017,2010,"Role-playing (RPG), Adventure, Indie","PC (Microsoft Windows), Nintendo Switch"
3845,Call of Duty 2: Big Red One,call-of-duty-2-big-red-one,79.8,4,75.0,74,2005,2000,Shooter,"Xbox, Nintendo GameCube, PlayStation 2"
17032,Darkwood,darkwood,79.8,8,83.4,82,2017,2010,"Role-playing (RPG), Strategy, Adventure, Indie","Google Stadia, Xbox Series X|S, PlayStation 4, Linux, PC (Microsoft Windows), PlayStation 5, Mac, Xbox One, Nintendo Switch"
1340,Dustforce DX,dustforce-dx,79.8,8,79.8,12,2014,2010,"Platform, Indie","Linux, PC (Microsoft Windows), Mac"
247383,F1 Manager 2023,f1-manager-2023,79.8,5,,,2023,2020,"Racing, Simulator, Sport, Strategy","Xbox Series X|S, PlayStation 4, PC (Microsoft Windows), PlayStation 5, Xbox One"
1644,James Bond 007: Everything or Nothing,james-bond-007-everything-or-nothing,79.8,4,74.5,50,2004,2000,"Shooter, Adventure","Xbox, Nintendo GameCube, PlayStation 2"
2681,LEGO Star Wars: The Video Game,lego-star-wars-the-video-game,79.8,4,77.8,254,2005,2000,"Platform, Adventure","Xbox, Nintendo GameCube, PC (Microsoft Windows), Mac, PlayStation 2"
217597,Like a Dragon: Ishin!,like-a-dragon-ishin,79.8,6,77.7,40,2023,2020,"Role-playing (RPG), Hack and slash/Beat 'em up, Adventure","Xbox Series X|S, PlayStation 4, PC (Microsoft Windows), PlayStation 5, Xbox One"
76723,Mega Man 11,mega-man-11,79.8,12,77.3,69,2018,2010,"Shooter, Platform","PlayStation 4, PC (Microsoft Windows), Xbox One, Nintendo Switch"
5329,NBA 2K14,nba-2k14,79.8,12,76.0,65,2013,2010,"Simulator, Sport","PlayStation 3, PlayStation 4, Android, PC (Microsoft Windows), iOS, Xbox 360, Xbox One"
207393,NBA 2K23,nba-2k23,79.8,4,63.4,34,2022,2020,"Simulator, Sport","Xbox Series X|S, PlayStation 4, PC (Microsoft Windows), PlayStation 5, Xbox One, Nintendo Switch"
139346,Need for Speed: Hot Pursuit - Remastered,need-for-speed-hot-pursuit-remastered,79.8,6,77.2,73,2020,2020,Racing,"Xbox Series X|S, PlayStation 4, PC (Microsoft Windows), PlayStation 5, Xbox One, Nintendo Switch"
23581,NeuroVoider,neurovoider,79.8,6,79.0,3,2016,2010,"Shooter, Real Time Strategy (RTS), Role-playing (RPG), Indie, Arcade","PlayStation 4, Linux, PC (Microsoft Windows), Mac, PlayStation Vita, Xbox One, Nintendo Switch"
27988,Planescape: Torment - Enhanced Edition,planescape-torment-enhanced-edition,79.8,4,83.9,34,2017,2010,"Role-playing (RPG), Strategy, Adventure","PlayStation 4, Linux, Android, PC (Microsoft Windows), iOS, Mac, Xbox One, Nintendo Switch"
7410,Pokémon Art Academy,pokemon-art-academy,79.8,6,67.7,7,2014,2010,Simulator,Nintendo 3DS
314243,Revenge of the Savage Planet,revenge-of-the-savage-planet,79.8,5,60.6,21,2025,2020,"Shooter, Adventure","Xbox Series X|S, PlayStation 4, PC (Microsoft Windows), PlayStation 5"
141541,Season: A Letter to the Future,season-a-letter-to-the-future,79.8,4,76.1,13,2023,2020,"Role-playing (RPG), Adventure, Indie","PlayStation 4, PC (Microsoft Windows), PlayStation 5"
571,Singularity,singularity,79.8,4,76.1,273,2010,2010,"Shooter, Puzzle","PlayStation 3, Linux, PC (Microsoft Windows), Xbox 360"
1801,Sly Cooper: Thieves in Time,sly-cooper-thieves-in-time,79.8,12,78.2,91,2013,2010,"Platform, Adventure","PlayStation 3, PlayStation Vita"
314238,Sniper Elite: Resistance,sniper-elite-resistance,79.8,5,61.6,24,2025,2020,"Shooter, Simulator, Adventure","Xbox Series X|S, PlayStation 4, PC (Microsoft Windows), PlayStation 5, Xbox One"
18814,The King of Fighters XIV,the-king-of-fighters-xiv,79.8,17,81.3,24,2016,2010,Fighting,"Arcade, PlayStation 4, PC (Microsoft Windows)"
296843,The Rogue Prince of Persia,the-rogue-prince-of-persia,79.8,4,80.1,19,2025,2020,"Platform, Hack and slash/Beat 'em up, Adventure","Xbox Series X|S, Nintendo Switch 2, PC (Microsoft Windows), PlayStation 5, Nintendo Switch"
114943,The Walking Dead: Season One - Episode 4: Around Every Corner,the-walking-dead-season-one-episode-4-around-every-corner,79.8,4,90.0,14,2012,2010,Point-and-click,"PlayStation 3, PlayStation 4, Android, PC (Microsoft Windows), iOS, Mac, PlayStation Vita, Xbox 360, Xbox One, Nintendo Switch"
2114,Tom Clancy's The Division,tom-clancy-s-the-division,79.8,22,73.5,414,2016,2010,"Shooter, Role-playing (RPG), Strategy, Tactical, Adventure","PlayStation 4, PC (Microsoft Windows), PlayStation 5, Xbox One"
21304,TrackMania DS,trackmania-ds,79.8,4,69.9,8,2008,2000,Racing,Nintendo DS
1990,VVVVVV,vvvvvv,79.8,4,79.6,188,2010,2010,"Platform, Puzzle, Adventure, Indie, Arcade","PlayStation 4, Ouya, Linux, Nintendo 3DS, Android, PC (Microsoft Windows), iOS, Mac, PlayStation Vita, Nintendo Switch"
1017,Worms Reloaded,worms-reloaded,79.8,3,76.0,53,2010,2010,"Platform, Strategy, Turn-based strategy (TBS)","Linux, PC (Microsoft Windows), Mac"
127344,Bravely Default II,bravely-default-ii,79.7,11,73.2,22,2021,2020,"Role-playing (RPG), Adventure","PC (Microsoft Windows), Nintendo Switch"
2151,Catherine,catherine,79.7,7,79.1,186,2011,2010,"Platform, Puzzle, Adventure","PlayStation 3, Xbox 360"
347636,Code Vein II,code-vein-ii,79.7,3,,,2026,2020,Role-playing (RPG),"Xbox Series X|S, PC (Microsoft Windows), PlayStation 5"
265827,Crisol: Theater of Idols,crisol-theater-of-idols,79.7,3,79.7,13,2026,2020,"Shooter, Adventure","Xbox Series X|S, PC (Microsoft Windows), PlayStation 5"
19549,Day of Infamy,day-of-infamy,79.7,3,71.0,14,2017,2010,"Shooter, Strategy, Tactical, Indie","Linux, PC (Microsoft Windows), Mac"
204679,Forza Horizon 5: Hot Wheels,forza-horizon-5-hot-wheels,79.7,3,70.1,12,2022,2020,"Racing, Sport","Xbox Series X|S, PC (Microsoft Windows), PlayStation 5, Xbox One"
4988,Madden NFL 13,madden-nfl-13,79.7,11,69.0,15,2012,2010,Sport,"PlayStation 3, PlayStation Vita, Xbox 360"
301,Microsoft Flight Simulator X,microsoft-flight-simulator-x,79.7,3,76.6,27,2006,2000,Simulator,PC (Microsoft Windows)
713,Microsoft Flight Simulator X: Acceleration,microsoft-flight-simulator-x-acceleration,79.7,3,79.5,6,2007,2000,Simulator,PC (Microsoft Windows)
19464,NHL 17,nhl-17,79.7,18,79.2,25,2016,2010,Sport,"PlayStation 4, Xbox One"
120550,Olija,olija,79.7,6,61.8,16,2021,2020,"Platform, Hack and slash/Beat 'em up, Adventure, Indie, Arcade","PlayStation 4, PC (Microsoft Windows), Xbox One, Nintendo Switch"
3146,Plants vs. Zombies: Garden Warfare,plants-vs-zombies-garden-warfare-2e561d33-2b92-408a-92f2-ec79ddcc6c2b,79.7,19,67.7,129,2014,2010,"Shooter, Tactical, Arcade","PlayStation 3, PlayStation 4, PC (Microsoft Windows), Xbox 360, Xbox One"
76420,Sid Meier's Civilization VI: Rise and Fall,sid-meiers-civilization-vi-rise-and-fall,79.7,6,70.9,22,2018,2010,"Strategy, Turn-based strategy (TBS)","Linux, PC (Microsoft Windows), Mac"
20046,Wasteland 2: Director's Cut,wasteland-2-directors-cut,79.7,15,80.0,30,2015,2010,"Role-playing (RPG), Simulator, Strategy, Turn-based strategy (TBS), Adventure, Indie","PlayStation 4, Linux, PC (Microsoft Windows), Mac, Xbox One, Nintendo Switch"
6705,A Hat in Time,a-hat-in-time,79.6,10,82.5,244,2017,2010,"Platform, Adventure, Indie","Xbox Series X|S, PlayStation 4, PC (Microsoft Windows), PlayStation 5, Mac, Xbox One, Nintendo Switch"
5652,Age of Wonders III,age-of-wonders-iii,79.6,5,62.9,51,2014,2010,"Role-playing (RPG), Strategy, Turn-based strategy (TBS), Tactical","Linux, PC (Microsoft Windows), Mac"
7283,Buzz!: Quiz TV,buzz-quiz-tv,79.6,5,63.3,6,2008,2000,Quiz/Trivia,PlayStation 3
284925,Children of the Sun,children-of-the-sun,79.6,5,74.2,13,2024,2020,"Shooter, Puzzle, Strategy, Indie",PC (Microsoft Windows)
14569,Dishonored: The Brigmore Witches,dishonored-the-brigmore-witches,79.6,7,77.1,91,2013,2010,Adventure,"PlayStation 3, PlayStation 4, PC (Microsoft Windows), Xbox 360, Xbox One"
3405,Mario Golf: World Tour,mario-golf-world-tour,79.6,11,73.4,12,2014,2010,Sport,Nintendo 3DS
837,Prince of Persia: Warrior Within,prince-of-persia-warrior-within,79.6,6,82.0,539,2004,2000,"Platform, Hack and slash/Beat 'em up, Adventure","Xbox, Nintendo GameCube, PC (Microsoft Windows), iOS, PlayStation 2"
7391,Puppeteer,puppeteer,79.6,7,81.5,36,2013,2010,"Platform, Adventure",PlayStation 3
131946,Super Mega Baseball 3,super-mega-baseball-3,79.6,7,64.2,8,2020,2020,"Simulator, Sport, Indie, Arcade","PlayStation 4, PC (Microsoft Windows), Xbox One, Nintendo Switch"
2061,Yakuza 3,yakuza-3,79.6,5,79.8,71,2009,2000,"Role-playing (RPG), Hack and slash/Beat 'em up, Adventure",PlayStation 3
3037,Battlefield 3: Armored Kill,battlefield-3-armored-kill,79.5,4,79.2,22,2012,2010,Shooter,"PlayStation 3, PC (Microsoft Windows), Xbox 360"
200165,Call of Duty: Modern Warfare II,call-of-duty-modern-warfare-ii,79.5,4,72.0,178,2022,2020,Shooter,"Xbox Series X|S, PlayStation 4, PC (Microsoft Windows), PlayStation 5, Xbox One"
15389,Crashlands,crashlands,79.5,4,72.5,30,2016,2010,"Role-playing (RPG), Simulator, Adventure, Indie","Android, PC (Microsoft Windows), iOS, Mac, Xbox One, Nintendo Switch"
177169,Deliver At All Costs,deliver-at-all-costs,79.5,4,60.7,16,2025,2020,"Racing, Adventure, Indie, Arcade","Xbox Series X|S, PC (Microsoft Windows), PlayStation 5"
3134,FIFA Soccer 09,fifa-soccer-09,79.5,4,67.7,95,2008,2000,Sport,"PlayStation 3, Xbox 360"
143616,Legend of Mana,legend-of-mana--1,79.5,4,85.1,5,2021,2020,"Role-playing (RPG), Hack and slash/Beat 'em up, Adventure","Xbox Series X|S, PlayStation 4, Android, PC (Microsoft Windows), iOS, Nintendo Switch"
4041,NFL Street,nfl-street,79.5,4,86.7,20,2004,2000,Sport,"Xbox, Nintendo GameCube, PlayStation 2"
102,Need for Speed: Shift,need-for-speed-shift,79.5,5,73.4,225,2009,2000,"Racing, Simulator","PlayStation 3, PC (Microsoft Windows), Xbox 360"
4652,Pro Evolution Soccer 2014,pro-evolution-soccer-2014,79.5,8,66.3,73,2013,2010,"Simulator, Sport","PlayStation 3, PC (Microsoft Windows), Xbox 360"
8509,Skylanders: Trap Team,skylanders-trap-team,79.5,15,74.5,20,2014,2010,"Platform, Role-playing (RPG), Hack and slash/Beat 'em up, Adventure","PlayStation 3, PlayStation 4, Wii, Android, iOS, Wii U, Xbox 360, Xbox One"
1013,SoulCalibur V,soulcalibur-v,79.5,8,68.9,84,2012,2010,"Fighting, Simulator, Strategy, Arcade","PlayStation 3, Xbox 360"
68447,Superliminal,superliminal,79.5,8,80.0,287,2019,2010,"Puzzle, Adventure, Indie","Xbox Series X|S, PlayStation 4, Linux, Android, PC (Microsoft Windows), iOS, PlayStation 5, Mac, Xbox One, Nintendo Switch"
2993,The Wolf Among Us,the-wolf-among-us,79.5,11,83.3,1212,2013,2010,"Point-and-click, Adventure","PlayStation 3, PlayStation 4, Android, PC (Microsoft Windows), iOS, Mac, PlayStation Vita, Xbox 360, Xbox One"
7609,Until Dawn,until-dawn,79.5,16,79.9,726,2015,2010,Adventure,PlayStation 4
11646,Ziggurat,ziggurat,79.5,4,67.8,43,2014,2010,"Shooter, Role-playing (RPG), Indie","PlayStation 4, Linux, PC (Microsoft Windows), Mac, Wii U, Xbox One, Nintendo Switch"
3235,Blur,blur,79.4,4,76.0,152,2010,2010,"Racing, Sport, Arcade","PlayStation 3, PC (Microsoft Windows), Xbox 360"
131961,Clubhouse Games: 51 Worldwide Classics,clubhouse-games-51-worldwide-classics,79.4,5,73.6,24,2020,2020,"Arcade, Card & Board Game",Nintendo Switch
9683,Dungeon of the Endless,dungeon-of-the-endless,79.4,9,77.1,56,2014,2010,"Platform, Real Time Strategy (RTS), Role-playing (RPG), Strategy, Adventure, Indie","PlayStation 4, PC (Microsoft Windows), iOS, Mac, Xbox One, Nintendo Switch"
19959,God of War III: Remastered,god-of-war-iii-remastered,79.4,9,86.8,178,2015,2010,"Hack and slash/Beat 'em up, Adventure",PlayStation 4
28706,Madden NFL 18,madden-nfl-18,79.4,15,77.9,19,2017,2010,Sport,"PlayStation 4, Xbox One"
19874,Mega Man Legacy Collection,mega-man-legacy-collection,79.4,13,90.6,38,2015,2010,"Shooter, Platform","PlayStation 4, Nintendo 3DS, PC (Microsoft Windows), Xbox One, Nintendo Switch"
451,Operation Flashpoint: Dragon Rising,operation-flashpoint-dragon-rising,79.4,5,69.9,38,2009,2000,"Shooter, Puzzle, Simulator, Strategy, Tactical","PlayStation 3, PC (Microsoft Windows), Xbox 360"
7461,Starhawk,starhawk,79.4,8,70.0,10,2012,2010,"Shooter, Real Time Strategy (RTS), Strategy",PlayStation 3
3191,Trials Fusion,trials-fusion,79.4,11,75.0,120,2014,2010,"Platform, Racing, Sport, Arcade","PlayStation 4, PC (Microsoft Windows), Xbox 360, Xbox One"
18158,Ultimate Chicken Horse,ultimate-chicken-horse,79.4,5,78.1,121,2016,2010,"Shooter, Platform, Racing, Adventure, Indie, Arcade","PlayStation 4, Linux, Android, PC (Microsoft Windows), iOS, Mac, Xbox One, Nintendo Switch"
6656,Ultra Street Fighter IV,ultra-street-fighter-iv,79.4,14,70.8,113,2014,2010,"Fighting, Arcade","Arcade, PlayStation 3, PlayStation 4, PC (Microsoft Windows), Xbox 360"
1385,War of the Roses,war-of-the-roses,79.4,5,45.9,18,2012,2010,Adventure,PC (Microsoft Windows)
28282,A Case of Distrust,a-case-of-distrust,79.3,3,69.1,16,2018,2010,"Point-and-click, Puzzle, Adventure, Indie","PC (Microsoft Windows), iOS, Mac, Nintendo Switch"
2602,Alan Wake's American Nightmare,alan-wake-s-american-nightmare,79.3,7,69.1,273,2012,2010,"Shooter, Adventure","PC (Microsoft Windows), Xbox 360"
15710,Aviary Attorney,aviary-attorney,79.3,3,76.7,27,2015,2010,"Adventure, Indie, Visual Novel","PC (Microsoft Windows), Mac"
252502,Baby Steps,baby-steps,79.3,3,64.0,13,2025,2020,"Adventure, Indie","PC (Microsoft Windows), PlayStation 5"
279612,Brothers: A Tale of Two Sons Remake,brothers-a-tale-of-two-sons-remake,79.3,3,71.0,21,2024,2020,"Puzzle, Adventure","Xbox Series X|S, PC (Microsoft Windows), PlayStation 5"
7284,Buzz!: Quiz World,buzz-quiz-world,79.3,3,76.0,5,2009,2000,"Puzzle, Quiz/Trivia","PlayStation 3, PlayStation Vita, PlayStation Portable"
273522,Crow Country,crow-country,79.3,4,77.1,32,2024,2020,"Shooter, Puzzle, Adventure, Indie","Xbox Series X|S, PlayStation 4, PC (Microsoft Windows), PlayStation 5, Nintendo Switch"
2249,DeathSpank,deathspank,79.3,5,77.0,34,2010,2010,"Fighting, Role-playing (RPG), Hack and slash/Beat 'em up, Adventure, Indie","PlayStation 3, Linux, PC (Microsoft Windows), Mac, Xbox 360"
14765,Eagle Flight,eagle-flight,79.3,7,50.0,3,2016,2010,"Shooter, Simulator","PlayStation 4, PlayStation VR, PC (Microsoft Windows), SteamVR, Oculus Rift"
154986,FIFA 22,fifa-22,79.3,7,73.2,102,2021,2020,"Simulator, Sport","Google Stadia, Xbox Series X|S, PC (Microsoft Windows), PlayStation 5"
9730,Firewatch,firewatch,79.3,18,78.8,1202,2016,2010,"Adventure, Indie","PlayStation 4, Linux, PC (Microsoft Windows), Mac, Xbox One, Nintendo Switch"
317086,Freedom Wars Remastered,freedom-wars-remastered,79.3,3,,,2025,2020,"Shooter, Role-playing (RPG)","PlayStation 4, PC (Microsoft Windows), PlayStation 5, Nintendo Switch"
1941,Infamous: Second Son,infamous-second-son,79.3,15,77.6,519,2014,2010,"Shooter, Platform, Adventure",PlayStation 4
248235,JDM: Japanese Drift Master,jdm-japanese-drift-master,79.3,3,59.9,5,2025,2020,"Racing, Simulator, Sport, Adventure, Arcade","Xbox Series X|S, PC (Microsoft Windows), PlayStation 5"
36912,Laser League,laser-league,79.3,4,60.3,19,2018,2010,"Sport, Strategy, Indie","PlayStation 4, PC (Microsoft Windows), Xbox One"
93914,Life is Strange: Episode 1 - Chrysalis,life-is-strange-episode-1-chrysalis,79.3,9,79.7,10,2015,2010,"Role-playing (RPG), Adventure, Arcade","PlayStation 3, PlayStation 4, Linux, Android, PC (Microsoft Windows), iOS, Mac, Xbox 360, Xbox One"
93903,Life is Strange: Episode 2 - Out of Time,life-is-strange-episode-2-out-of-time,79.3,6,80.0,8,2015,2010,"Role-playing (RPG), Adventure","PlayStation 3, PlayStation 4, PC (Microsoft Windows), Xbox 360, Xbox One"
152354,Mario Party Superstars,mario-party-superstars,79.3,6,80.3,66,2021,2020,Card & Board Game,Nintendo Switch
252830,Microsoft Flight Simulator 2024,microsoft-flight-simulator-2024,79.3,3,70.9,17,2024,2020,Simulator,"Xbox Series X|S, PlayStation VR2, PC (Microsoft Windows), PlayStation 5"
54220,Persona Q2: New Cinema Labyrinth,persona-q2-new-cinema-labyrinth,79.3,8,96.6,20,2018,2010,"Role-playing (RPG), Strategy, Adventure",Nintendo 3DS
2190,Rabbids Go Home,rabbids-go-home,79.3,4,73.6,19,2009,2000,"Platform, Puzzle, Adventure",Wii
9597,Solatorobo: Red the Hunter,solatorobo-red-the-hunter,79.3,3,89.5,16,2010,2010,"Role-playing (RPG), Adventure",Nintendo DS
19261,Sonic Rush Adventure,sonic-rush-adventure,79.3,3,70.8,44,2007,2000,Platform,Nintendo DS
10922,Stealth Bastard Deluxe,stealth-bastard-deluxe,79.3,3,70.0,13,2012,2010,"Platform, Puzzle, Indie","PlayStation 3, Linux, Android, PC (Microsoft Windows), iOS, Mac, PlayStation Vita"
337026,Story of Seasons: Grand Bazaar,story-of-seasons-grand-bazaar,79.3,3,,,2025,2020,Simulator,"Xbox Series X|S, Nintendo Switch 2, PC (Microsoft Windows), PlayStation 5, Nintendo Switch"
28188,Super Rude Bear Resurrection,super-rude-bear-resurrection,79.3,4,70.0,1,2017,2010,"Platform, Puzzle, Indie","PlayStation 4, Linux, PC (Microsoft Windows), Mac"
194206,Teenage Mutant Ninja Turtles: The Cowabunga Collection,teenage-mutant-ninja-turtles-the-cowabunga-collection,79.3,3,74.5,18,2022,2020,"Fighting, Platform, Hack and slash/Beat 'em up, Adventure, Arcade","Xbox Series X|S, PlayStation 4, PC (Microsoft Windows), PlayStation 5, Xbox One, Nintendo Switch"
7641,Teslagrad,teslagrad,79.3,6,71.7,53,2013,2010,"Platform, Puzzle, Adventure, Indie","PlayStation 3, PlayStation 4, Linux, Android, PC (Microsoft Windows), iOS, Mac, Wii U, PlayStation Vita, Xbox One, Nintendo Switch"
7469,Tom Clancy's Splinter Cell: Double Agent,tom-clancy-s-splinter-cell-double-agent,79.3,4,76.0,189,2006,2000,"Shooter, Tactical","PlayStation 3, PC (Microsoft Windows), Xbox 360"
10061,TxK,txk,79.3,4,,,2014,2010,"Shooter, Arcade",PlayStation Vita
37135,Yoshi's Crafted World,yoshis-crafted-world,79.3,12,77.3,54,2019,2010,Platform,Nintendo Switch
135337,Bloodstained: Curse of the Moon 2,bloodstained-curse-of-the-moon-2,79.2,6,86.0,25,2020,2020,"Platform, Hack and slash/Beat 'em up, Indie","PlayStation 4, PC (Microsoft Windows), Xbox One, Nintendo Switch"
20013,Darkstalkers Resurrection,darkstalkers-resurrection,79.2,5,73.0,14,2013,2010,"Fighting, Arcade","PlayStation 3, Xbox 360"
15705,Digimon Story: Cyber Sleuth,digimon-story-cyber-sleuth,79.2,9,79.0,60,2015,2010,"Role-playing (RPG), Strategy, Turn-based strategy (TBS), Adventure","PlayStation 4, PC (Microsoft Windows), PlayStation Vita, Nintendo Switch"
28187,Everybody's Golf,everybodys-golf--1,79.2,5,70.0,12,2017,2010,"Simulator, Sport",PlayStation 4
119374,Final Fantasy VIII Remastered,final-fantasy-viii-remastered,79.2,6,78.4,33,2019,2010,"Role-playing (RPG), Adventure","PlayStation 4, PC (Microsoft Windows), Xbox One, Nintendo Switch"
121731,Humankind,humankind,79.2,5,77.8,44,2021,2020,"Simulator, Strategy, Turn-based strategy (TBS)","Google Stadia, Xbox Series X|S, PlayStation 4, PC (Microsoft Windows), PlayStation 5, Mac, Xbox One"
5328,Metal Gear Solid V: Ground Zeroes,metal-gear-solid-v-ground-zeroes,79.2,19,74.8,499,2014,2010,"Shooter, Tactical, Adventure","PlayStation 3, PlayStation 4, PC (Microsoft Windows), Xbox 360, Xbox One"
10948,Ys Seven,ys-seven,79.2,7,79.9,32,2009,2000,"Role-playing (RPG), Adventure","PC (Microsoft Windows), PlayStation Portable"
136560,EA Sports UFC 4,ea-sports-ufc-4,79.1,7,69.4,28,2020,2020,"Fighting, Sport","PlayStation 4, Xbox One"
233,Half-Life 2,half-life-2,79.1,7,90.4,3450,2004,2000,Shooter,"Xbox, PlayStation 3, Linux, Android, PC (Microsoft Windows), Mac, Xbox 360"
119947,NHL 20,nhl-20,79.1,7,72.3,21,2019,2010,Sport,"PlayStation 4, Xbox One"
127816,Paradise Killer,paradise-killer,79.1,9,87.2,53,2020,2020,"Puzzle, Role-playing (RPG), Adventure, Indie","Xbox Series X|S, PlayStation 4, PC (Microsoft Windows), PlayStation 5, Xbox One, Nintendo Switch"
2174,Sonic & All-Stars Racing Transformed,sonic-all-stars-racing-transformed,79.1,10,80.1,152,2012,2010,"Racing, Sport, Arcade","PlayStation 3, Android, iOS, Wii U, PlayStation Vita, Xbox 360"
24428,Sundered,sundered,79.1,11,79.6,27,2017,2010,"Platform, Adventure, Indie","Xbox Series X|S, PlayStation 4, Linux, PC (Microsoft Windows), Mac, Xbox One, Nintendo Switch"
19696,Worms W.M.D,worms-wmd,79.1,14,69.2,71,2016,2010,"Strategy, Turn-based strategy (TBS), Arcade","Google Stadia, PlayStation 4, Linux, PC (Microsoft Windows), Mac, Xbox One, Nintendo Switch"
11828,7th Dragon III Code: VFD,7th-dragon-iii-code-vfd,79.0,7,91.0,2,2015,2010,"Role-playing (RPG), Adventure",Nintendo 3DS
9212,Anomaly 2,anomaly-2,79.0,5,67.9,11,2013,2010,"Strategy, Indie","PlayStation 4, Linux, Android, PC (Microsoft Windows), iOS, Mac"
26856,Antihero,antihero,79.0,4,59.4,6,2017,2010,"Strategy, Turn-based strategy (TBS), Indie","Android, PC (Microsoft Windows), iOS, Mac"
138669,Ashwalkers: A Survival Journey,ashwalkers-a-survival-journey,79.0,4,,,2021,2020,"Adventure, Indie","PC (Microsoft Windows), Nintendo Switch"
169994,Asterigos: Curse of the Stars,asterigos-curse-of-the-stars,79.0,4,66.5,19,2022,2020,"Role-playing (RPG), Adventure","Xbox Series X|S, PlayStation 4, PC (Microsoft Windows), PlayStation 5, Xbox One"
111330,Atelier Lulua: The Scion of Arland,atelier-lulua-the-scion-of-arland,79.0,4,70.0,4,2019,2010,"Role-playing (RPG), Adventure","PlayStation 4, PC (Microsoft Windows), Nintendo Switch"
141546,Capcom Arcade Stadium,capcom-arcade-stadium,79.0,6,76.0,9,2021,2020,"Fighting, Shooter, Platform, Arcade","PlayStation 4, PC (Microsoft Windows), Xbox One, Nintendo Switch"
561,Colin McRae: Dirt 2,colin-mcrae-dirt-2,79.0,9,79.0,141,2009,2000,"Racing, Sport","OnLive Game System, PlayStation 3, PC (Microsoft Windows), Mac, Xbox 360"
298696,Collector's Cove,collectors-cove,79.0,3,,,2026,2020,"Simulator, Adventure, Indie","PC (Microsoft Windows), PlayStation 5, Nintendo Switch"
122312,Control: The Foundation,control-the-foundation,79.0,5,75.6,56,2020,2020,"Shooter, Adventure","Google Stadia, Xbox Series X|S, PlayStation 4, PC (Microsoft Windows), PlayStation 5, Xbox One, Nintendo Switch"
25253,Cursed Castilla EX,cursed-castilla-ex,79.0,6,84.7,12,2016,2010,"Platform, Adventure, Indie, Arcade","PlayStation 4, Nintendo 3DS, PC (Microsoft Windows), PlayStation Vita, Xbox One, Nintendo Switch"
25586,Demon Gaze II,demon-gaze-ii,79.0,5,,,2016,2010,"Role-playing (RPG), Adventure","PlayStation 4, PlayStation Vita"
237780,Directive 8020,directive-8020,79.0,5,70.0,29,2026,2020,Adventure,"Xbox Series X|S, PC (Microsoft Windows), PlayStation 5"
138858,Ender Lilies: Quietus of the Knights,ender-lilies-quietus-of-the-knights,79.0,5,85.8,74,2021,2020,"Platform, Role-playing (RPG), Adventure, Indie","Xbox Series X|S, PlayStation 4, PC (Microsoft Windows), Xbox One, Nintendo Switch"
101439,F1 2018,f1-2018,79.0,5,78.0,47,2018,2010,"Racing, Simulator, Sport","PlayStation 4, PC (Microsoft Windows), Xbox One"
12072,Flywrench,flywrench,79.0,3,80.0,4,2015,2010,Indie,"PlayStation 4, PC (Microsoft Windows), Mac"
17026,Furi,furi,79.0,19,78.3,195,2016,2010,"Shooter, Hack and slash/Beat 'em up, Adventure, Indie","PlayStation 4, PC (Microsoft Windows), PlayStation 5, Xbox One, Nintendo Switch"
114023,Giga Wrecker Alt.,giga-wrecker-alt,79.0,3,53.0,0,2019,2010,"Platform, Puzzle","PlayStation 4, Xbox One, Nintendo Switch"
11447,Guild of Dungeoneering,guild-of-dungeoneering,79.0,5,69.3,25,2015,2010,"Role-playing (RPG), Strategy, Turn-based strategy (TBS), Quiz/Trivia, Indie, Card & Board Game","Android, PC (Microsoft Windows), iOS, Mac"
24975,Headmaster,headmaster,79.0,5,70.0,2,2016,2010,"Puzzle, Sport, Indie","PlayStation VR, SteamVR, Oculus Rift"
9139,Ibb & Obb,ibb-and-obb,79.0,5,70.9,31,2013,2010,"Platform, Puzzle, Adventure, Indie","PlayStation 3, Linux, PC (Microsoft Windows), Nintendo Switch"
252857,Invector: Rhythm Galaxy,invector-rhythm-galaxy,79.0,3,,,2023,2020,"Music, Indie, Arcade","PlayStation 4, PC (Microsoft Windows), Xbox One, Nintendo Switch"
314136,Kong: Survivor Instinct,kong-survivor-instinct,79.0,3,62.6,8,2024,2020,"Fighting, Shooter, Platform, Adventure, Indie","Xbox Series X|S, PC (Microsoft Windows), PlayStation 5, Nintendo Switch"
6580,Life Goes On: Done to Death,life-goes-on-done-to-death,79.0,3,70.3,10,2014,2010,"Platform, Puzzle, Adventure, Indie","PlayStation 4, Linux, PC (Microsoft Windows), Mac, Nintendo Switch"
94087,Life is Strange: Episode 4 - Dark Room,life-is-strange-episode-4-dark-room,79.0,5,80.0,10,2015,2010,"Role-playing (RPG), Adventure","PlayStation 3, PlayStation 4, Linux, PC (Microsoft Windows), Mac, Xbox One"
3224,Loadout,loadout,79.0,3,60.1,48,2014,2010,"Shooter, Indie, Arcade","PlayStation 4, PC (Microsoft Windows)"
188661,MLB The Show 22,mlb-the-show-22,79.0,5,75.5,8,2022,2020,"Simulator, Sport","Xbox Series X|S, PlayStation 4, PlayStation 5, Xbox One, Nintendo Switch"
127042,Marvel's Guardians of the Galaxy: The Telltale Series - Episode 4: Who Needs You,marvels-guardians-of-the-galaxy-the-telltale-series-episode-4-who-needs-you,79.0,4,,,2017,2010,"Point-and-click, Adventure","PlayStation 4, Android, PC (Microsoft Windows), iOS, Xbox One"
152062,Metal Slug Tactics,metal-slug-tactics,79.0,6,60.6,7,2024,2020,"Role-playing (RPG), Strategy, Tactical, Indie, Arcade","Xbox Series X|S, PlayStation 4, PC (Microsoft Windows), PlayStation 5, Xbox One, Nintendo Switch"
138244,Midnight Fight Express,midnight-fight-express,79.0,4,72.2,32,2022,2020,"Fighting, Shooter, Hack and slash/Beat 'em up, Adventure, Indie","PlayStation 4, PC (Microsoft Windows), Xbox One, Nintendo Switch"
25599,Monster Boy and the Cursed Kingdom,monster-boy-and-the-cursed-kingdom,79.0,3,86.8,31,2018,2010,"Platform, Role-playing (RPG), Adventure, Indie","Google Stadia, PlayStation 4, PC (Microsoft Windows), iOS, PlayStation 5, Mac, Xbox One, Nintendo Switch"
7768,OlliOlli,olliolli,79.0,10,70.3,23,2014,2010,"Platform, Racing, Sport, Indie, Arcade","PlayStation 3, PlayStation 4, Linux, Nintendo 3DS, Android, PC (Microsoft Windows), Mac, Wii U, PlayStation Vita, Xbox One"
2179,Red Steel 2,red-steel-2,79.0,3,74.6,15,2010,2010,Shooter,Wii
424,Resident Evil,resident-evil,79.0,3,77.7,448,1996,1990,"Shooter, Puzzle, Adventure",PlayStation
16431,Retro/Grade,retro-slash-grade,79.0,5,77.0,7,2012,2010,"Shooter, Music, Indie","PlayStation 3, PC (Microsoft Windows)"
4177,SSX on Tour,ssx-on-tour,79.0,4,73.4,29,2005,2000,"Racing, Sport","Xbox, PlayStation Portable, PlayStation 2"
15537,Samorost 3,samorost-3,79.0,7,75.8,88,2016,2010,"Point-and-click, Puzzle, Adventure, Indie","Android, PC (Microsoft Windows), iOS, Mac"
11058,Skylanders: SuperChargers,skylanders-superchargers,79.0,11,68.7,14,2015,2010,"Platform, Racing, Role-playing (RPG), Hack and slash/Beat 'em up, Adventure","PlayStation 3, PlayStation 4, Xbox 360, Xbox One"
7464,Tales of Symphonia Chronicles,tales-of-symphonia-chronicles,79.0,5,88.5,21,2013,2010,Role-playing (RPG),PlayStation 3
138906,The Invincible,the-invincible,79.0,5,70.1,87,2023,2020,"Adventure, Indie","Xbox Series X|S, PC (Microsoft Windows), PlayStation 5"
7038,The King of Fighters XIII,the-king-of-fighters-xiii,79.0,4,79.1,46,2010,2010,"Fighting, Arcade","Arcade, PlayStation 3, Xbox 360"
16282,Toki Tori 2+,toki-tori-2-plus,79.0,5,79.8,11,2013,2010,"Platform, Puzzle, Strategy, Adventure, Indie","PlayStation 4, Linux, PC (Microsoft Windows), Mac, Wii U, Nintendo Switch"
27867,Unavowed,unavowed,79.0,5,87.9,48,2018,2010,"Point-and-click, Puzzle, Role-playing (RPG), Adventure, Indie","Linux, PC (Microsoft Windows), Mac, Nintendo Switch"
27215,Victor Vran: Overkill Edition,victor-vran-overkill-edition,79.0,5,88.5,6,2017,2010,Role-playing (RPG),"PlayStation 4, PC (Microsoft Windows), Xbox One, Nintendo Switch"
283600,WWE 2K24,wwe-2k24,79.0,4,76.6,26,2024,2020,"Fighting, Simulator, Sport","Xbox Series X|S, PlayStation 4, PC (Microsoft Windows), PlayStation 5, Xbox One"
135615,Where the Heart Leads,where-the-heart-leads,79.0,5,,,2021,2020,"Simulator, Adventure, Indie","PlayStation 4, PC (Microsoft Windows)"
11222,Windjammers,windjammers,79.0,7,86.8,28,1994,1990,"Sport, Arcade","Arcade, Neo Geo AES, Neo Geo MVS, PlayStation 4, PlayStation Vita, Neo Geo CD, Nintendo Switch"
8506,Xeodrifter,xeodrifter,79.0,6,68.3,30,2014,2010,"Platform, Adventure, Indie","PlayStation 4, Nintendo 3DS, PC (Microsoft Windows), Wii U, PlayStation Vita, Nintendo Switch"
4758,D4: Dark Dreams Don't Die - Season 1,d4-dark-dreams-dont-die-season-1,78.9,8,76.3,31,2014,2010,"Point-and-click, Adventure, Indie","PC (Microsoft Windows), Xbox One"
11594,Disgaea 5: Alliance of Vengeance,disgaea-5-alliance-of-vengeance,78.9,9,89.9,15,2015,2010,"Role-playing (RPG), Simulator, Strategy, Tactical",PlayStation 4
114287,FIFA 20,fifa-20,78.9,7,68.2,170,2019,2010,Sport,"PlayStation 4, PC (Microsoft Windows), Xbox One"
10091,Hatsune Miku: Project Mirai DX,hatsune-miku-project-mirai-dx,78.9,7,83.1,17,2015,2010,Music,Nintendo 3DS
7313,Heroes of the Storm,heroes-of-the-storm,78.9,9,72.7,319,2015,2010,MOBA,"PC (Microsoft Windows), Mac"
769,Lara Croft and the Guardian of Light,lara-croft-and-the-guardian-of-light,78.9,7,74.4,119,2010,2010,"Shooter, Platform, Puzzle, Adventure","Google Stadia, PlayStation 3, Android, PC (Microsoft Windows), iOS, Xbox 360, Nintendo Switch"
75244,Onrush,onrush,78.9,10,65.4,38,2018,2010,Racing,"PlayStation 4, Xbox One"
144022,Sifu,sifu,78.9,13,81.9,215,2022,2020,"Hack and slash/Beat 'em up, Indie","Xbox Series X|S, PlayStation 4, PC (Microsoft Windows), PlayStation 5, Xbox One, Nintendo Switch"
5222,Tiger Woods PGA Tour 09,tiger-woods-pga-tour-09,78.9,7,79.7,5,2008,2000,"Simulator, Sport","PlayStation 3, iOS, PlayStation Portable, Xbox 360, PlayStation 2"
116200,Back 4 Blood,back-4-blood,78.8,10,67.3,122,2021,2020,Shooter,"Xbox Series X|S, PlayStation 4, PC (Microsoft Windows), PlayStation 5, Xbox One"
139177,Batbarian: Testament of the Primordials,batbarian-testament-of-the-primordials,78.8,4,58.3,6,2020,2020,"Platform, Puzzle, Role-playing (RPG), Adventure, Indie","PlayStation 4, PC (Microsoft Windows), Xbox One, Nintendo Switch"
16174,Burn Zombie Burn!,burn-zombie-burn,78.8,5,50.0,8,2009,2000,"Shooter, Adventure, Arcade","PlayStation 3, Ouya, Linux, Android, PC (Microsoft Windows), iOS, Mac"
3153,Castle Crashers,castle-crashers,78.8,3,77.7,342,2008,2000,"Role-playing (RPG), Hack and slash/Beat 'em up, Adventure, Indie","PlayStation 3, PC (Microsoft Windows), Mac, Xbox 360"
27530,Children of Zodiarcs,children-of-zodiarcs,78.8,5,79.9,7,2017,2010,"Role-playing (RPG), Strategy, Tactical, Adventure, Indie, Card & Board Game","PlayStation 4, PC (Microsoft Windows), Mac, Xbox One, Nintendo Switch"
136407,Cloud Gardens,cloud-gardens,78.8,4,58.4,6,2021,2020,"Puzzle, Simulator, Strategy, Indie","Xbox Series X|S, PC (Microsoft Windows), Mac, Xbox One, Nintendo Switch"
133904,Cygni: All Guns Blazing,cygni-all-guns-blazing,78.8,5,65.9,6,2024,2020,"Shooter, Indie, Arcade","Xbox Series X|S, PC (Microsoft Windows), PlayStation 5"
18953,Dance Central,dance-central,78.8,4,79.4,10,2010,2010,Music,Xbox 360
10184,Defense Grid 2,defense-grid-2,78.8,5,86.6,25,2014,2010,"Real Time Strategy (RTS), Simulator, Strategy, Indie","PlayStation 4, Linux, PC (Microsoft Windows), Mac, Oculus Rift, Xbox One, Nintendo Switch"
84699,Donkey Kong Jungle Beat,donkey-kong-jungle-beat--1,78.8,4,79.8,5,2008,2000,"Music, Platform","Wii, Wii U"
2584,Eve Online,eve-online,78.8,3,77.9,101,2003,2000,"Role-playing (RPG), Simulator, Strategy","Linux, PC (Microsoft Windows), Mac"
7405,Everybody's Gone to the Rapture,everybody-s-gone-to-the-rapture,78.8,11,72.4,190,2015,2010,Adventure,"PlayStation 4, PC (Microsoft Windows)"
5586,F1 2013,f1-2013,78.8,10,76.6,32,2013,2010,"Racing, Simulator, Sport, Strategy","PlayStation 3, PC (Microsoft Windows), Mac, Xbox 360"
76966,Firewall Zero Hour,firewall-zero-hour,78.8,4,61.7,6,2018,2010,"Shooter, Tactical",PlayStation VR
5626,Forced,forced,78.8,4,85.2,12,2013,2010,"Role-playing (RPG), Hack and slash/Beat 'em up, Adventure, Indie","PlayStation 4, Linux, PC (Microsoft Windows), Mac, DOS, Wii U, Xbox One"
9626,Hatsune Miku: Project Diva F 2nd,hatsune-miku-project-diva-f-2nd,78.8,4,81.6,11,2014,2010,Music,"PlayStation 3, PlayStation Vita"
19592,How We Soar,how-we-soar,78.8,4,,,2016,2010,"Strategy, Adventure",PlayStation 4
216318,Just Dance 2023 Edition,just-dance-2023-edition,78.8,4,70.1,10,2022,2020,Music,"Xbox Series X|S, PlayStation 5, Nintendo Switch"
43501,Jydge,jydge,78.8,4,80.0,4,2017,2010,"Shooter, Role-playing (RPG), Simulator, Strategy, Tactical, Indie, Arcade","PlayStation 4, Linux, Android, PC (Microsoft Windows), iOS, PlayStation 5, Mac, Xbox One, Nintendo Switch"
11797,LawBreakers,lawbreakers,78.8,14,61.7,10,2017,2010,"Shooter, Sport","PlayStation 4, PC (Microsoft Windows)"
7599,Life Is Strange,life-is-strange,78.8,7,83.1,1886,2015,2010,"Puzzle, Adventure, Indie","PlayStation 3, PlayStation 4, Linux, Android, PC (Microsoft Windows), iOS, Mac, Xbox 360, Xbox One"
191407,Live A Live,live-a-live--1,78.8,6,84.2,23,2022,2020,"Role-playing (RPG), Adventure","PlayStation 4, PC (Microsoft Windows), PlayStation 5, Nintendo Switch"
8655,MLB 15: The Show,mlb-15-the-show,78.8,8,77.0,8,2015,2010,Sport,"PlayStation 3, PlayStation 4, PlayStation Vita"
18929,Mosaic,mosaic,78.8,4,72.1,16,2019,2010,"Puzzle, Adventure, Indie","PlayStation 4, Linux, PC (Microsoft Windows), iOS, Mac, Xbox One, Nintendo Switch"
19926,Murasaki Baby,murasaki-baby--1,78.8,4,,,,,,
8836,NBA 2K7,nba-2k7,78.8,3,70.0,8,2006,2000,"Simulator, Sport","PlayStation 3, Xbox 360"
11075,NHL 16,nhl-16,78.8,9,81.3,24,2015,2010,Sport,"PlayStation 4, Xbox One"
103500,NHL 19,nhl-19,78.8,5,76.0,26,2018,2010,Sport,"PlayStation 4, Xbox One"
80916,Omensight,omensight,78.8,8,79.6,31,2018,2010,"Role-playing (RPG), Adventure, Indie","PlayStation 4, PC (Microsoft Windows), Xbox One, Nintendo Switch"
46,Overlord II,overlord-ii,78.8,4,76.6,77,2009,2000,"Role-playing (RPG), Strategy, Hack and slash/Beat 'em up, Adventure","PlayStation 3, PC (Microsoft Windows), Xbox 360"
11544,Paladins,paladins,78.8,6,71.2,280,2017,2010,"Shooter, Strategy","PlayStation 4, PC (Microsoft Windows), Mac, Xbox One, Nintendo Switch"
116195,Panzer Paladin,panzer-paladin,78.8,5,,,2020,2020,"Platform, Adventure, Indie, Arcade","PlayStation 4, PC (Microsoft Windows), Xbox One, Nintendo Switch"
3350,Paper Mario: Sticker Star,paper-mario-sticker-star,78.8,11,68.9,59,2012,2010,"Puzzle, Role-playing (RPG), Adventure",Nintendo 3DS
144051,Pokémon Brilliant Diamond,pokemon-brilliant-diamond,78.8,4,58.1,75,2021,2020,"Role-playing (RPG), Turn-based strategy (TBS), Adventure",Nintendo Switch
5139,Scarface: The World Is Yours,scarface-the-world-is-yours,78.8,4,73.9,67,2006,2000,"Shooter, Adventure","Xbox, Wii, PC (Microsoft Windows), PlayStation 2"
8807,Scribblenauts,scribblenauts,78.8,5,64.9,47,2009,2000,Puzzle,Nintendo DS
9425,Skullgirls,skullgirls,78.8,8,77.3,92,2012,2010,"Fighting, Indie, Arcade","PlayStation 3, Linux, PC (Microsoft Windows), Mac, Xbox 360"
15910,Story of Seasons: Trio of Towns,story-of-seasons-trio-of-towns,78.8,13,80.1,8,2016,2010,"Role-playing (RPG), Simulator",Nintendo 3DS
306148,Super Mario Party Jamboree,super-mario-party-jamboree,78.8,4,77.1,29,2024,2020,Card & Board Game,Nintendo Switch
152355,Super Monkey Ball: Banana Mania,super-monkey-ball-banana-mania,78.8,5,61.3,10,2021,2020,"Platform, Puzzle, Arcade","Xbox Series X|S, PlayStation 4, PC (Microsoft Windows), PlayStation 5, Xbox One, Nintendo Switch"
20444,Tales of Graces f,tales-of-graces-f,78.8,5,83.0,40,2010,2010,"Puzzle, Role-playing (RPG), Hack and slash/Beat 'em up",PlayStation 3
358534,The Adventures of Elliot: The Millennium Tales,the-adventures-of-elliot-the-millennium-tales,78.8,4,,,2026,2020,"Role-playing (RPG), Adventure","Xbox Series X|S, Nintendo Switch 2, PC (Microsoft Windows), PlayStation 5"
3079,Tiny and Big: Grandpa's Leftovers,tiny-and-big-grandpa-s-leftovers,78.8,4,69.7,36,2012,2010,"Platform, Puzzle, Adventure, Indie","Linux, PC (Microsoft Windows), Mac"
16612,Twelve Minutes,twelve-minutes,78.8,8,66.9,220,2021,2020,"Point-and-click, Puzzle, Adventure, Indie","Xbox Series X|S, PlayStation 4, Android, PC (Microsoft Windows), iOS, PlayStation 5, Xbox One, Nintendo Switch"
185252,"Warhammer 40,000: Space Marine II",warhammer-40000-space-marine-ii,78.8,6,80.1,171,2024,2020,"Shooter, Role-playing (RPG), Adventure","Xbox Series X|S, Nintendo Switch 2, PC (Microsoft Windows), PlayStation 5"
1702,Wario Land: Shake It!,wario-land-shake-it,78.8,6,71.8,22,2008,2000,"Platform, Simulator, Adventure","Wii, Wii U"
152204,Wizard With a Gun,wizard-with-a-gun,78.8,4,70.3,11,2023,2020,"Shooter, Adventure, Indie","Xbox Series X|S, PC (Microsoft Windows), PlayStation 5, Nintendo Switch"
7343,Yoshi's Woolly World,yoshis-woolly-world,78.8,10,71.8,64,2015,2010,Platform,Wii U
346,Battlefield 1942: Secret Weapons of WWII,battlefield-1942-secret-weapons-of-wwii,78.7,3,78.4,23,2003,2000,"Shooter, Simulator","PC (Microsoft Windows), Mac"
36764,Blackhole: Complete Edition,blackhole-complete-edition,78.7,3,,,2015,2010,"Platform, Puzzle, Adventure","PlayStation 4, Linux, PC (Microsoft Windows), Mac, Xbox One"
204386,Capcom Arcade 2nd Stadium,capcom-arcade-2nd-stadium,78.7,3,,,2022,2020,"Fighting, Shooter, Platform, Arcade","PlayStation 4, PC (Microsoft Windows), Xbox One, Nintendo Switch"
142358,Cursed to Golf,cursed-to-golf,78.7,3,63.9,13,2022,2020,"Puzzle, Sport, Adventure, Indie, Arcade, Card & Board Game","Xbox Series X|S, PlayStation 4, PC (Microsoft Windows), PlayStation 5, Xbox One, Nintendo Switch"
204640,Demonschool,demonschool,78.7,3,,,2025,2020,"Role-playing (RPG), Strategy, Turn-based strategy (TBS), Tactical","Xbox Series X|S, PlayStation 4, Linux, Nintendo Switch 2, PC (Microsoft Windows), PlayStation 5, Mac, Xbox One, Nintendo Switch"
12529,Gravity Rush Remastered,gravity-rush-remastered,78.7,12,74.4,85,2015,2010,"Platform, Role-playing (RPG), Hack and slash/Beat 'em up, Adventure",PlayStation 4
2941,Pro Evolution Soccer 2013,pro-evolution-soccer-2013,78.7,9,71.9,118,2012,2010,"Simulator, Sport","PlayStation 3, PC (Microsoft Windows), Xbox 360"
263923,Qomp2,qomp2--1,78.7,3,,,2024,2020,"Platform, Puzzle, Adventure, Indie, Arcade","Xbox Series X|S, PlayStation 4, PC (Microsoft Windows), PlayStation 5, Xbox One, Nintendo Switch"
7605,S.T.A.L.K.E.R.: Call of Pripyat,s-dot-t-a-dot-l-k-dot-e-r-dot-call-of-pripyat,78.7,3,78.7,283,2009,2000,"Shooter, Role-playing (RPG)","PlayStation 4, PC (Microsoft Windows), Xbox One, Nintendo Switch"
194741,Ship of Fools,ship-of-fools,78.7,3,72.0,12,2022,2020,"Strategy, Adventure, Indie","Xbox Series X|S, PC (Microsoft Windows), PlayStation 5, Nintendo Switch"
1006,Syndicate,syndicate--3,78.7,6,69.7,134,2012,2010,"Shooter, Puzzle","PlayStation 3, PC (Microsoft Windows), Xbox 360"
96213,The Jackbox Party Pack 5,the-jackbox-party-pack-5,78.7,6,76.5,38,2018,2010,"Puzzle, Strategy, Quiz/Trivia, Indie","Amazon Fire TV, PlayStation 4, Linux, Android, PC (Microsoft Windows), iOS, Mac, Xbox One, Nintendo Switch"
18294,The Punisher,the-punisher--1,78.7,3,79.9,91,2004,2000,"Shooter, Adventure","Xbox, PC (Microsoft Windows), Xbox 360, Legacy Mobile Device, PlayStation 2"
217645,Turnip Boy Robs a Bank,turnip-boy-robs-a-bank,78.7,3,74.8,21,2024,2020,"Shooter, Hack and slash/Beat 'em up, Adventure, Indie, Arcade","Android, PC (Microsoft Windows), iOS, Xbox One, Nintendo Switch"
387782,WWE 2K26,wwe-2k26,78.7,3,,,2026,2020,"Fighting, Simulator, Sport","Xbox Series X|S, Nintendo Switch 2, PC (Microsoft Windows), PlayStation 5"
2187,Wii Fit Plus,wii-fit-plus,78.7,3,71.1,33,2009,2000,Sport,Wii
430,Call of Juarez: Bound In Blood,call-of-juarez-bound-in-blood,78.6,7,77.1,203,2009,2000,"Shooter, Adventure","PlayStation 3, PC (Microsoft Windows), Xbox 360"
3152,Don't Starve,don-t-starve,78.6,7,76.0,388,2013,2010,"Simulator, Adventure, Indie","PlayStation 4, Linux, PC (Microsoft Windows), Mac, Xbox One, Nintendo Switch"
11157,Hitman,hitman,78.6,29,80.2,568,2016,2010,"Shooter, Tactical, Adventure","Google Stadia, PlayStation 4, Linux, PC (Microsoft Windows), Mac, Xbox One"
1059,Kingdoms of Amalur: Reckoning,kingdoms-of-amalur-reckoning,78.6,11,76.4,194,2012,2010,"Role-playing (RPG), Hack and slash/Beat 'em up","PlayStation 3, PC (Microsoft Windows), Xbox 360"
7374,MLB 12: The Show,mlb-12-the-show,78.6,7,,,2012,2010,Sport,"PlayStation 3, PlayStation Vita"
308034,NBA 2K25,nba-2k25,78.6,5,68.8,26,2024,2020,"Simulator, Sport","Xbox Series X|S, PlayStation 4, PC (Microsoft Windows), PlayStation 5, Xbox One, Nintendo Switch"
2273,No More Heroes 2: Desperate Struggle,no-more-heroes-2-desperate-struggle,78.6,7,79.6,74,2010,2010,"Hack and slash/Beat 'em up, Adventure","Wii, PC (Microsoft Windows), Nintendo Switch"
14587,Oxenfree,oxenfree,78.6,16,76.2,421,2016,2010,"Role-playing (RPG), Adventure, Indie","PlayStation 4, Linux, Android, PC (Microsoft Windows), iOS, Mac, Xbox One, Nintendo Switch"
1519,Pokémon Platinum Version,pokemon-platinum-version,78.6,5,82.8,430,2008,2000,"Role-playing (RPG), Turn-based strategy (TBS), Adventure",Nintendo DS
6874,Rune Factory 4,rune-factory-4,78.6,5,78.4,25,2012,2010,"Role-playing (RPG), Simulator",Nintendo 3DS
138765,Scott Pilgrim vs. the World: The Game - Complete Edition,scott-pilgrim-vs-the-world-the-game-complete-edition,78.6,7,76.6,35,2021,2020,"Hack and slash/Beat 'em up, Adventure","Amazon Fire TV, Google Stadia, PlayStation 4, PC (Microsoft Windows), Xbox One, Nintendo Switch"
107599,Super Crush KO,super-crush-ko--1,78.6,5,70.0,1,2020,2020,"Fighting, Platform, Hack and slash/Beat 'em up, Indie, Arcade","PC (Microsoft Windows), Nintendo Switch"
75380,World of Warcraft: Battle for Azeroth,world-of-warcraft-battle-for-azeroth,78.6,10,71.2,105,2018,2010,Role-playing (RPG),"PC (Microsoft Windows), Mac"
3098,Giana Sisters: Twisted Dreams,giana-sisters-twisted-dreams,78.5,4,77.6,28,2012,2010,"Platform, Puzzle, Adventure, Indie","PlayStation 3, PC (Microsoft Windows), Wii U, Xbox 360"
19163,Grand Kingdom,grand-kingdom,78.5,11,69.0,14,2015,2010,"Role-playing (RPG), Strategy, Tactical","PlayStation 4, PlayStation Vita"
13210,How to Survive 2,how-to-survive-2,78.5,4,55.9,29,2016,2010,"Role-playing (RPG), Adventure","PlayStation 4, PC (Microsoft Windows), Xbox One"
5440,Kirby: Triple Deluxe,kirby-triple-deluxe,78.5,11,80.8,65,2014,2010,"Platform, Adventure",Nintendo 3DS
294041,Marvel Rivals,marvel-rivals,78.5,4,76.0,352,2024,2020,"Shooter, Racing, Role-playing (RPG), Strategy, Adventure","Xbox Series X|S, PlayStation 4, Nintendo Switch 2, PC (Microsoft Windows), PlayStation 5"
21709,Naruto Shippuden: Ultimate Ninja Storm 3 Full Burst,naruto-shippuden-ultimate-ninja-storm-3-full-burst,78.5,4,80.8,38,2013,2010,"Fighting, Adventure","PlayStation 3, PlayStation 4, PC (Microsoft Windows), Xbox 360, Xbox One, Nintendo Switch"
97,Need for Speed: Underground 2,need-for-speed-underground-2,78.5,3,83.2,881,2004,2000,Racing,"Xbox, Nintendo GameCube, PC (Microsoft Windows), PlayStation 2"
2969,Rain,rain,78.5,8,75.6,36,2013,2010,"Puzzle, Adventure",PlayStation 3
262973,Star Wars: Dark Forces Remaster,star-wars-dark-forces-remaster,78.5,4,80.1,14,2024,2020,"Shooter, Adventure","Xbox Series X|S, PlayStation 4, PC (Microsoft Windows), PlayStation 5, Xbox One, Nintendo Switch"
11582,Stellaris,stellaris,78.5,11,78.2,277,2016,2010,"Real Time Strategy (RTS), Simulator, Strategy","Xbox Series X|S, PlayStation 4, Linux, PC (Microsoft Windows), PlayStation 5, Mac, Xbox One"
13113,The Sims 3: Pets,the-sims-3-pets,78.5,6,75.0,31,2011,2010,"Role-playing (RPG), Simulator, Strategy, Adventure","PlayStation 3, Nintendo 3DS, PC (Microsoft Windows), Mac, Xbox 360"
127062,The Walking Dead: A New Frontier - Episode 1: Ties That Bind - Part One,the-walking-dead-a-new-frontier-episode-1-ties-that-bind-part-one,78.5,6,79.9,5,2016,2010,"Point-and-click, Adventure","PlayStation 4, Android, PC (Microsoft Windows), iOS, Xbox One"
135110,Wraith: The Oblivion - Afterlife,wraith-the-oblivion-afterlife,78.5,4,,,2021,2020,Adventure,"Oculus VR, Meta Quest 2, PlayStation 4, SteamVR, Oculus Quest"
1880,Baldur's Gate: Enhanced Edition,baldur-s-gate-enhanced-edition,78.4,5,84.3,99,2012,2010,"Role-playing (RPG), Strategy, Adventure","PlayStation 4, Linux, Android, PC (Microsoft Windows), iOS, Mac, Xbox One, Nintendo Switch"
76770,Bridge Constructor Portal,bridge-constructor-portal,78.4,7,72.2,40,2017,2010,"Puzzle, Simulator, Strategy","PlayStation 4, Linux, Android, PC (Microsoft Windows), iOS, Mac, Xbox One, Nintendo Switch"
16300,Dragon's Dogma: Dark Arisen,dragons-dogma-dark-arisen,78.4,21,80.4,172,2013,2010,"Role-playing (RPG), Adventure","PlayStation 3, PlayStation 4, PC (Microsoft Windows), Xbox 360, Xbox One, Nintendo Switch"
8607,Etrian Mystery Dungeon,etrian-mystery-dungeon,78.4,7,79.0,0,2015,2010,Role-playing (RPG),Nintendo 3DS
26769,Fire Emblem Warriors,fire-emblem-warriors,78.4,11,63.7,33,2017,2010,"Role-playing (RPG), Simulator, Strategy, Tactical, Hack and slash/Beat 'em up","New Nintendo 3DS, Nintendo Switch"
131970,Fuser,fuser,78.4,7,79.8,18,2020,2020,"Music, Simulator","Xbox Series X|S, PlayStation 4, PC (Microsoft Windows), Xbox One, Nintendo Switch"
19608,Inversus,inversus,78.4,8,70.0,1,2016,2010,"Shooter, Strategy, Indie, Arcade","PlayStation 4, PC (Microsoft Windows)"
81145,Mario Tennis Aces,mario-tennis-aces,78.4,10,70.9,89,2018,2010,"Sport, Adventure",Nintendo Switch
570,Prototype,prototype,78.4,8,73.6,417,2009,2000,"Platform, Hack and slash/Beat 'em up, Adventure","PlayStation 3, PlayStation 4, PC (Microsoft Windows), Xbox 360, Xbox One"
23849,Psycho-Pass: Mandatory Happiness,psycho-pass-mandatory-happiness,78.4,10,48.1,9,2015,2010,"Adventure, Visual Novel","PlayStation 4, Linux, Android, PC (Microsoft Windows), iOS, PlayStation Vita, Xbox One"
847,Resident Evil 5,resident-evil-5,78.4,15,73.6,815,2009,2000,"Shooter, Adventure","PlayStation 3, PC (Microsoft Windows), Xbox 360"
11253,Rigs: Mechanized Combat League,rigs-mechanized-combat-league,78.4,7,79.8,5,2016,2010,"Fighting, Shooter, Sport","PlayStation 4, PlayStation VR"
3171,The Saboteur,the-saboteur,78.4,5,71.5,186,2009,2000,"Shooter, Role-playing (RPG), Tactical, Adventure","PlayStation 3, PC (Microsoft Windows), Xbox 360"
1305,Tom Clancy's Splinter Cell: Blacklist,tom-clancy-s-splinter-cell-blacklist,78.4,13,81.4,342,2013,2010,"Shooter, Tactical, Adventure","PlayStation 3, PC (Microsoft Windows), Wii U, Xbox 360"
9888,#IDARB,number-idarb,78.3,4,77.7,12,2015,2010,"Platform, Sport, Indie","PC (Microsoft Windows), Xbox One"
299,Age of Empires III,age-of-empires-iii,78.3,4,78.1,459,2005,2000,"Real Time Strategy (RTS), Simulator, Strategy","PC (Microsoft Windows), Mac"
11081,Amplitude,amplitude--1,78.3,6,73.2,15,2016,2010,"Music, Arcade","PlayStation 3, PlayStation 4"
133330,BPM: Bullets Per Minute,bpm-bullets-per-minute,78.3,4,63.0,24,2020,2020,"Shooter, Music, Adventure, Indie, Arcade","PlayStation 4, PC (Microsoft Windows), Xbox One, Nintendo Switch"
228539,Banishers: Ghosts of New Eden,banishers-ghosts-of-new-eden,78.3,6,75.3,78,2024,2020,"Role-playing (RPG), Adventure","Xbox Series X|S, PC (Microsoft Windows), PlayStation 5"
1978,Bejeweled 3,bejeweled-3,78.3,6,74.9,59,2010,2010,"Puzzle, Strategy, Adventure","PC (Microsoft Windows), Mac"
26820,Blasphemous,blasphemous,78.3,4,80.0,320,2019,2010,"Platform, Role-playing (RPG), Hack and slash/Beat 'em up, Adventure, Indie","PlayStation 4, Linux, Android, PC (Microsoft Windows), iOS, Mac, Xbox One, Nintendo Switch"
21331,Bleach: Dark Souls,bleach-dark-souls,78.3,3,76.2,7,2007,2000,Fighting,Nintendo DS
138354,Borderlands 3: Psycho Krieg and the Fantastic Fustercluck,borderlands-3-psycho-krieg-and-the-fantastic-fustercluck,78.3,3,77.7,13,2020,2020,"Shooter, Role-playing (RPG)","PlayStation 4, PC (Microsoft Windows), Xbox One, Nintendo Switch"
26350,Bye-Bye Boxboy!,bye-bye-boxboy,78.3,3,82.0,3,2017,2010,"Platform, Puzzle",Nintendo 3DS
624,Call of Duty: United Offensive,call-of-duty-united-offensive,78.3,3,80.9,199,2004,2000,Shooter,"PC (Microsoft Windows), Mac"
217376,Capes,capes,78.3,3,,,2024,2020,"Strategy, Turn-based strategy (TBS), Tactical, Indie","Xbox Series X|S, PlayStation 4, Linux, PC (Microsoft Windows), PlayStation 5, Mac, Xbox One, Nintendo Switch"
101869,Cat Quest II,cat-quest-ii,78.3,3,74.6,45,2019,2010,"Role-playing (RPG), Adventure, Indie","PlayStation 4, Android, PC (Microsoft Windows), iOS, Mac, Xbox One, Nintendo Switch"
1939,Destiny,destiny,78.3,17,72.3,485,2014,2010,"Shooter, Role-playing (RPG)","PlayStation 3, PlayStation 4, Xbox 360, Xbox One"
18081,Devil Daggers,devil-daggers,78.3,3,76.0,47,2016,2010,"Shooter, Indie","Linux, PC (Microsoft Windows), Mac"
21056,Disgaea DS,disgaea-ds,78.3,3,80.0,7,2008,2000,"Role-playing (RPG), Strategy, Turn-based strategy (TBS), Tactical",Nintendo DS
24952,Disney Magical World 2,disney-magical-world-2,78.3,3,90.0,0,2016,2010,"Simulator, Adventure",Nintendo 3DS
56357,Drone Swarm,drone-swarm,78.3,3,,,2020,2020,"Real Time Strategy (RTS), Strategy, Indie",PC (Microsoft Windows)
308052,Emio: The Smiling Man - Famicom Detective Club,emio-the-smiling-man-famicom-detective-club--1,78.3,3,80.0,10,2024,2020,"Simulator, Adventure, Visual Novel",Nintendo Switch
11798,Evoland 2,evoland-2,78.3,3,80.6,42,2015,2010,"Fighting, Music, Platform, Role-playing (RPG), Strategy, Turn-based strategy (TBS), Hack and slash/Beat 'em up, Adventure, Indie, Card & Board Game","Android, PC (Microsoft Windows), iOS, Mac, Nintendo Switch"
27277,Forma.8,forma-dot-8,78.3,6,75.4,19,2017,2010,"Adventure, Indie, Arcade","PlayStation 4, Android, PC (Microsoft Windows), iOS, Mac, Wii U, PlayStation Vita, Xbox One, Nintendo Switch"
115925,Freedom Finger,freedom-finger,78.3,3,70.0,0,2019,2010,"Shooter, Music, Indie, Arcade","PlayStation 4, PC (Microsoft Windows), Mac, Xbox One, Nintendo Switch"
217552,Front Mission 3: Remake,front-mission-3-remake,78.3,3,,,2025,2020,"Role-playing (RPG), Strategy","Xbox Series X|S, PlayStation 4, PC (Microsoft Windows), PlayStation 5, Xbox One, Nintendo Switch"
13206,Fuego!,fuego,78.3,3,60.0,0,2015,2010,"Puzzle, Strategy, Indie","Linux, PC (Microsoft Windows), Mac"
146762,Game Builder Garage,game-builder-garage,78.3,3,,,2021,2020,,"Nintendo Switch 2, Nintendo Switch"
19645,Guilty Gear Xrd: Sign,guilty-gear-xrd-sign,78.3,3,75.8,20,2014,2010,"Fighting, Arcade","PlayStation 3, PlayStation 4, PC (Microsoft Windows)"
11768,Hatsune Miku: Project Diva F,hatsune-miku-project-diva-f,78.3,3,70.2,11,2012,2010,Music,"PlayStation 3, PlayStation Vita"
120278,Hatsune Miku: Project Diva Mega Mix,hatsune-miku-project-diva-mega-mix,78.3,4,82.1,9,2020,2020,"Music, Arcade",Nintendo Switch
185241,Have a Nice Death,have-a-nice-death,78.3,3,78.3,26,2023,2020,"Platform, Indie, Arcade","Xbox Series X|S, PlayStation 4, PC (Microsoft Windows), PlayStation 5, Xbox One, Nintendo Switch"
3951,I-Ninja,i-ninja,78.3,3,69.0,22,2003,2000,Platform,"Xbox, Nintendo GameCube, PC (Microsoft Windows), PlayStation 2"
24415,Jazzpunk: Director's Cut,jazzpunk-directors-cut,78.3,3,81.5,15,2016,2010,"Adventure, Indie","PlayStation 4, Linux, PC (Microsoft Windows), Mac"
134438,Kingdoms of Amalur: Re-Reckoning,kingdoms-of-amalur-re-reckoning,78.3,6,69.5,25,2020,2020,"Fighting, Role-playing (RPG), Adventure","PlayStation 4, PC (Microsoft Windows), PlayStation 5, Xbox One, Nintendo Switch"
81105,Life is Strange: Before the Storm - Episode 2: Brave New World,life-is-strange-before-the-storm-episode-2-brave-new-world,78.3,9,,,2017,2010,"Point-and-click, Adventure","PlayStation 4, Linux, PC (Microsoft Windows), Mac, Xbox One"
262529,Little Nightmares III,little-nightmares-iii--1,78.3,4,66.8,63,2025,2020,"Platform, Puzzle, Adventure","Xbox Series X|S, PlayStation 4, Nintendo Switch 2, PC (Microsoft Windows), PlayStation 5, Xbox One, Nintendo Switch"
6506,Mario vs. Donkey Kong 2: March of the Minis,mario-vs-donkey-kong-2-march-of-the-minis,78.3,4,69.8,22,2006,2000,"Platform, Puzzle","Wii U, Nintendo DS"
7450,MotoGP 13,motogp-13,78.3,3,70.0,8,2013,2010,"Racing, Simulator, Sport","PlayStation 3, PC (Microsoft Windows), PlayStation Vita, Xbox 360"
2555,MotorStorm: Apocalypse,motorstorm-apocalypse,78.3,6,66.2,39,2011,2010,"Racing, Sport",PlayStation 3
249540,Mr. Run and Jump,mr-run-and-jump,78.3,3,,,2023,2020,"Platform, Indie, Arcade","Xbox Series X|S, PlayStation 4, PC (Microsoft Windows), PlayStation 5, Xbox One, Nintendo Switch"
4029,NBA 2K2,nba-2k2,78.3,3,87.3,7,2001,2000,"Simulator, Sport","Xbox, Nintendo GameCube, Dreamcast, PlayStation 2"
3003,NHL 14,nhl-14,78.3,6,79.9,17,2013,2010,"Simulator, Sport","PlayStation 3, Xbox 360"
57192,Nairi: Tower of Shirin,nairi-tower-of-shirin,78.3,3,84.0,9,2018,2010,"Point-and-click, Platform, Puzzle, Adventure, Indie","PC (Microsoft Windows), Nintendo Switch"
21811,Omega Five,omega-five,78.3,3,,,2008,2000,Shooter,"Nintendo 3DS, Xbox 360"
7387,Pain,pain,78.3,3,72.4,13,2007,2000,Sport,PlayStation 3
14917,Penny Arcade Adventures: On the Rain-Slick Precipice of Darkness - Episode Two,penny-arcade-adventures-on-the-rain-slick-precipice-of-darkness-episode-two,78.3,3,60.1,8,2008,2000,"Role-playing (RPG), Adventure","PlayStation 3, Linux, PC (Microsoft Windows), Mac, Xbox 360"
11056,Persona 4: Dancing All Night,persona-4-dancing-all-night,78.3,9,72.2,31,2015,2010,Music,"PlayStation 4, PlayStation Vita"
15852,Roundabout,roundabout,78.3,3,63.7,18,2014,2010,"Puzzle, Adventure, Indie","PlayStation 4, Linux, PC (Microsoft Windows), Mac, PlayStation Vita, Xbox One"
16538,Samurai Gunn,samurai-gunn,78.3,3,81.3,8,2013,2010,"Fighting, Platform, Indie","PC (Microsoft Windows), Mac"
787,Serious Sam II,serious-sam-ii,78.3,3,71.7,189,2005,2000,"Shooter, Indie","Xbox, Linux, PC (Microsoft Windows)"
11772,Shadowrun: Hong Kong,shadowrun-hong-kong,78.3,3,82.4,52,2015,2010,"Role-playing (RPG), Strategy, Turn-based strategy (TBS), Tactical, Adventure, Indie","Linux, PC (Microsoft Windows), Mac"
27959,Shin Megami Tensei: Strange Journey Redux,shin-megami-tensei-strange-journey-redux,78.3,6,89.9,11,2017,2010,"Role-playing (RPG), Strategy, Adventure",Nintendo 3DS
15184,SingStar: Vol. 2,singstar-vol-2,78.3,4,,,2008,2000,Music,PlayStation 3
19576,Skylanders: Imaginators,skylanders-imaginators,78.3,13,69.9,21,2016,2010,"Platform, Role-playing (RPG), Hack and slash/Beat 'em up, Adventure","PlayStation 3, PlayStation 4, Xbox 360, Xbox One"
25239,Slayaway Camp,slayaway-camp,78.3,3,60.0,12,2016,2010,"Puzzle, Strategy, Indie","Web browser, Linux, Android, PC (Microsoft Windows), iOS, Mac"
182190,Song of Nunu: A League of Legends Story,song-of-nunu-a-league-of-legends-story,78.3,3,78.5,8,2023,2020,"Puzzle, Adventure, Indie","Xbox Series X|S, PlayStation 4, PC (Microsoft Windows), PlayStation 5, Xbox One, Nintendo Switch"
241444,Sonic Origins Plus,sonic-origins-plus,78.3,6,40.7,9,2023,2020,"Platform, Puzzle, Racing, Pinball, Adventure, Arcade","Xbox Series X|S, PlayStation 4, PC (Microsoft Windows), PlayStation 5, Xbox One, Nintendo Switch"
6890,Star Fox 64 3D,star-fox-64-3d,78.3,4,81.7,55,2011,2010,Shooter,Nintendo 3DS
6581,Stick it to the Man!,stick-it-to-the-man,78.3,8,68.0,43,2013,2010,"Platform, Puzzle, Adventure, Indie","PlayStation 3, PlayStation 4, PC (Microsoft Windows), Mac, Wii U, PlayStation Vita, Xbox One, Nintendo Switch"
27094,Stories Untold,stories-untold,78.3,3,78.7,88,2017,2010,"Puzzle, Adventure, Indie","PlayStation 4, PC (Microsoft Windows), Mac, Xbox One, Nintendo Switch"
105333,Synth Riders,synth-riders,78.3,4,89.0,13,2018,2010,"Music, Sport, Indie, Arcade","Meta Quest 2, PlayStation VR2, PlayStation VR, visionOS, SteamVR, Meta Quest 3, Oculus Quest"
19797,Tales of Hearts R,tales-of-hearts-r,78.3,6,76.7,12,2013,2010,Role-playing (RPG),"iOS, PlayStation Vita"
121767,The Big Con,the-big-con,78.3,3,60.0,7,2021,2020,"Point-and-click, Adventure, Indie","Xbox Series X|S, PlayStation 4, PC (Microsoft Windows), PlayStation 5, Xbox One"
95058,The Elder Scrolls Online: Summerset,the-elder-scrolls-online-summerset,78.3,3,79.8,13,2018,2010,Role-playing (RPG),"PlayStation 4, PC (Microsoft Windows), Mac, Xbox One"
19081,The Jackbox Party Pack 2,the-jackbox-party-pack-2,78.3,4,61.7,40,2015,2010,"Music, Puzzle, Strategy, Quiz/Trivia, Indie","Amazon Fire TV, PlayStation 3, PlayStation 4, Linux, Android, PC (Microsoft Windows), iOS, Mac, Xbox One, Nintendo Switch"
75285,The Surge: A Walk in the Park,the-surge-a-walk-in-the-park,78.3,3,82.7,5,2017,2010,"Role-playing (RPG), Hack and slash/Beat 'em up, Adventure","PlayStation 4, PC (Microsoft Windows), Xbox One"
1299,Tom Clancy's Ghost Recon 2: Summit Strike,tom-clancy-s-ghost-recon-2-summit-strike,78.3,3,,,2005,2000,"Shooter, Simulator, Tactical",Xbox
143114,Total War: Warhammer III,total-war-warhammer-iii,78.3,3,85.6,56,2022,2020,"Real Time Strategy (RTS), Strategy","Linux, PC (Microsoft Windows), Mac"
27359,Tower of Time,tower-of-time,78.3,3,53.4,25,2018,2010,"Real Time Strategy (RTS), Role-playing (RPG), Strategy, Tactical, Adventure, Indie","PlayStation 4, Linux, PC (Microsoft Windows), iOS, Xbox One, Nintendo Switch"
1527,Trauma Team,trauma-team,78.3,3,84.7,7,2010,2010,"Point-and-click, Simulator, Adventure","Wii, Wii U"
12080,Valhalla Hills,valhalla-hills,78.3,3,50.0,2,2015,2010,"Real Time Strategy (RTS), Simulator, Strategy, Indie","Linux, PC (Microsoft Windows), iOS, Mac"
126459,Valorant,valorant,78.3,6,71.6,507,2020,2020,"Shooter, Tactical","Xbox Series X|S, PC (Microsoft Windows), PlayStation 5"
24837,Viking Squad,viking-squad,78.3,3,80.0,1,2016,2010,"Fighting, Hack and slash/Beat 'em up, Adventure, Indie, Arcade","PlayStation 4, PC (Microsoft Windows), Mac"
25675,Wild Guns Reloaded,wild-guns-reloaded,78.3,4,79.6,5,2016,2010,"Shooter, Arcade","PlayStation 4, PC (Microsoft Windows), Nintendo Switch"
115473,Airborne Kingdom,airborne-kingdom,78.2,5,70.0,12,2020,2020,"Role-playing (RPG), Simulator, Strategy, Adventure, Indie","Xbox Series X|S, PlayStation 4, PC (Microsoft Windows), PlayStation 5, Mac, Xbox One, Nintendo Switch"
22964,Assassin's Creed Origins: The Hidden Ones,assassins-creed-origins-the-hidden-ones,78.2,6,79.1,49,2018,2010,"Role-playing (RPG), Adventure","Xbox Series X|S, PlayStation 4, PC (Microsoft Windows), PlayStation 5, Xbox One"
618,Brothers in Arms: Hell's Highway,brothers-in-arms-hell-s-highway,78.2,5,72.2,87,2008,2000,"Shooter, Simulator, Strategy","PlayStation 3, PC (Microsoft Windows), Xbox 360"
306143,Donkey Kong Country Returns HD,donkey-kong-country-returns-hd,78.2,6,82.0,13,2025,2020,Platform,"Nintendo Switch 2, Nintendo Switch"
2131,Forza Motorsport 5,forza-motorsport-5,78.2,11,76.0,56,2013,2010,"Racing, Simulator, Sport",Xbox One
113378,Granblue Fantasy: Versus,granblue-fantasy-versus,78.2,9,77.3,21,2020,2020,"Fighting, Role-playing (RPG)","PlayStation 4, PC (Microsoft Windows)"
125624,Grounded,grounded,78.2,5,74.3,121,2022,2020,"Role-playing (RPG), Adventure","Xbox Series X|S, PlayStation 4, PC (Microsoft Windows), PlayStation 5, Xbox One, Nintendo Switch"
254328,Luigi's Mansion 2 HD,luigis-mansion-2-hd,78.2,5,69.5,16,2024,2020,"Puzzle, Adventure",Nintendo Switch
138949,Marvel's Spider-Man Remastered,marvels-spider-man-remastered,78.2,9,85.2,290,2020,2020,"Hack and slash/Beat 'em up, Adventure","PC (Microsoft Windows), PlayStation 5"
19009,Shadow Complex Remastered,shadow-complex-remastered,78.2,5,81.5,23,2016,2010,"Shooter, Platform, Adventure","PlayStation 4, PC (Microsoft Windows), Mac, Xbox One"
204547,Sunday Gold,sunday-gold,78.2,5,,,2022,2020,"Point-and-click, Puzzle, Role-playing (RPG), Turn-based strategy (TBS), Tactical, Adventure, Indie",PC (Microsoft Windows)
8259,Tacoma,tacoma,78.2,16,70.6,125,2017,2010,"Adventure, Indie","PlayStation 4, Linux, PC (Microsoft Windows), Mac, Xbox One"
150512,Two Point Campus,two-point-campus,78.2,5,69.8,31,2022,2020,"Simulator, Strategy, Indie","Xbox Series X|S, PlayStation 4, Linux, PC (Microsoft Windows), PlayStation 5, Mac, Xbox One, Nintendo Switch"
4576,X-Men Legends II: Rise of Apocalypse,x-men-legends-ii-rise-of-apocalypse,78.2,5,71.1,52,2005,2000,"Role-playing (RPG), Hack and slash/Beat 'em up","Xbox, Nintendo GameCube, PC (Microsoft Windows), PlayStation 2"
9214,Dragon Quest Heroes: The World Tree's Woe and the Blight Below,dragon-quest-heroes-the-world-trees-woe-and-the-blight-below--1,78.1,12,75.6,21,2015,2010,"Role-playing (RPG), Hack and slash/Beat 'em up","PlayStation 3, PlayStation 4, PC (Microsoft Windows)"
6415,Grid: Autosport,grid-autosport,78.1,13,61.7,59,2014,2010,"Racing, Simulator, Sport","PlayStation 3, Linux, Android, PC (Microsoft Windows), iOS, Mac, Xbox 360, Nintendo Switch"
25584,Knights and Bikes,knights-and-bikes,78.1,8,70.6,14,2019,2010,"Puzzle, Adventure, Indie","PlayStation 4, Linux, PC (Microsoft Windows), Mac, Xbox One, Nintendo Switch"
5333,Strider,strider,78.1,16,73.3,72,2014,2010,"Platform, Hack and slash/Beat 'em up, Adventure","PlayStation 3, PlayStation 4, PC (Microsoft Windows), Xbox 360, Xbox One"
144380,Aeterna Noctis,aeterna-noctis,78.0,5,,,2021,2020,"Platform, Puzzle, Adventure, Indie","Xbox Series X|S, PlayStation 4, PC (Microsoft Windows), PlayStation 5, Xbox One, Nintendo Switch"
125277,Alwa's Legacy,alwas-legacy,78.0,3,79.9,8,2020,2020,"Platform, Adventure, Indie","PlayStation 4, Linux, PC (Microsoft Windows), Mac, Nintendo Switch"
314943,Atelier Yumia: The Alchemist of Memories & the Envisioned Land,atelier-yumia-the-alchemist-of-memories-and-the-envisioned-land,78.0,3,78.0,7,2025,2020,"Role-playing (RPG), Adventure","Xbox Series X|S, PlayStation 4, Nintendo Switch 2, PC (Microsoft Windows), PlayStation 5, Xbox One, Nintendo Switch"
127269,Axiom Verge 2,axiom-verge-2,78.0,3,69.9,23,2021,2020,"Platform, Adventure, Indie","Xbox Series X|S, PlayStation 4, Linux, PC (Microsoft Windows), PlayStation 5, Xbox One, Nintendo Switch"
128934,Bartlow's Dread Machine,bartlows-dread-machine,78.0,3,,,2020,2020,"Shooter, Hack and slash/Beat 'em up","PC (Microsoft Windows), Xbox One"
19394,Blackwood Crossing,blackwood-crossing,78.0,6,88.8,26,2017,2010,"Adventure, Indie","PlayStation 4, PC (Microsoft Windows), Xbox One"
1015,BloodRayne,bloodrayne,78.0,3,75.2,148,2002,2000,"Hack and slash/Beat 'em up, Adventure","Xbox, Nintendo GameCube, PC (Microsoft Windows), Mac, PlayStation 2"
210624,Bounty Star,bounty-star,78.0,3,,,2025,2020,"Hack and slash/Beat 'em up, Adventure","Xbox Series X|S, PlayStation 4, PC (Microsoft Windows), PlayStation 5, Xbox One"
19948,Call of Duty: Black Ops III - Awakening,call-of-duty-black-ops-iii-awakening,78.0,3,,,2016,2010,Shooter,"PlayStation 3, PlayStation 4, PC (Microsoft Windows), Mac, Xbox 360, Xbox One"
1135,Castlevania: Lament of Innocence,castlevania-lament-of-innocence,78.0,3,79.4,55,2003,2000,"Hack and slash/Beat 'em up, Adventure","PlayStation 3, PlayStation 2"
26196,Crash Bandicoot N. Sane Trilogy,crash-bandicoot-n-sane-trilogy,78.0,18,82.0,371,2017,2010,"Platform, Adventure","PlayStation 4, PC (Microsoft Windows), Xbox One, Nintendo Switch"
20326,Deliver Us the Moon,deliver-us-the-moon,78.0,5,78.2,90,2019,2010,"Puzzle, Adventure, Indie","Google Stadia, Xbox Series X|S, PlayStation 4, PC (Microsoft Windows), PlayStation 5, Xbox One, Nintendo Switch"
114767,Dr. Mario World,dr-mario-world,78.0,3,62.4,13,2019,2010,Puzzle,"Android, iOS"
504,Fable III,fable-iii,78.0,8,68.6,277,2010,2010,"Role-playing (RPG), Simulator, Strategy, Hack and slash/Beat 'em up, Adventure","PC (Microsoft Windows), Xbox 360"
144028,Grapple Dog,grapple-dog,78.0,3,79.9,7,2022,2020,"Platform, Adventure, Indie, Arcade","Xbox Series X|S, PC (Microsoft Windows), Nintendo Switch"
8774,Grow Home,grow-home,78.0,6,71.6,110,2015,2010,"Platform, Adventure","PlayStation 4, Linux, PC (Microsoft Windows)"
3944,Harry Potter: Quidditch World Cup,harry-potter-quidditch-world-cup,78.0,3,70.8,74,2003,2000,Sport,"Xbox, Nintendo GameCube, PC (Microsoft Windows), PlayStation 2"
27339,Holy Potatoes! We're in Space?!,holy-potatoes-were-in-space,78.0,3,80.0,1,2017,2010,"Puzzle, Role-playing (RPG), Simulator, Strategy, Adventure, Indie","PlayStation 4, Linux, PC (Microsoft Windows), iOS, Mac, Nintendo Switch"
19297,Ken Follett's The Pillars of the Earth,ken-folletts-the-pillars-of-the-earth,78.0,10,81.3,52,2017,2010,"Point-and-click, Puzzle, Adventure, Indie, Visual Novel","PlayStation 4, Linux, PC (Microsoft Windows), iOS, Mac, Xbox One, Nintendo Switch"
21609,Killzone: Shadow Fall - Intercept,killzone-shadow-fall-intercept,78.0,3,,,2014,2010,Shooter,PlayStation 4
23537,MLB SlugFest: Loaded,mlb-slugfest-loaded,78.0,3,,,2004,2000,Sport,"Xbox, PlayStation 2"
13911,Mass Effect 3: Leviathan,mass-effect-3-leviathan,78.0,3,85.2,57,2012,2010,"Shooter, Role-playing (RPG), Tactical","PlayStation 3, PC (Microsoft Windows), Xbox 360"
119236,Moonlighter: Between Dimensions,moonlighter-between-dimensions,78.0,3,,,2019,2010,"Role-playing (RPG), Adventure, Indie","PlayStation 4, Linux, PC (Microsoft Windows), Mac, Xbox One, Nintendo Switch"
290911,Nobody Wants to Die,nobody-wants-to-die,78.0,3,73.9,77,2024,2020,"Role-playing (RPG), Adventure","Xbox Series X|S, PC (Microsoft Windows), PlayStation 5"
1002,Oddworld: Stranger's Wrath,oddworld-stranger-s-wrath,78.0,4,84.9,47,2005,2000,"Shooter, Platform, Adventure","Xbox, Ouya, Android, PC (Microsoft Windows), iOS"
1911,Path of Exile,path-of-exile,78.0,4,81.8,491,2013,2010,"Role-playing (RPG), Hack and slash/Beat 'em up, Adventure","PlayStation 4, PC (Microsoft Windows), PlayStation 5, Mac, Xbox One"
11445,Persona 4 Arena Ultimax,persona-4-arena-ultimax,78.0,9,78.7,41,2013,2010,"Fighting, Visual Novel","Arcade, PlayStation 3, PlayStation 4, PC (Microsoft Windows), Xbox 360, Nintendo Switch"
116137,Pirates Outlaws,pirates-outlaws,78.0,4,71.0,5,2019,2010,"Role-playing (RPG), Strategy, Adventure, Indie, Card & Board Game","PlayStation 4, Android, PC (Microsoft Windows), iOS, Mac, Xbox One, Nintendo Switch"
17990,Semispheres,semispheres,78.0,4,70.0,0,2017,2010,"Puzzle, Strategy, Indie","PlayStation 4, PC (Microsoft Windows), PlayStation Vita, Xbox One, Nintendo Switch"
5154,Shiren the Wanderer,shiren-the-wanderer,78.0,6,,,2008,2000,"Role-playing (RPG), Strategy",Wii
5607,Smite,smite,78.0,4,68.9,204,2014,2010,"Role-playing (RPG), Strategy, Adventure, MOBA","PlayStation 4, PC (Microsoft Windows), Mac, Xbox One, Nintendo Switch"
2191,Super Paper Mario,super-paper-mario,78.0,3,78.2,194,2007,2000,"Platform, Role-playing (RPG), Adventure","Wii, Wii U"
234256,The Crew: Motorfest,the-crew-motorfest,78.0,5,70.4,42,2023,2020,"Racing, Adventure","Xbox Series X|S, PlayStation 4, Nintendo Switch 2, PC (Microsoft Windows), PlayStation 5, Xbox One"
3976,The Maw,the-maw,78.0,4,68.4,16,2009,2000,"Platform, Puzzle, Strategy, Adventure, Indie, Arcade","PC (Microsoft Windows), Xbox 360"
127165,The Outlast Trials,the-outlast-trials,78.0,4,70.3,50,2024,2020,"Adventure, Indie","Xbox Series X|S, PlayStation 4, PC (Microsoft Windows), PlayStation 5, Xbox One"
75247,The Red Strings Club,the-red-strings-club,78.0,6,78.9,84,2018,2010,"Puzzle, Simulator, Adventure, Indie, Visual Novel","Linux, PC (Microsoft Windows), Mac, Nintendo Switch"
226505,The Star Named Eos,the-star-named-eos,78.0,3,,,2024,2020,"Puzzle, Adventure, Indie","Xbox Series X|S, Android, PC (Microsoft Windows), iOS, PlayStation 5, Mac, Nintendo Switch"
27785,Time Recoil,time-recoil,78.0,4,70.0,0,2017,2010,"Shooter, Sport, Adventure, Indie","PlayStation 4, Linux, Android, PC (Microsoft Windows), Mac, PlayStation Vita, Xbox One, Nintendo Switch"
110846,Trine 4: The Nightmare Prince,trine-4-the-nightmare-prince,78.0,8,74.0,79,2019,2010,"Platform, Puzzle, Adventure, Indie","Google Stadia, PlayStation 4, PC (Microsoft Windows), Xbox One, Nintendo Switch"
250626,Ultros,ultros,78.0,4,54.4,8,2024,2020,"Platform, Adventure, Indie","Xbox Series X|S, PlayStation 4, PC (Microsoft Windows), PlayStation 5, Nintendo Switch"
284721,Until Dawn,until-dawn--1,78.0,5,80.8,66,2024,2020,Adventure,"PC (Microsoft Windows), PlayStation 5"
213741,Vengeful Guardian: Moonrider,vengeful-guardian-moonrider,78.0,3,78.4,5,2023,2020,"Platform, Hack and slash/Beat 'em up, Adventure, Indie, Arcade","PlayStation 4, PC (Microsoft Windows), PlayStation 5, Nintendo Switch"
7252,WWE SmackDown vs. Raw 2007,wwe-smackdown-vs-raw-2007,78.0,7,74.1,71,2006,2000,"Fighting, Sport","PlayStation Portable, Xbox 360, PlayStation 2"
135998,"Warhammer 40,000: Darktide",warhammer-40000-darktide,78.0,5,71.2,67,2022,2020,"Shooter, Role-playing (RPG), Adventure, Indie","Xbox Series X|S, PC (Microsoft Windows), PlayStation 5"
578,"Warhammer 40,000: Space Marine",warhammer-40-000-space-marine,78.0,6,74.9,195,2011,2010,"Shooter, Role-playing (RPG)","PlayStation 3, PC (Microsoft Windows), Xbox 360"
93746,Warriors Orochi 4,warriors-orochi-4,78.0,5,70.1,9,2018,2010,"Role-playing (RPG), Tactical, Hack and slash/Beat 'em up","PlayStation 4, PC (Microsoft Windows), Xbox One, Nintendo Switch"
8904,Westerado: Double Barreled,westerado-double-barreled,78.0,5,76.8,27,2015,2010,"Role-playing (RPG), Adventure, Indie","PC (Microsoft Windows), Mac, Xbox One"
132139,XCOM: Chimera Squad,xcom-chimera-squad,78.0,9,70.7,46,2020,2020,"Strategy, Turn-based strategy (TBS), Tactical",PC (Microsoft Windows)
5326,Your Shape: Fitness Evolved,your-shape-fitness-evolved,78.0,3,75.0,4,2010,2010,Sport,Xbox 360
5485,Anarchy Reigns,anarchy-reigns,77.9,7,67.1,14,2012,2010,"Fighting, Hack and slash/Beat 'em up","PlayStation 3, Xbox 360"
81123,Batman: The Enemy Within - Episode 4: What Ails You,batman-the-enemy-within-episode-4-what-ails-you,77.9,7,,,2018,2010,"Point-and-click, Adventure","PlayStation 4, Android, PC (Microsoft Windows), iOS, Mac, Xbox One"
12511,Battle Chasers: Nightwar,battle-chasers-nightwar,77.9,11,78.7,59,2017,2010,"Role-playing (RPG), Strategy, Turn-based strategy (TBS), Indie","PlayStation 4, Linux, Android, PC (Microsoft Windows), iOS, Mac, Xbox One, Nintendo Switch"
5592,Bit.Trip Presents... Runner2: Future Legend of Rhythm Alien,bit-dot-trip-presents-dot-dot-dot-runner2-future-legend-of-rhythm-alien,77.9,10,72.9,49,2013,2010,"Music, Platform, Adventure, Indie, Arcade","PlayStation 3, PlayStation 4, Linux, PC (Microsoft Windows), iOS, Mac, Wii U, PlayStation Vita, Xbox 360, Nintendo Switch"
303808,Dynasty Warriors: Origins,dynasty-warriors-origins,77.9,7,76.9,13,2025,2020,"Role-playing (RPG), Strategy, Hack and slash/Beat 'em up","Xbox Series X|S, Nintendo Switch 2, PC (Microsoft Windows), PlayStation 5"
18927,Hue,hue,77.9,16,70.0,101,2016,2010,"Platform, Puzzle, Adventure, Indie","PlayStation 4, Linux, PC (Microsoft Windows), Mac, PlayStation Vita, Xbox One, Nintendo Switch"
7330,LittleBigPlanet 3,littlebigplanet-3,77.9,10,71.9,121,2014,2010,"Platform, Adventure","PlayStation 3, PlayStation 4"
1113,Metroid: Other M,metroid-other-m,77.9,5,72.4,80,2010,2010,"Shooter, Platform, Adventure","Wii, Wii U"
26970,Minit,minit,77.9,7,72.3,125,2018,2010,"Puzzle, Role-playing (RPG), Adventure, Indie","PlayStation 4, Linux, Android, PC (Microsoft Windows), iOS, Mac, Xbox One, Nintendo Switch"
14390,Outlast II,outlast-ii,77.9,17,70.2,247,2017,2010,"Adventure, Indie","PlayStation 4, PC (Microsoft Windows), Mac, Xbox One, Nintendo Switch"
1247,Tekken 6,tekken-6,77.9,9,75.0,172,2007,2000,Fighting,"Arcade, PlayStation 3, PlayStation Portable, Xbox 360"
874,Tom Clancy's Splinter Cell: Pandora Tomorrow,tom-clancy-s-splinter-cell-pandora-tomorrow,77.9,6,82.1,241,2004,2000,"Shooter, Tactical","Xbox, Nintendo GameCube, PC (Microsoft Windows), Xbox One, PlayStation 2"
8658,Toukiden: The Age of Demons,toukiden-the-age-of-demons,77.9,7,,,2013,2010,Role-playing (RPG),"PlayStation Vita, PlayStation Portable"
119391,Trials of Mana,trials-of-mana,77.9,10,76.0,42,2020,2020,"Role-playing (RPG), Adventure","Xbox Series X|S, PlayStation 4, Android, PC (Microsoft Windows), iOS, Nintendo Switch"
20058,Warriors Orochi 3: Ultimate,warriors-orochi-3-ultimate,77.9,8,69.7,8,2014,2010,Hack and slash/Beat 'em up,"PlayStation 3, PlayStation 4, PlayStation Vita, Xbox One, Nintendo Switch"
28794,Ancestors Legacy,ancestors-legacy,77.8,5,70.9,15,2018,2010,"Real Time Strategy (RTS), Strategy, Tactical","PlayStation 4, PC (Microsoft Windows), Xbox One, Nintendo Switch"
128769,Captain Tsubasa: Rise of New Champions,captain-tsubasa-rise-of-new-champions,77.8,5,69.8,18,2020,2020,"Role-playing (RPG), Sport, Arcade","PlayStation 4, PC (Microsoft Windows), Nintendo Switch"
119372,Circuit Superstars,circuit-superstars,77.8,4,70.1,5,2021,2020,"Racing, Simulator, Sport, Adventure, Indie, Arcade","Xbox Series X|S, PlayStation 4, PC (Microsoft Windows), Xbox One, Nintendo Switch"
114009,Dragon Ball Z: Kakarot,dragon-ball-z-kakarot,77.8,12,71.7,96,2020,2020,"Role-playing (RPG), Hack and slash/Beat 'em up, Adventure","Google Stadia, Xbox Series X|S, PlayStation 4, PC (Microsoft Windows), PlayStation 5, Xbox One, Nintendo Switch"
1570,Jet Set Radio Future,jet-set-radio-future,77.8,4,83.4,63,2002,2000,"Music, Platform, Racing, Sport",Xbox
79802,Kaze and the Wild Masks,kaze-and-the-wild-masks,77.8,5,70.5,23,2021,2020,"Platform, Adventure, Indie, Arcade","Google Stadia, PlayStation 4, PC (Microsoft Windows), Xbox One, Nintendo Switch"
14159,Kingdom Hearts HD 2.8 Final Chapter Prologue,kingdom-hearts-hd-2-dot-8-final-chapter-prologue,77.8,18,71.7,44,2017,2010,"Role-playing (RPG), Adventure","Xbox Series X|S, PlayStation 4, Nintendo Switch 2, PC (Microsoft Windows), PlayStation 5, Xbox One"
3185,Madden NFL 25,madden-nfl-25,77.8,9,70.0,14,2013,2010,"Sport, Tactical","PlayStation 4, Xbox One"
314276,Mafia: The Old Country,mafia-the-old-country,77.8,6,76.3,118,2025,2020,"Shooter, Adventure","Xbox Series X|S, PC (Microsoft Windows), PlayStation 5"
21569,Ninja Gaiden Sigma Plus,ninja-gaiden-sigma-plus,77.8,5,,,2012,2010,"Hack and slash/Beat 'em up, Adventure",PlayStation Vita
102058,Outriders,outriders,77.8,12,74.1,87,2021,2020,"Shooter, Role-playing (RPG), Adventure","Google Stadia, Xbox Series X|S, PlayStation 4, PC (Microsoft Windows), PlayStation 5, Xbox One"
11064,Shadow Warrior 2,shadow-warrior-2,77.8,17,74.7,125,2016,2010,"Shooter, Puzzle, Role-playing (RPG), Adventure","PlayStation 4, Linux, PC (Microsoft Windows), Mac, Xbox One"
21570,Tekken Hybrid,tekken-hybrid,77.8,4,60.3,6,2011,2010,"Fighting, Sport, Hack and slash/Beat 'em up",PlayStation 3
54565,Tempest 4000,tempest-4000,77.8,4,50.0,2,2018,2010,"Shooter, Music, Puzzle, Arcade","PlayStation 4, PC (Microsoft Windows), Xbox One, Nintendo Switch"
138375,The Jackbox Party Pack 7,the-jackbox-party-pack-7,77.8,5,79.1,26,2020,2020,"Puzzle, Strategy, Quiz/Trivia, Indie","Amazon Fire TV, Google Stadia, Xbox Series X|S, PlayStation 4, Linux, Android, PC (Microsoft Windows), iOS, PlayStation 5, Mac, Xbox One, Nintendo Switch"
7468,Tom Clancy's EndWar,tom-clancy-s-endwar,77.8,5,63.8,22,2008,2000,"Real Time Strategy (RTS), Simulator, Strategy, Turn-based strategy (TBS)","PlayStation 3, PC (Microsoft Windows), PlayStation Portable, Xbox 360, Nintendo DS"
27518,World to the West,world-to-the-west,77.8,4,70.0,4,2017,2010,"Puzzle, Role-playing (RPG), Adventure, Indie","PlayStation 4, Linux, PC (Microsoft Windows), Mac, Wii U, Xbox One, Nintendo Switch"
3772,Wreckfest,wreckfest,77.8,13,73.1,138,2018,2010,"Racing, Sport, Indie","Google Stadia, PlayStation 4, Android, PC (Microsoft Windows), iOS, PlayStation 5, Xbox One, Nintendo Switch"
86268,XCOM 2 Collection,xcom-2-collection,77.8,4,88.3,18,2018,2010,"Role-playing (RPG), Strategy, Turn-based strategy (TBS), Tactical","PlayStation 4, Linux, Android, PC (Microsoft Windows), iOS, Mac, Xbox One, Nintendo Switch"
55056,Age of Empires II: Definitive Edition,age-of-empires-ii-definitive-edition,77.7,3,88.6,192,2019,2010,"Real Time Strategy (RTS), Strategy","Xbox Series X|S, PC (Microsoft Windows), PlayStation 5, Mac, Xbox One"
6063,Ape Escape 2,ape-escape-2,77.7,3,82.5,41,2002,2000,"Platform, Adventure","PlayStation 4, PlayStation 2"
26759,Arms,arms,77.7,15,69.7,68,2017,2010,Fighting,"Nintendo Switch 2, Nintendo Switch"
997,Army of Two: The 40th Day,army-of-two-the-40th-day,77.7,3,65.8,58,2010,2010,"Shooter, Tactical","PlayStation 3, PlayStation Portable, Xbox 360"
4707,Batman: The Brave and the Bold - The Videogame,batman-the-brave-and-the-bold-the-videogame,77.7,3,68.6,11,2010,2010,"Platform, Hack and slash/Beat 'em up",Wii
91033,Batman: The Enemy Within - Episode 1: The Enigma,batman-the-enemy-within-episode-1-the-enigma,77.7,11,,,2017,2010,"Point-and-click, Adventure","PlayStation 4, Android, PC (Microsoft Windows), iOS, Mac, Xbox One"
191745,Capcom Fighting Collection,capcom-fighting-collection,77.7,6,89.8,8,2022,2020,"Fighting, Puzzle, Arcade","PlayStation 4, PC (Microsoft Windows), Xbox One, Nintendo Switch"
1369,Company of Heroes 2,company-of-heroes-2,77.7,11,79.0,130,2013,2010,"Real Time Strategy (RTS), Simulator, Strategy","Linux, PC (Microsoft Windows), Mac"
21727,Dragon Quest Monsters: Joker 2,dragon-quest-monsters-joker-2,77.7,3,77.5,5,2010,2010,"Role-playing (RPG), Adventure",Nintendo DS
7596,Eufloria,eufloria,77.7,6,70.6,14,2009,2000,"Real Time Strategy (RTS), Strategy, Indie","BlackBerry OS, PlayStation 3, Linux, Android, PC (Microsoft Windows), iOS, Mac, PlayStation Vita"
132422,Fights in Tight Spaces,fights-in-tight-spaces,77.7,3,80.2,16,2021,2020,"Fighting, Strategy, Turn-based strategy (TBS), Tactical, Indie, Card & Board Game","PlayStation 4, PC (Microsoft Windows), Xbox One, Nintendo Switch"
26179,Full Throttle Remastered,full-throttle-remastered,77.7,10,79.9,92,2017,2010,"Point-and-click, Adventure","PlayStation 4, Linux, PC (Microsoft Windows), iOS, Mac, PlayStation Vita, Xbox One"
16605,Gears of War: Ultimate Edition,gears-of-war-ultimate-edition--1,77.7,18,79.9,121,2015,2010,Shooter,"PC (Microsoft Windows), Xbox One"
989,Halo 3: ODST,halo-3-odst,77.7,6,75.5,402,2009,2000,Shooter,"PC (Microsoft Windows), Xbox 360, Xbox One"
3256,Just Dance 2014,just-dance-2014,77.7,6,79.2,27,2013,2010,Music,"PlayStation 3, PlayStation 4, Wii, Wii U, Xbox 360, Xbox One"
9174,Little Nightmares,little-nightmares,77.7,18,80.7,739,2017,2010,"Platform, Puzzle, Adventure, Indie","Google Stadia, PlayStation 4, Android, PC (Microsoft Windows), iOS, Xbox One, Nintendo Switch"
314260,Lost Records: Bloom & Rage - Tape 1,lost-records-bloom-and-rage-tape-1,77.7,3,,,2025,2020,,"Xbox Series X|S, PC (Microsoft Windows), PlayStation 5"
373,Might & Magic: Heroes VI,might-magic-heroes-vi,77.7,3,73.6,102,2011,2010,"Role-playing (RPG), Strategy, Turn-based strategy (TBS)",PC (Microsoft Windows)
19621,Naruto: Ultimate Ninja 2,naruto-ultimate-ninja-2,77.7,3,70.0,40,2004,2000,Fighting,PlayStation 2
236697,Natsu-Mon: 20th Century Summer Kid,natsu-mon-20th-century-summer-kid,77.7,3,,,2023,2020,Adventure,"PC (Microsoft Windows), Nintendo Switch"
145515,Pac-Man 99,pac-man-99,77.7,3,78.0,17,2021,2020,Arcade,Nintendo Switch
16287,Slime Rancher,slime-rancher,77.7,3,75.0,250,2017,2010,"Shooter, Simulator, Strategy, Adventure, Indie","PlayStation 4, Linux, PC (Microsoft Windows), Mac, Xbox One"
204692,Summum Aeterna,summum-aeterna,77.7,3,,,2023,2020,"Platform, Hack and slash/Beat 'em up, Adventure, Indie","Xbox Series X|S, PlayStation 4, PC (Microsoft Windows), PlayStation 5, Xbox One, Nintendo Switch"
4966,The Last Story,the-last-story,77.7,6,77.0,28,2011,2010,"Role-playing (RPG), Tactical",Wii
305004,The Thing: Remastered,the-thing-remastered,77.7,3,69.0,14,2024,2020,"Shooter, Adventure","Xbox Series X|S, PlayStation 4, PC (Microsoft Windows), PlayStation 5, Xbox One, Nintendo Switch"
127107,The Wolf Among Us: Episode 1 - Faith,the-wolf-among-us-episode-1-faith,77.7,7,70.0,5,2013,2010,"Point-and-click, Adventure","PlayStation 3, PlayStation 4, PC (Microsoft Windows), Mac, Xbox 360"
1591,ZombiU,zombiu,77.7,10,72.5,37,2012,2010,"Shooter, Adventure",Wii U
57693,Dead Rising 4: Frank's Big Package,dead-rising-4-franks-big-package,77.6,5,,,2017,2010,"Shooter, Hack and slash/Beat 'em up, Adventure","PlayStation 4, PC (Microsoft Windows)"
14362,Detroit: Become Human,detroit-become-human--1,77.6,13,82.4,1295,2018,2010,Adventure,"PlayStation 4, PC (Microsoft Windows)"
4836,Excitebots: Trick Racing,excitebots-trick-racing,77.6,5,58.1,5,2009,2000,Racing,"Wii, Wii U"
21580,Hitman Go: Definitive Edition,hitman-go-definitive-edition,77.6,8,70.8,22,2016,2010,"Puzzle, Strategy, Turn-based strategy (TBS)","PlayStation 4, Linux, PC (Microsoft Windows), PlayStation Vita"
1311,Medal of Honor: European Assault,medal-of-honor-european-assault,77.6,5,73.6,50,2005,2000,Shooter,"Xbox, Nintendo GameCube, PlayStation 2"
287854,Super Monkey Ball: Banana Rumble,super-monkey-ball-banana-rumble,77.6,5,73.9,8,2024,2020,"Platform, Adventure, Arcade",Nintendo Switch
9183,The Evil Within: The Assignment,the-evil-within-the-assignment,77.6,5,71.7,47,2015,2010,"Role-playing (RPG), Adventure","PlayStation 3, PlayStation 4, PC (Microsoft Windows), Xbox 360, Xbox One"
911,Tom Clancy's Splinter Cell: Chaos Theory,tom-clancy-s-splinter-cell-chaos-theory,77.6,5,84.8,358,2005,2000,"Shooter, Tactical","Xbox, Nintendo GameCube, PC (Microsoft Windows), PlayStation 2"
26567,Touhou Genso Wanderer,touhou-genso-wanderer,77.6,5,,,2015,2010,"Role-playing (RPG), Adventure, Indie","PlayStation 4, PC (Microsoft Windows), PlayStation Vita"
107203,Windjammers 2,windjammers-2,77.6,7,56.2,18,2022,2020,"Fighting, Sport, Strategy, Indie, Arcade","Google Stadia, PlayStation 4, PC (Microsoft Windows), Xbox One, Nintendo Switch"
4680,Ashes Cricket 2009,ashes-cricket-2009,77.5,4,61.2,8,2009,2000,Sport,"PlayStation 3, Wii, PC (Microsoft Windows), Xbox 360"
7275,Atelier Rorona: The Alchemist of Arland,atelier-rorona-the-alchemist-of-arland,77.5,8,88.7,22,2009,2000,Role-playing (RPG),PlayStation 3
19923,Attack of the Friday Monsters! A Tokyo Tale,attack-of-the-friday-monsters-a-tokyo-tale,77.5,4,67.1,10,2013,2010,"Simulator, Adventure",Nintendo 3DS
11318,Corpse Party: Book of Shadows,corpse-party-book-of-shadows,77.5,4,69.8,16,2011,2010,"Point-and-click, Adventure, Visual Novel","PC (Microsoft Windows), iOS, PlayStation Portable"
13677,Downwell,downwell,77.5,8,74.1,121,2015,2010,"Shooter, Platform, Adventure, Indie, Arcade","PlayStation 4, Android, PC (Microsoft Windows), iOS, PlayStation Vita, Nintendo Switch"
3043,Dungeon Defenders,dungeon-defenders,77.5,4,70.2,71,2010,2010,"Role-playing (RPG), Strategy, Adventure, Indie","PlayStation 3, Linux, Android, PC (Microsoft Windows), iOS, Mac, Xbox 360"
137427,Earth Defense Force 6,earth-defense-force-6,77.5,4,70.0,6,2022,2020,Shooter,"PlayStation 4, Nintendo Switch 2, PC (Microsoft Windows), PlayStation 5"
27547,Fire Pro Wrestling World,fire-pro-wrestling-world,77.5,4,72.9,17,2017,2010,"Fighting, Simulator, Sport","PlayStation 4, PC (Microsoft Windows)"
16170,Greed Corp,greed-corp,77.5,4,71.0,5,2010,2010,"Puzzle, Strategy, Turn-based strategy (TBS)","PlayStation 3, Linux, Android, PC (Microsoft Windows), iOS, Mac, Xbox 360"
93904,Life is Strange: Episode 3 - Chaos Theory,life-is-strange-episode-3-chaos-theory,77.5,4,80.0,8,2015,2010,"Role-playing (RPG), Adventure","PlayStation 3, PlayStation 4, PC (Microsoft Windows), Xbox One"
93915,Life is Strange: Episode 5 - Polarized,life-is-strange-episode-5-polarized,77.5,6,78.9,8,2015,2010,"Role-playing (RPG), Adventure","PlayStation 3, PlayStation 4, PC (Microsoft Windows), Xbox One"
116585,Marvel's Iron Man VR,marvels-iron-man-vr,77.5,11,70.0,6,2020,2020,"Shooter, Adventure","Meta Quest 2, PlayStation VR, Oculus Quest"
115459,Mechstermination Force,mechstermination-force,77.5,4,78.0,2,2019,2010,"Shooter, Platform, Indie, Arcade","PlayStation 4, PC (Microsoft Windows), Xbox One, Nintendo Switch"
198294,Outriders: Worldslayer,outriders-worldslayer,77.5,4,,,2022,2020,"Shooter, Role-playing (RPG), Adventure","Xbox Series X|S, PlayStation 4, PC (Microsoft Windows), PlayStation 5, Xbox One"
103300,Prey: Mooncrash,prey-mooncrash,77.5,4,78.3,33,2018,2010,"Shooter, Adventure","PlayStation 4, PC (Microsoft Windows), Xbox One"
11743,Ray Gigant,ray-gigant,77.5,4,50.0,1,2015,2010,"Role-playing (RPG), Adventure, Visual Novel","PC (Microsoft Windows), PlayStation Vita"
127358,Ruined King: A League of Legends Story,ruined-king-a-league-of-legends-story,77.5,4,77.4,29,2021,2020,"Role-playing (RPG), Turn-based strategy (TBS), Adventure, Indie","Xbox Series X|S, PlayStation 4, PC (Microsoft Windows), PlayStation 5, Xbox One, Nintendo Switch"
3277,Rust,rust,77.5,4,68.8,275,2018,2010,"Shooter, Role-playing (RPG), Adventure, Indie","PC (Microsoft Windows), Mac"
8354,Splosion Man,splosion-man,77.5,4,77.8,31,2009,2000,Platform,Xbox 360
15925,"That Dragon, Cancer",that-dragon-cancer,77.5,6,75.1,28,2016,2010,"Point-and-click, Puzzle, Simulator, Adventure, Indie","Ouya, Linux, Android, PC (Microsoft Windows), iOS, Mac"
7302,The Eye of Judgment,the-eye-of-judgment,77.5,4,58.6,5,2007,2000,"Strategy, Turn-based strategy (TBS), Card & Board Game",PlayStation 3
19802,The Guided Fate Paradox,the-guided-fate-paradox,77.5,4,,,2013,2010,"Role-playing (RPG), Strategy",PlayStation 3
19082,The Jackbox Party Pack 3,the-jackbox-party-pack-3,77.5,6,81.6,82,2016,2010,"Puzzle, Strategy, Quiz/Trivia, Indie","Amazon Fire TV, PlayStation 4, Linux, Android, PC (Microsoft Windows), iOS, Mac, Xbox One, Nintendo Switch"
27531,Tokyo Dark,tokyo-dark,77.5,6,79.3,10,2017,2010,"Point-and-click, Puzzle, Adventure, Indie, Visual Novel","PC (Microsoft Windows), Mac, Nintendo Switch"
3101,Wasteland 2,wasteland-2,77.5,10,73.9,86,2014,2010,"Role-playing (RPG), Strategy, Turn-based strategy (TBS), Adventure, Indie","PlayStation 4, Linux, PC (Microsoft Windows), Mac, Xbox One"
140174,Assassin's Creed Valhalla: Wrath of the Druids,assassins-creed-valhalla-wrath-of-the-druids,77.4,8,71.4,24,2021,2020,"Role-playing (RPG), Adventure","Xbox Series X|S, PlayStation 4, PC (Microsoft Windows), PlayStation 5, Xbox One"
83728,Battlefield V,battlefield-v,77.4,17,70.7,420,2018,2010,Shooter,"PlayStation 4, PC (Microsoft Windows), Xbox One"
119507,Destiny 2: Shadowkeep,destiny-2-shadowkeep,77.4,7,69.7,30,2019,2010,"Shooter, Adventure","Google Stadia, PlayStation 4, PC (Microsoft Windows), PlayStation 5, Xbox One"
9267,EVE: Valkyrie,eve-valkyrie,77.4,8,60.1,6,2016,2010,Simulator,"Oculus VR, PlayStation 4, PlayStation VR, PC (Microsoft Windows), SteamVR, Oculus Rift"
4969,LEGO The Lord of the Rings,lego-the-lord-of-the-rings,77.4,9,74.9,206,2012,2010,Adventure,"PlayStation 3, Wii, Android, PC (Microsoft Windows), iOS, Mac, Xbox 360"
4974,Little King's Story,little-king-s-story,77.4,5,70.8,8,2009,2000,"Real Time Strategy (RTS), Role-playing (RPG), Simulator, Strategy","Wii, PC (Microsoft Windows)"
119285,Lost in Random,lost-in-random,77.4,7,70.1,43,2021,2020,"Role-playing (RPG), Adventure, Indie","Xbox Series X|S, PlayStation 4, PC (Microsoft Windows), PlayStation 5, Xbox One, Nintendo Switch"
134599,NBA 2K21,nba-2k21,77.4,11,71.2,47,2020,2020,"Simulator, Sport","Google Stadia, Xbox Series X|S, PlayStation 4, PC (Microsoft Windows), PlayStation 5, Xbox One, Nintendo Switch"
113212,Operencia: The Stolen Sun,operencia-the-stolen-sun,77.4,5,55.0,11,2019,2010,"Role-playing (RPG), Turn-based strategy (TBS), Adventure, Indie","PlayStation 4, PlayStation VR, PC (Microsoft Windows), SteamVR, Xbox One, Nintendo Switch"
23240,Pac-Man Championship Edition 2,pac-man-championship-edition-2,77.4,14,77.5,17,2016,2010,"Puzzle, Arcade","PlayStation 4, PC (Microsoft Windows), Xbox One"
117717,Planet Zoo,planet-zoo,77.4,9,76.0,74,2019,2010,"Simulator, Strategy",PC (Microsoft Windows)
36794,Pokkén Tournament DX,pokken-tournament-dx,77.4,12,79.5,27,2017,2010,"Fighting, Arcade",Nintendo Switch
36595,Sakuna: Of Rice and Ruin,sakuna-of-rice-and-ruin,77.4,7,89.7,14,2020,2020,"Platform, Role-playing (RPG), Simulator, Hack and slash/Beat 'em up, Adventure, Indie","PlayStation 4, PC (Microsoft Windows), Nintendo Switch"
152065,Salt and Sacrifice,salt-and-sacrifice,77.4,5,73.8,13,2022,2020,"Platform, Role-playing (RPG), Adventure","PlayStation 4, PC (Microsoft Windows), PlayStation 5, Nintendo Switch"
27666,Sine Mora EX,sine-mora-ex,77.4,5,69.3,19,2017,2010,"Shooter, Arcade","PlayStation 4, PC (Microsoft Windows), Xbox One, Nintendo Switch"
7189,Sonic's Ultimate Genesis Collection,sonic-s-ultimate-genesis-collection,77.4,5,85.7,21,2009,2000,"Shooter, Platform, Puzzle, Role-playing (RPG), Arcade","PlayStation 3, Xbox 360"
27030,The Elder Scrolls Online: Morrowind,the-elder-scrolls-online-morrowind,77.4,8,79.9,18,2017,2010,Role-playing (RPG),"PlayStation 4, PC (Microsoft Windows), Mac, Xbox One"
3015,The Walking Dead: 400 Days,the-walking-dead-400-days,77.4,5,70.9,265,2013,2010,"Point-and-click, Adventure","PlayStation 3, PC (Microsoft Windows), Mac, PlayStation Vita, Xbox 360"
119422,eFootball PES 2020,efootball-pes-2020,77.4,7,69.0,65,2019,2010,"Simulator, Sport","PlayStation 4, PC (Microsoft Windows), Xbox One"
18686,10 Second Ninja X,10-second-ninja-x,77.3,9,65.4,36,2016,2010,"Fighting, Platform, Puzzle, Indie, Arcade","PlayStation 4, PC (Microsoft Windows), iOS, PlayStation Vita, Xbox One, Nintendo Switch"
20471,Anarcute,anarcute,77.3,4,61.6,7,2016,2010,"Fighting, Simulator, Strategy, Adventure, Indie","PlayStation 4, PC (Microsoft Windows), Xbox One, Nintendo Switch"
119061,Atelier Ryza: Ever Darkness & the Secret Hideout,atelier-ryza-ever-darkness-and-the-secret-hideout,77.3,7,80.0,32,2019,2010,"Role-playing (RPG), Adventure","PlayStation 4, PC (Microsoft Windows), Nintendo Switch"
348180,Beast of Reincarnation,beast-of-reincarnation,77.3,4,85.5,16,2026,2020,"Role-playing (RPG), Adventure","Xbox Series X|S, PC (Microsoft Windows), PlayStation 5"
55042,Blazing Chrome,blazing-chrome,77.3,8,79.3,45,2019,2010,"Shooter, Platform, Indie, Arcade","PlayStation 4, PC (Microsoft Windows), Xbox One, Nintendo Switch"
21843,Corpse Party,corpse-party,77.3,8,77.6,36,2010,2010,"Puzzle, Role-playing (RPG), Adventure, Indie, Visual Novel","iOS, PlayStation Portable"
27667,Cosmic Star Heroine,cosmic-star-heroine,77.3,6,83.0,16,2017,2010,"Role-playing (RPG), Adventure, Indie","Google Stadia, PlayStation 4, PC (Microsoft Windows), PlayStation Vita, Xbox One, Nintendo Switch"
116650,Cyber Shadow,cyber-shadow,77.3,11,73.2,26,2021,2020,"Platform, Hack and slash/Beat 'em up, Adventure, Indie, Arcade","PlayStation 4, Linux, PC (Microsoft Windows), PlayStation 5, Mac, Xbox One, Nintendo Switch"
120302,Death End Re;Quest 2,death-end-re-quest-2,77.3,3,,,2020,2020,"Role-playing (RPG), Adventure","PlayStation 4, PC (Microsoft Windows), Nintendo Switch"
216278,Disney Illusion Island,disney-illusion-island,77.3,6,66.9,6,2023,2020,"Platform, Adventure","Xbox Series X|S, PC (Microsoft Windows), PlayStation 5, Nintendo Switch"
1940,Driveclub,driveclub,77.3,11,72.7,103,2014,2010,Racing,PlayStation 4
353848,EA Sports FC 26,ea-sports-fc-26,77.3,4,52.5,41,2025,2020,"Simulator, Sport","Xbox Series X|S, PlayStation 4, Nintendo Switch 2, PC (Microsoft Windows), PlayStation 5, Xbox One, Nintendo Switch"
6987,El Shaddai: Ascension of the Metatron,el-shaddai-ascension-of-the-metatron,77.3,3,80.1,25,2011,2010,"Platform, Hack and slash/Beat 'em up, Adventure","PlayStation 3, Xbox 360"
109273,Everybody's Golf VR,everybodys-golf-vr,77.3,3,,,2019,2010,"Simulator, Sport",PlayStation VR
22455,Gary Grigsby's World At War,gary-grigsbys-world-at-war,77.3,3,,,2005,2000,Strategy,PC (Microsoft Windows)
3502,Gauntlet,gauntlet,77.3,3,70.0,47,1985,1980,"Hack and slash/Beat 'em up, Arcade","Arcade, Apple IIGS, Atari 8-bit, Commodore C64/128/MAX, ZX Spectrum, Atari ST/STE, Mac, DOS, Apple II, Xbox 360, Amstrad CPC, Sega Master System/Mark III, MSX"
14363,Gran Turismo Sport,gran-turismo-sport,77.3,8,74.3,107,2017,2010,"Racing, Simulator, Sport","PlayStation 4, PlayStation VR"
4894,Grand Slam Tennis,grand-slam-tennis,77.3,3,69.6,7,2009,2000,Sport,Wii
18492,In Between,in-between,77.3,4,70.0,3,2015,2010,"Platform, Puzzle, Adventure, Indie","PlayStation 4, Linux, Android, PC (Microsoft Windows), iOS, Mac, Xbox One"
18088,Insurgency: Sandstorm,insurgency-sandstorm,77.3,6,74.1,46,2018,2010,"Shooter, Simulator, Strategy","Xbox Series X|S, PlayStation 4, PC (Microsoft Windows), PlayStation 5, Xbox One"
12596,Job Simulator: The 2050 Archives,job-simulator-the-2050-archives,77.3,9,71.2,32,2016,2010,Simulator,"Meta Quest 2, PlayStation VR2, Windows Mixed Reality, PlayStation VR, visionOS, SteamVR, Oculus Rift, Oculus Quest"
116540,Life is Strange 2: Episode 3 - Wastelands,life-is-strange-2-episode-3-wastelands,77.3,6,79.9,5,2019,2010,Adventure,"PlayStation 4, Linux, PC (Microsoft Windows), Mac, Xbox One"
90109,Luigi's Mansion,luigis-mansion,77.3,7,83.8,32,2018,2010,Adventure,Nintendo 3DS
9692,Monster Hunter Stories,monster-hunter-stories,77.3,9,79.8,15,2016,2010,"Role-playing (RPG), Adventure","Nintendo 3DS, Android, iOS"
114285,NBA 2K20,nba-2k20,77.3,8,71.3,65,2019,2010,"Simulator, Sport","Google Stadia, PlayStation 4, PC (Microsoft Windows), iOS, Xbox One, Nintendo Switch"
329130,Ninja Gaiden 4,ninja-gaiden-4,77.3,4,79.6,24,2025,2020,"Hack and slash/Beat 'em up, Adventure","Xbox Series X|S, PC (Microsoft Windows), PlayStation 5"
16607,Overland,overland,77.3,3,60.2,11,2019,2010,"Strategy, Turn-based strategy (TBS), Tactical, Indie","PlayStation 4, Linux, PC (Microsoft Windows), iOS, PlayStation 5, Mac, Xbox One, Nintendo Switch"
2742,Project Spark,project-spark,77.3,4,49.8,7,2014,2010,"Platform, Strategy, Adventure","PC (Microsoft Windows), Xbox 360, Xbox One"
137132,Puyo Puyo Tetris 2,puyo-puyo-tetris-2,77.3,6,76.5,18,2020,2020,"Puzzle, Strategy, Arcade","Xbox Series X|S, PlayStation 4, PC (Microsoft Windows), PlayStation 5, Xbox One, Nintendo Switch"
96394,Record of Lodoss War: Deedlit in Wonder Labyrinth,record-of-lodoss-war-deedlit-in-wonder-labyrinth,77.3,3,79.8,29,2021,2020,"Platform, Role-playing (RPG), Hack and slash/Beat 'em up, Adventure, Indie","Xbox Series X|S, PlayStation 4, PC (Microsoft Windows), PlayStation 5, Xbox One, Nintendo Switch"
1935,Rift: Storm Legion,rift-storm-legion,77.3,3,,,2012,2010,Role-playing (RPG),PC (Microsoft Windows)
119373,SaGa: Scarlet Grace - Ambitions,saga-scarlet-grace-ambitions,77.3,3,,,2018,2010,"Role-playing (RPG), Turn-based strategy (TBS), Adventure","PlayStation 4, Android, PC (Microsoft Windows), iOS, Nintendo Switch"
21809,Schizoid,schizoid,77.3,3,,,2008,2000,,Xbox 360
18717,Seraph,seraph,77.3,3,80.0,2,2016,2010,Shooter,"PlayStation 4, PC (Microsoft Windows)"
4228,Sid Meier's Civilization IV: Colonization,sid-meier-s-civilization-iv-colonization,77.3,3,70.3,33,2008,2000,"Simulator, Strategy, Turn-based strategy (TBS), Adventure","PC (Microsoft Windows), Mac"
252478,Sonic Superstars,sonic-superstars,77.3,7,70.4,14,2023,2020,Platform,"Xbox Series X|S, PlayStation 4, PC (Microsoft Windows), PlayStation 5, Xbox One, Nintendo Switch"
143627,Sprawl,sprawl--1,77.3,3,58.8,6,2023,2020,"Shooter, Indie","Xbox Series X|S, PC (Microsoft Windows), PlayStation 5"
27506,Sprint Vector,sprint-vector,77.3,3,70.0,4,2018,2010,"Platform, Racing, Sport, Indie","PlayStation VR, PC (Microsoft Windows), SteamVR, Oculus Rift"
378125,Tales of Berseria Remastered,tales-of-berseria-remastered,77.3,4,,,2026,2020,Role-playing (RPG),"Xbox Series X|S, PC (Microsoft Windows), PlayStation 5, Nintendo Switch"
204350,The Last of Us Part I,the-last-of-us-part-i,77.3,12,92.8,806,2022,2020,"Shooter, Adventure","PC (Microsoft Windows), PlayStation 5"
145780,WWE 2K22,wwe-2k22,77.3,6,77.5,28,2022,2020,"Fighting, Simulator, Sport","Xbox Series X|S, PlayStation 4, PC (Microsoft Windows), PlayStation 5, Xbox One"
2031,Wolfenstein: The New Order,wolfenstein-the-new-order,77.3,16,81.6,1328,2014,2010,"Shooter, Adventure","PlayStation 3, PlayStation 4, PC (Microsoft Windows), Xbox 360, Xbox One"
159032,Yuki: Space Ranger,yuki-space-ranger,77.3,3,,,2021,2020,"Shooter, Strategy, Adventure, Indie, Arcade","Oculus VR, Meta Quest 2, PlayStation VR, PC (Microsoft Windows), SteamVR, Oculus Quest"
18968,Call of Duty: Infinite Warfare,call-of-duty-infinite-warfare,77.2,25,70.7,411,2016,2010,"Shooter, Adventure","PlayStation 4, PC (Microsoft Windows), Xbox One"
3770,Evolve,evolve,77.2,17,59.5,94,2015,2010,Shooter,"PlayStation 4, PC (Microsoft Windows), Xbox 360, Xbox One"
194745,LEGO Bricktales,lego-bricktales,77.2,5,60.0,12,2022,2020,"Puzzle, Simulator, Adventure","Xbox Series X|S, PlayStation 4, Linux, Android, PC (Microsoft Windows), iOS, PlayStation 5, Mac, Xbox One, Nintendo Switch"
127985,LEGO Builder's Journey,lego-builders-journey,77.2,5,74.8,39,2019,2010,"Puzzle, Adventure, Indie","Xbox Series X|S, PlayStation 4, visionOS, PC (Microsoft Windows), iOS, PlayStation 5, Mac, Xbox One, Nintendo Switch"
2695,LEGO Rock Band,lego-rock-band,77.2,5,69.3,18,2009,2000,Music,"PlayStation 3, Wii, Xbox 360"
219442,Need for Speed: Unbound,need-for-speed-unbound,77.2,6,71.5,88,2022,2020,Racing,"Xbox Series X|S, PC (Microsoft Windows), PlayStation 5"
1910,Outlast,outlast,77.2,11,77.1,709,2013,2010,"Adventure, Indie","PlayStation 4, Linux, PC (Microsoft Windows), Mac, Xbox One, Nintendo Switch"
126725,Pumpkin Jack,pumpkin-jack,77.2,6,68.8,32,2020,2020,"Platform, Adventure, Indie","Xbox Series X|S, PlayStation 4, PC (Microsoft Windows), PlayStation 5, Xbox One, Nintendo Switch"
138766,Riders Republic,riders-republic,77.2,6,56.0,33,2021,2020,"Racing, Simulator, Sport","Google Stadia, Xbox Series X|S, PlayStation 4, PC (Microsoft Windows), PlayStation 5, Xbox One"
14774,Rise of the Tomb Raider: Baba Yaga - The Temple of the Witch,rise-of-the-tomb-raider-baba-yaga-the-temple-of-the-witch,77.2,5,76.1,34,2016,2010,"Platform, Puzzle, Adventure","PlayStation 4, PC (Microsoft Windows), Xbox 360, Xbox One"
7192,Star Ocean: The Last Hope,star-ocean-the-last-hope,77.2,4,66.8,20,2009,2000,Role-playing (RPG),"PlayStation 3, Xbox 360"
890,Syberia,syberia,77.2,5,81.3,321,2002,2000,"Point-and-click, Puzzle, Adventure","Xbox, PlayStation 3, Linux, Android, PC (Microsoft Windows), iOS, Mac, Xbox 360, Nintendo Switch, PlayStation 2"
26175,Wuppo,wuppo,77.2,5,73.4,13,2016,2010,"Platform, Role-playing (RPG), Adventure, Indie","PlayStation 4, PC (Microsoft Windows), Xbox One"
122729,"Yes, Your Grace",yes-your-grace,77.2,5,72.3,60,2020,2020,"Role-playing (RPG), Simulator, Strategy, Adventure","Xbox Series X|S, Android, PC (Microsoft Windows), iOS, Mac, Xbox One, Nintendo Switch"
76217,Doom,doom--1,77.1,7,79.5,58,2017,2010,Shooter,Nintendo Switch
44074,Evil Genius 2: World Domination,evil-genius-2-world-domination,77.1,7,67.9,7,2021,2020,"Real Time Strategy (RTS), Simulator, Strategy","Xbox Series X|S, PlayStation 4, PC (Microsoft Windows), PlayStation 5, Xbox One"
112185,Fury Unleashed,fury-unleashed,77.1,7,70.0,9,2017,2010,"Shooter, Platform, Role-playing (RPG), Adventure, Indie","PlayStation 4, Linux, Android, PC (Microsoft Windows), iOS, Mac, Xbox One, Nintendo Switch"
29004,Life is Strange: Before the Storm,life-is-strange-before-the-storm,77.1,9,75.1,498,2017,2010,"Adventure, Indie","PlayStation 4, Linux, Android, PC (Microsoft Windows), iOS, Mac, Xbox One"
133266,Mortal Kombat 11: Aftermath,mortal-kombat-11-aftermath,77.1,7,,,2020,2020,Fighting,"Google Stadia, PlayStation 4, PC (Microsoft Windows), Xbox One, Nintendo Switch"
1617,Mortal Kombat vs. DC Universe,mortal-kombat-vs-dc-universe,77.1,7,61.4,83,2008,2000,Fighting,"PlayStation 3, Xbox 360"
7099,Naruto Shippuden: Ultimate Ninja Storm 3,naruto-shippuden-ultimate-ninja-storm-3,77.1,7,74.4,129,2013,2010,Fighting,"PlayStation 3, PC (Microsoft Windows), Xbox 360"
1080,New Super Mario Bros. 2,new-super-mario-bros-2,77.1,12,73.0,169,2012,2010,"Platform, Adventure",Nintendo 3DS
2988,Prototype 2,prototype-2,77.1,10,70.5,256,2012,2010,"Platform, Hack and slash/Beat 'em up, Adventure","PlayStation 3, PlayStation 4, PC (Microsoft Windows), Xbox 360, Xbox One"
16994,Road to Ballhalla,road-to-ballhalla,77.1,7,70.0,3,2016,2010,"Platform, Puzzle, Racing, Simulator, Adventure, Indie, Arcade","PlayStation 4, PC (Microsoft Windows), Xbox One, Nintendo Switch"
20332,SuperHyperCube,superhypercube,77.1,7,70.0,2,2016,2010,"Puzzle, Indie, Arcade","PlayStation VR, PC (Microsoft Windows), SteamVR"
25082,Amnesia: Collection,amnesia-collection,77.0,8,79.6,12,2015,2010,"Puzzle, Adventure, Indie","PlayStation 4, PC (Microsoft Windows), Xbox One, Nintendo Switch"
250628,Arizona Sunshine II,arizona-sunshine-ii,77.0,3,,,2023,2020,"Shooter, Adventure","Meta Quest 2, PlayStation VR2, SteamVR, Meta Quest 3"
347882,Call of the Elder Gods,call-of-the-elder-gods,77.0,3,60.8,5,2026,2020,"Puzzle, Strategy, Adventure, Indie","Xbox Series X|S, Nintendo Switch 2, PC (Microsoft Windows), PlayStation 5, Nintendo Switch"
7298,Disgaea 4: A Promise Unforgotten,disgaea-4-a-promise-unforgotten,77.0,5,84.8,10,2011,2010,"Role-playing (RPG), Strategy, Tactical","PlayStation 3, PlayStation Vita"
139067,Earth Defense Force: World Brothers,earth-defense-force-world-brothers,77.0,3,,,2020,2020,"Shooter, Strategy","PlayStation 4, PC (Microsoft Windows), Nintendo Switch"
6768,Etrian Odyssey Untold: The Millennium Girl,etrian-odyssey-untold-the-millennium-girl,77.0,5,80.0,10,2013,2010,"Role-playing (RPG), Adventure",Nintendo 3DS
7307,Folklore,folklore,77.0,5,73.9,22,2007,2000,"Role-playing (RPG), Adventure",PlayStation 3
15134,Gatling Gears,gatling-gears,77.0,3,69.9,5,2011,2010,"Shooter, Adventure, Indie","PlayStation 3, Linux, PC (Microsoft Windows), Xbox 360"
103272,Ghost Giant,ghost-giant,77.0,4,73.1,5,2019,2010,"Puzzle, Adventure, Indie","Meta Quest 2, PlayStation VR, Oculus Quest"
135108,Kingdom Hearts: Melody of Memory,kingdom-hearts-melody-of-memory,77.0,8,80.2,30,2020,2020,"Music, Role-playing (RPG)","PlayStation 4, PC (Microsoft Windows), Xbox One, Nintendo Switch"
2647,Kirby Super Star Ultra,kirby-super-star-ultra,77.0,4,81.8,89,2008,2000,"Platform, Adventure",Nintendo DS
2177,LEGO City Undercover,lego-city-undercover,77.0,21,72.5,80,2013,2010,"Platform, Racing, Hack and slash/Beat 'em up, Adventure",Wii U
9617,Lucky's Tale,luckys-tale,77.0,7,,,2016,2010,"Platform, Adventure, Arcade","Oculus VR, Meta Quest 2, PlayStation VR, SteamVR, Oculus Rift"
19850,Lumo,lumo,77.0,9,59.9,16,2016,2010,"Platform, Puzzle, Adventure, Indie","PlayStation 4, Linux, PC (Microsoft Windows), Mac, PlayStation Vita, Xbox One, Nintendo Switch"
96248,Mega Man X: Legacy Collection 1+2,mega-man-x-legacy-collection-1-plus-2,77.0,5,,,2018,2010,"Shooter, Platform","PlayStation 4, PC (Microsoft Windows), Xbox One, Nintendo Switch"
2192,Mini Ninjas,mini-ninjas,77.0,5,78.0,58,2009,2000,"Platform, Adventure","PlayStation 3, Wii, PC (Microsoft Windows), Mac, Xbox 360, Nintendo DS"
5018,Monster Lab,monster-lab,77.0,3,,,2008,2000,"Puzzle, Role-playing (RPG), Simulator, Strategy","Wii, Nintendo DS, PlayStation 2"
7110,NCAA Basketball 10,ncaa-basketball-10,77.0,3,80.0,4,2009,2000,Sport,"PlayStation 3, Xbox 360"
7100,Naruto Shippuden: Ultimate Ninja Storm Generations,naruto-shippuden-ultimate-ninja-storm-generations,77.0,4,70.4,68,2012,2010,Fighting,"PlayStation 3, Xbox 360"
4070,Pitfall: The Lost Expedition,pitfall-the-lost-expedition,77.0,3,70.5,8,2004,2000,"Platform, Adventure","Xbox, Nintendo GameCube, PC (Microsoft Windows), PlayStation 2"
117533,River City Girls,river-city-girls,77.0,6,74.4,67,2019,2010,"Fighting, Hack and slash/Beat 'em up, Adventure, Arcade","PlayStation 4, Android, PC (Microsoft Windows), iOS, PlayStation 5, Xbox One, Nintendo Switch"
23179,Rogue Wizards,rogue-wizards,77.0,4,60.0,4,2016,2010,"Role-playing (RPG), Strategy, Turn-based strategy (TBS), Adventure, Indie","PlayStation 4, PC (Microsoft Windows), iOS, Mac, Xbox One, Nintendo Switch"
7707,Saints Row IV: Re-Elected,saints-row-iv-re-elected,77.0,8,77.2,32,2015,2010,"Shooter, Adventure","Google Stadia, PlayStation 4, PC (Microsoft Windows), Xbox One, Nintendo Switch"
317082,Space Adventure Cobra: The Awakening,space-adventure-cobra-the-awakening,77.0,3,,,2025,2020,"Platform, Adventure","Xbox Series X|S, PlayStation 4, PC (Microsoft Windows), PlayStation 5, Nintendo Switch"
22248,Space Colony,space-colony,77.0,3,64.8,6,2003,2000,"Simulator, Strategy","PC (Microsoft Windows), Mac"
76643,Taiko no Tatsujin: Drum Session,taiko-no-tatsujin-drum-session,77.0,3,,,2017,2010,Music,PlayStation 4
11120,The Elder Scrolls: Legends,the-elder-scrolls-legends,77.0,3,70.2,45,2017,2010,"Strategy, Turn-based strategy (TBS), Card & Board Game","PlayStation 4, Android, PC (Microsoft Windows), iOS, Mac, Xbox One, Nintendo Switch"
20945,The Evil Within: The Consequence,the-evil-within-the-consequence,77.0,3,72.1,33,2015,2010,"Role-playing (RPG), Adventure","PlayStation 3, PlayStation 4, PC (Microsoft Windows), Xbox 360, Xbox One"
119262,Tom Clancy's Rainbow Six Extraction,tom-clancys-rainbow-six-extraction,77.0,9,63.0,31,2022,2020,"Shooter, Strategy","Google Stadia, Xbox Series X|S, PlayStation 4, PC (Microsoft Windows), PlayStation 5, Xbox One"
5235,Top Spin 2,top-spin-2,77.0,3,75.3,14,2006,2000,"Simulator, Sport","PC (Microsoft Windows), Xbox 360"
19951,Trials Fusion: Awesome Level Max,trials-fusion-awesome-level-max,77.0,3,,,2015,2010,"Platform, Racing, Arcade","Xbox Series X|S, PlayStation 4, PC (Microsoft Windows), Xbox One"
26701,Turok,turok--1,77.0,5,72.0,31,2015,2010,"Shooter, Platform, Adventure","Xbox Series X|S, PlayStation 4, Linux, PC (Microsoft Windows), PlayStation 5, Mac, Xbox One, Nintendo Switch"
925,UEFA Euro 2004: Portugal,uefa-euro-2004-portugal,77.0,5,64.5,14,2004,2000,Sport,"Xbox, PC (Microsoft Windows), PlayStation 2"
191754,Wonder Boy Collection,wonder-boy-collection,77.0,3,,,2022,2020,"Platform, Arcade","PlayStation 4, Nintendo Switch"
19245,Batman: Return to Arkham,batman-return-to-arkham,76.9,10,81.9,47,2016,2010,"Strategy, Hack and slash/Beat 'em up, Adventure","PlayStation 4, Xbox One"
26993,Batman: The Telltale Series - Episode 3: New World Order,batman-the-telltale-series-episode-3-new-world-order,76.9,8,,,2016,2010,"Point-and-click, Adventure","PlayStation 3, PlayStation 4, PC (Microsoft Windows), Xbox 360, Xbox One"
51448,BlazBlue: Cross Tag Battle,blazblue-cross-tag-battle,76.9,7,82.5,33,2018,2010,"Fighting, Adventure, Arcade","Arcade, PlayStation 4, PC (Microsoft Windows), Nintendo Switch"
137001,Call of Duty: Black Ops Cold War,call-of-duty-black-ops-cold-war,76.9,9,73.8,218,2020,2020,Shooter,"Xbox Series X|S, PlayStation 4, PC (Microsoft Windows), PlayStation 5, Xbox One"
3968,Dragon's Dogma,dragon-s-dogma,76.9,10,72.5,103,2012,2010,"Role-playing (RPG), Hack and slash/Beat 'em up, Adventure","PlayStation 3, Xbox 360"
25964,Icey,icey,76.9,7,75.2,25,2016,2010,"Fighting, Role-playing (RPG), Strategy, Hack and slash/Beat 'em up, Adventure, Indie","PlayStation 4, Android, PC (Microsoft Windows), iOS, Mac, Nintendo Switch"
24482,Nidhogg 2,nidhogg-2,76.9,17,69.8,28,2017,2010,"Fighting, Indie, Arcade","Arcade, PlayStation 4, PC (Microsoft Windows), Mac, Xbox One, Nintendo Switch"
15572,Psychonauts in the Rhombus of Ruin,psychonauts-in-the-rhombus-of-ruin,76.9,8,70.0,11,2017,2010,"Puzzle, Adventure, Indie","PlayStation VR, PC (Microsoft Windows), SteamVR, Oculus Rift"
96392,Sakura Wars,sakura-wars,76.9,9,70.1,15,2019,2010,"Role-playing (RPG), Simulator, Hack and slash/Beat 'em up, Adventure, Visual Novel",PlayStation 4
134161,Sherlock Holmes: Chapter One,sherlock-holmes-chapter-one,76.9,9,75.9,40,2021,2020,"Adventure, Indie","Xbox Series X|S, PlayStation 4, PC (Microsoft Windows), PlayStation 5"
6452,Tales of Zestiria,tales-of-zestiria,76.9,12,70.5,93,2015,2010,Role-playing (RPG),"PlayStation 3, PlayStation 4, PC (Microsoft Windows)"
9732,The Flame in the Flood,the-flame-in-the-flood,76.9,17,76.0,66,2016,2010,"Adventure, Indie","PlayStation 4, PC (Microsoft Windows), Mac, Xbox One, Nintendo Switch"
103316,Trials Rising,trials-rising,76.9,10,70.6,44,2019,2010,"Platform, Racing, Sport, Arcade","Google Stadia, PlayStation 4, PC (Microsoft Windows), Xbox One, Nintendo Switch"
26834,Utawarerumono: Mask of Truth,utawarerumono-mask-of-truth,76.9,8,90.2,29,2016,2010,"Role-playing (RPG), Strategy, Turn-based strategy (TBS), Tactical, Visual Novel","PlayStation 3, PlayStation 4, PC (Microsoft Windows), PlayStation Vita, Nintendo Switch"
11513,Atelier Shallie: Alchemists of the Dusk Sea,atelier-shallie-alchemists-of-the-dusk-sea,76.8,4,65.9,5,2014,2010,Role-playing (RPG),PlayStation 3
26638,Batman: The Telltale Series - Episode 1: Realm of Shadows,batman-the-telltale-series-episode-1-realm-of-shadows,76.8,16,60.2,7,2016,2010,"Point-and-click, Adventure","PlayStation 3, PlayStation 4, Android, PC (Microsoft Windows), iOS, Mac, Xbox 360, Xbox One"
11256,Bravely Second: End Layer,bravely-second-end-layer,76.8,12,70.3,20,2015,2010,"Role-playing (RPG), Adventure",Nintendo 3DS
26167,Bulletstorm: Full Clip Edition,bulletstorm-full-clip-edition,76.8,14,75.2,80,2017,2010,"Shooter, Adventure","PlayStation 4, PC (Microsoft Windows), Xbox One"
9509,Call of Duty: Black Ops III,call-of-duty-black-ops-iii,76.8,18,67.6,587,2015,2010,"Shooter, Adventure","PlayStation 4, PC (Microsoft Windows), Mac, Xbox One"
27258,Culdcept Revolt,culdcept-revolt,76.8,4,80.5,5,2016,2010,"Strategy, Turn-based strategy (TBS), Quiz/Trivia, Card & Board Game",Nintendo 3DS
19521,Dead Rising 4,dead-rising-4,76.8,19,70.3,63,2016,2010,"Shooter, Hack and slash/Beat 'em up, Adventure","PC (Microsoft Windows), Xbox One"
102584,Dying Light 2: Stay Human,dying-light-2-stay-human,76.8,11,71.3,231,2022,2020,"Role-playing (RPG), Adventure","Xbox Series X|S, PlayStation 4, PC (Microsoft Windows), PlayStation 5, Xbox One"
21722,FIFA Soccer,fifa-soccer,76.8,4,,,2012,2010,Sport,PlayStation Vita
9815,Fractured Space,fractured-space,76.8,4,62.1,6,2016,2010,"Shooter, Strategy, Adventure, Indie, MOBA",PC (Microsoft Windows)
27413,Genesis Noir,genesis-noir,76.8,6,68.8,29,2021,2020,"Point-and-click, Adventure, Indie","PC (Microsoft Windows), Mac, Xbox One, Nintendo Switch"
7016,IL-2 Sturmovik: Birds of Prey,il-2-sturmovik-birds-of-prey,76.8,4,89.7,9,2009,2000,"Shooter, Simulator, Strategy","PlayStation 3, PlayStation Portable, Xbox 360, Nintendo DS"
1223,Kingdom Hearts 358/2 Days,kingdom-hearts-358-2-days,76.8,4,73.7,126,2009,2000,Role-playing (RPG),Nintendo DS
18854,Let It Die,let-it-die,76.8,8,74.2,24,2016,2010,Hack and slash/Beat 'em up,"PlayStation 4, PC (Microsoft Windows)"
110586,Lost Words: Beyond the Page,lost-words-beyond-the-page,76.8,4,61.1,11,2020,2020,"Platform, Puzzle, Adventure, Indie","Google Stadia, Xbox Series X|S, PlayStation 4, Android, PC (Microsoft Windows), iOS, Xbox One, Nintendo Switch"
214675,NHL 23,nhl-23,76.8,4,63.2,11,2022,2020,Sport,"Xbox Series X|S, PlayStation 4, PlayStation 5, Xbox One"
27409,Narita Boy,narita-boy,76.8,4,75.8,28,2021,2020,"Platform, Adventure, Indie","PlayStation 4, Linux, PC (Microsoft Windows), Mac, Xbox One, Nintendo Switch"
17207,Pit People,pit-people,76.8,6,54.0,27,2018,2010,"Role-playing (RPG), Simulator, Strategy, Turn-based strategy (TBS), Adventure, Indie","PC (Microsoft Windows), Xbox One"
546,Prey,prey,76.8,4,76.2,213,2006,2000,"Shooter, Puzzle","Linux, PC (Microsoft Windows), Mac, Xbox 360, Legacy Mobile Device"
54822,Raiden V: Director's Cut,raiden-v-directors-cut--1,76.8,5,73.9,6,2017,2010,"Shooter, Arcade","PlayStation 4, PC (Microsoft Windows), Xbox One, Nintendo Switch"
86269,Space Hulk: Tactics,space-hulk-tactics,76.8,4,57.9,5,2018,2010,"Simulator, Strategy, Turn-based strategy (TBS), Card & Board Game","PlayStation 4, PC (Microsoft Windows), Xbox One"
135670,Steelrising,steelrising,76.8,4,68.6,29,2022,2020,"Role-playing (RPG), Hack and slash/Beat 'em up, Adventure","Xbox Series X|S, PC (Microsoft Windows), PlayStation 5"
14685,Thea: The Awakening,thea-the-awakening,76.8,4,81.4,14,2015,2010,"Role-playing (RPG), Simulator, Strategy, Turn-based strategy (TBS), Adventure, Indie, Card & Board Game","PlayStation 4, PC (Microsoft Windows), Xbox One, Nintendo Switch"
8200,Total War: Attila,total-war-attila,76.8,10,73.8,82,2015,2010,"Real Time Strategy (RTS), Strategy, Turn-based strategy (TBS)","Linux, PC (Microsoft Windows), Mac"
17179,Toybox Turbos,toybox-turbos,76.8,4,63.6,9,2014,2010,Racing,"PlayStation 3, PC (Microsoft Windows), Xbox 360"
14681,Adventures of Pip,adventures-of-pip,76.7,10,68.0,3,2015,2010,"Platform, Puzzle, Adventure, Indie, Arcade","PlayStation 4, PC (Microsoft Windows), iOS, Mac, Wii U, Xbox One, Nintendo Switch"
119330,After the Fall,after-the-fall,76.7,3,,,2021,2020,Adventure,"Oculus VR, Meta Quest 2, PlayStation VR2, PlayStation VR, PC (Microsoft Windows)"
9948,Age of Booty,age-of-booty,76.7,3,50.3,7,2008,2000,"Real Time Strategy (RTS), Simulator, Strategy, Arcade","PlayStation 3, PC (Microsoft Windows), Xbox 360"
13223,Albert and Otto: The Adventure Begins,albert-and-otto-the-adventure-begins,76.7,3,50.0,4,2015,2010,"Platform, Puzzle, Adventure, Indie","PlayStation 4, PC (Microsoft Windows), Mac, Xbox One"
7960,Angry Video Game Nerd Adventures,angry-video-game-nerd-adventures,76.7,3,60.9,27,2013,2010,"Shooter, Platform, Adventure, Indie","Nintendo 3DS, PC (Microsoft Windows), Wii U"
8225,Anno 1701,anno-1701,76.7,3,76.3,55,2006,2000,"Real Time Strategy (RTS), Simulator, Strategy","PC (Microsoft Windows), Nintendo DS"
200903,Another Crab's Treasure,another-crabs-treasure,76.7,3,80.6,56,2024,2020,"Platform, Role-playing (RPG), Adventure, Indie","Xbox Series X|S, Nintendo Switch 2, PC (Microsoft Windows), PlayStation 5, Xbox One, Nintendo Switch"
5729,Area 51,area-51,76.7,3,72.5,51,2005,2000,Shooter,"Xbox, PC (Microsoft Windows), PlayStation 2"
25921,Atelier Firis: The Alchemist and the Mysterious Journey,atelier-firis-the-alchemist-and-the-mysterious-journey,76.7,9,75.7,6,2016,2010,"Role-playing (RPG), Strategy, Adventure","PlayStation 4, PC (Microsoft Windows), PlayStation Vita"
2259,Boom Blox,boom-blox,76.7,3,85.8,17,2008,2000,"Music, Puzzle",Wii
27035,Candleman,candleman,76.7,3,90.0,4,2017,2010,"Platform, Puzzle, Role-playing (RPG), Adventure","PlayStation 4, Xbox One, Nintendo Switch"
707,Command & Conquer 3: Kane's Wrath,command-conquer-3-kane-s-wrath,76.7,3,80.2,64,2008,2000,"Real Time Strategy (RTS), Simulator, Strategy","PC (Microsoft Windows), Xbox 360, Xbox One"
156150,Company of Heroes 3,company-of-heroes-3,76.7,3,60.6,21,2023,2020,"Real Time Strategy (RTS), Strategy, Turn-based strategy (TBS), Tactical","Xbox Series X|S, PC (Microsoft Windows), PlayStation 5"
336,Crysis Warhead,crysis-warhead,76.7,3,75.4,248,2008,2000,"Shooter, Adventure",PC (Microsoft Windows)
19901,Dance Central Spotlight,dance-central-spotlight,76.7,7,80.0,3,2014,2010,Music,Xbox One
52200,Descenders,descenders,76.7,3,64.7,48,2019,2010,"Racing, Simulator, Sport, Arcade","PlayStation 4, Linux, Android, PC (Microsoft Windows), iOS, Mac, Xbox One, Nintendo Switch"
150022,Dragon Quest Treasures,dragon-quest-treasures,76.7,3,69.9,6,2022,2020,"Role-playing (RPG), Adventure","PC (Microsoft Windows), Nintendo Switch"
19448,Echo,echo,76.7,6,67.9,28,2017,2010,"Shooter, Role-playing (RPG), Adventure, Indie","PlayStation 4, PC (Microsoft Windows)"
11573,Eiyu*Senki - The World Conquest,eiyu-star-senki-the-world-conquest,76.7,3,89.4,5,2012,2010,"Role-playing (RPG), Simulator, Strategy, Turn-based strategy (TBS), Tactical, Adventure, Visual Novel","PlayStation 3, PC (Microsoft Windows), PlayStation Vita"
132083,Everhood,everhood,76.7,3,75.4,53,2021,2020,"Music, Role-playing (RPG), Adventure, Indie","PC (Microsoft Windows), Nintendo Switch"
21046,Excitebike: World Rally,excitebike-world-rally,76.7,3,80.0,2,2009,2000,"Racing, Sport",Wii
287578,F1 24,f1-24,76.7,3,66.2,18,2024,2020,"Racing, Simulator, Sport","Xbox Series X|S, PlayStation 4, PC (Microsoft Windows), PlayStation 5, Xbox One"
3135,FIFA Soccer 08,fifa-soccer-08,76.7,3,73.0,103,2007,2000,"Simulator, Sport","PlayStation 3, Xbox 360"
26816,Fast RMX,fast-rmx,76.7,9,73.5,20,2017,2010,"Racing, Arcade",Nintendo Switch
11162,For Honor,for-honor,76.7,22,71.2,268,2017,2010,"Fighting, Hack and slash/Beat 'em up","Xbox Series X|S, PlayStation 4, PC (Microsoft Windows), PlayStation 5, Xbox One"
1319,Gears of War: Judgment,gears-of-war-judgment,76.7,9,69.6,146,2013,2010,Shooter,Xbox 360
119308,Ghostwire: Tokyo,ghostwire-tokyo,76.7,7,76.4,194,2022,2020,Adventure,"Xbox Series X|S, PC (Microsoft Windows), PlayStation 5"
11570,Halo Wars 2,halo-wars-2,76.7,19,75.9,56,2017,2010,"Real Time Strategy (RTS), Strategy","PC (Microsoft Windows), Xbox One"
15857,Headlander,headlander,76.7,21,78.3,24,2016,2010,"Shooter, Platform, Adventure, Indie","PlayStation 4, PC (Microsoft Windows), Mac, Xbox One"
338082,Hitman World of Assassination: Signature Edition,hitman-world-of-assassination-signature-edition,76.7,3,,,2025,2020,"Shooter, Tactical, Adventure",Nintendo Switch 2
91022,Hitman: Episode 3 - Marrakesh,hitman-episode-3-marrakesh,76.7,11,,,2016,2010,"Shooter, Tactical, Adventure","PlayStation 4, Linux, PC (Microsoft Windows), Mac, Xbox One"
186309,Horizon Call of the Mountain,horizon-call-of-the-mountain,76.7,3,77.2,11,2023,2020,Adventure,PlayStation VR2
122386,Infernax,infernax,76.7,3,79.7,21,2022,2020,"Platform, Role-playing (RPG), Adventure, Indie, Arcade","Xbox Series X|S, PlayStation 4, PC (Microsoft Windows), PlayStation 5, Xbox One, Nintendo Switch"
15559,Just Dance 2015,just-dance-2015,76.7,3,88.7,21,2014,2010,Music,"PlayStation 3, PlayStation 4, Wii, Wii U, Xbox 360, Xbox One"
14404,Kona,kona,76.7,3,72.4,62,2017,2010,"Puzzle, Adventure, Indie","Google Stadia, Xbox Series X|S, PlayStation 4, Linux, PC (Microsoft Windows), PlayStation 5, Mac, PlayStation Vita, Xbox One, Nintendo Switch"
95118,Last Epoch,last-epoch,76.7,3,69.7,85,2024,2020,"Role-playing (RPG), Hack and slash/Beat 'em up, Adventure, Indie","Linux, PC (Microsoft Windows), PlayStation 5, Mac"
14326,Lovely Planet,lovely-planet,76.7,3,62.8,17,2014,2010,"Shooter, Platform, Puzzle, Indie","PlayStation 4, Linux, PC (Microsoft Windows), Mac, Wii U, Xbox One"
28286,Masters of Anima,masters-of-anima,76.7,7,69.4,6,2018,2010,"Real Time Strategy (RTS), Role-playing (RPG), Simulator, Strategy, Adventure","PlayStation 4, PC (Microsoft Windows), Xbox One, Nintendo Switch"
22882,ModNation Racers: Road Trip,modnation-racers-road-trip,76.7,3,66.4,7,2012,2010,Racing,PlayStation Vita
1613,Mortal Kombat: Deception,mortal-kombat-deception,76.7,3,71.0,106,2004,2000,"Fighting, Puzzle, Role-playing (RPG), Card & Board Game","Xbox, Nintendo GameCube, PlayStation 2"
20439,MotoGP 10/11,motogp-10-slash-11,76.7,3,,,2011,2010,"Racing, Simulator, Sport","PlayStation 3, Xbox 360"
11275,MotoGP 15,motogp-15,76.7,3,80.0,4,2015,2010,"Racing, Simulator, Sport","PlayStation 3, PlayStation 4, PC (Microsoft Windows), Xbox 360, Xbox One"
21914,Mutant Storm Empire,mutant-storm-empire,76.7,3,,,2007,2000,"Shooter, Arcade",Xbox 360
5966,NHL 2K7,nhl-2k7,76.7,3,65.0,3,2006,2000,Sport,"Xbox, PlayStation 3, Xbox 360, PlayStation 2"
18719,Nelly Cootalot: The Fowl Fleet,nelly-cootalot-the-fowl-fleet,76.7,3,70.0,4,2016,2010,"Point-and-click, Puzzle, Strategy, Adventure, Indie","Linux, PC (Microsoft Windows), iOS, Mac, Nintendo Switch"
143619,Ninja Gaiden: Master Collection,ninja-gaiden-master-collection,76.7,7,78.2,5,2021,2020,"Hack and slash/Beat 'em up, Adventure","PlayStation 4, PC (Microsoft Windows), Xbox One, Nintendo Switch"
136462,Okunoka Madness,okunoka-madness,76.7,3,,,2020,2020,"Platform, Adventure, Indie, Arcade","PlayStation 4, PC (Microsoft Windows), Xbox One, Nintendo Switch"
75957,Part Time UFO,part-time-ufo,76.7,3,69.6,6,2017,2010,"Puzzle, Adventure, Arcade","Android, iOS, Nintendo Switch"
513,Phantasy Star Online 2,phantasy-star-online-2,76.7,3,71.5,24,2012,2010,"Role-playing (RPG), Hack and slash/Beat 'em up, Adventure","PlayStation 4, PC (Microsoft Windows), PlayStation Vita, Xbox One"
21351,Poker Smash,poker-smash,76.7,3,,,2008,2000,"Puzzle, Turn-based strategy (TBS), Card & Board Game",Xbox 360
25877,"Pokémon: Let's Go, Pikachu!",pokemon-lets-go-pikachu,76.7,13,75.0,154,2018,2010,"Role-playing (RPG), Adventure",Nintendo Switch
6537,Polarium,polarium,76.7,3,71.0,1,2004,2000,"Puzzle, Strategy",Nintendo DS
7159,Resonance of Fate,resonance-of-fate,76.7,3,70.1,16,2010,2010,Role-playing (RPG),"PlayStation 3, Xbox 360"
21251,Retro Game Challenge,retro-game-challenge,76.7,3,79.6,7,2007,2000,"Shooter, Racing, Role-playing (RPG), Adventure",Nintendo DS
47603,Rhythm Thief & the Emperor's Treasure,rhythm-thief-and-the-emperors-treasure,76.7,3,82.0,4,2012,2010,"Music, Puzzle, Adventure","Nintendo 3DS, Nintendo DS"
334672,RoboCop: Rogue City - Unfinished Business,robocop-rogue-city-unfinished-business,76.7,3,79.8,16,2025,2020,"Shooter, Adventure","Xbox Series X|S, PC (Microsoft Windows), PlayStation 5, Mac"
20086,Serious Sam Double D XXL,serious-sam-double-d-xxl,76.7,3,57.4,9,2013,2010,"Shooter, Platform, Indie","PC (Microsoft Windows), Xbox 360"
3253,Sesame Street: Once Upon a Monster,sesame-street-once-upon-a-monster,76.7,3,75.0,2,2011,2010,Adventure,Xbox 360
145978,Shantae,shantae--1,76.7,3,70.1,5,2021,2020,"Platform, Adventure","PlayStation 4, PlayStation 5, Nintendo Switch"
18227,Shin Megami Tensei: Digital Devil Saga,shin-megami-tensei-digital-devil-saga,76.7,3,86.7,37,2004,2000,Role-playing (RPG),"PlayStation 3, PlayStation 2"
15091,SingStar,singstar,76.7,3,60.6,7,2004,2000,Music,PlayStation 2
1377,Spec Ops: The Line,spec-ops-the-line,76.7,9,82.1,919,2012,2010,"Shooter, Adventure","PlayStation 3, Linux, PC (Microsoft Windows), Mac, Xbox 360"
6160,Star Wars: Jedi Starfighter,star-wars-jedi-starfighter,76.7,3,62.0,22,2002,2000,"Simulator, Adventure","Xbox, PlayStation 3, PlayStation 4, PlayStation 2"
232908,SteamWorld Build,steamworld-build,76.7,3,70.3,18,2023,2020,"Simulator, Strategy","Xbox Series X|S, PlayStation 4, PC (Microsoft Windows), PlayStation 5, Xbox One, Nintendo Switch"
14536,Street Fighter Alpha Anthology,street-fighter-alpha-anthology,76.7,3,81.1,12,2006,2000,"Fighting, Arcade",PlayStation 2
8267,Stuntman,stuntman,76.7,3,60.2,15,2002,2000,"Music, Platform, Racing, Sport",PlayStation 2
21522,Switchball,switchball,76.7,3,,,2007,2000,"Platform, Puzzle, Strategy","PlayStation 3, PC (Microsoft Windows), Xbox 360"
104992,Taiko no Tatsujin: Drum 'n' Fun!,taiko-no-tatsujin-drum-n-fun,76.7,3,77.1,17,2018,2010,"Music, Arcade",Nintendo Switch
314934,Tetris Forever,tetris-forever,76.7,3,,,2024,2020,"Puzzle, Strategy, Arcade","Xbox Series X|S, PlayStation 4, PC (Microsoft Windows), PlayStation 5, Xbox One, Nintendo Switch"
7168,The Dark Eye: Memoria,the-dark-eye-memoria,76.7,3,80.4,37,2013,2010,"Point-and-click, Puzzle, Adventure, Indie","Xbox Series X|S, PlayStation 4, PC (Microsoft Windows), Mac, Xbox One, Nintendo Switch"
37282,The Persistence,the-persistence,76.7,3,79.7,6,2018,2010,"Adventure, Indie","PlayStation 4, PlayStation VR, PC (Microsoft Windows), Xbox One, Nintendo Switch"
8352,The Unfinished Swan,the-unfinished-swan,76.7,3,77.2,116,2012,2010,"Puzzle, Adventure","PlayStation 3, PlayStation 4, PC (Microsoft Windows), iOS, Mac, PlayStation Vita"
114209,The Walking Dead: The Final Season - Episode 4: Take Us Back,the-walking-dead-the-final-season-episode-4-take-us-back,76.7,3,80.0,5,2019,2010,"Point-and-click, Adventure","PlayStation 4, PC (Microsoft Windows), Xbox One, Nintendo Switch"
8312,Titan Quest: Immortal Throne,titan-quest-immortal-throne,76.7,3,75.9,55,2007,2000,"Role-playing (RPG), Hack and slash/Beat 'em up",PC (Microsoft Windows)
21647,Titanfall: Expedition,titanfall-expedition,76.7,3,,,2014,2010,Shooter,"PC (Microsoft Windows), Xbox 360, Xbox One"
129847,Tom Clancy's The Division 2: Warlords of New York,tom-clancys-the-division-2-warlords-of-new-york,76.7,3,79.3,10,2020,2020,"Shooter, Role-playing (RPG), Adventure","PlayStation 4, PC (Microsoft Windows), Xbox One"
9035,Tormentum: Dark Sorrow,tormentum-dark-sorrow,76.7,3,84.7,34,2015,2010,"Point-and-click, Puzzle, Adventure, Indie","Linux, Android, PC (Microsoft Windows), iOS, Mac"
70396,Trüberbrook,truberbrook,76.7,3,69.6,34,2019,2010,"Point-and-click, Puzzle, Adventure, Indie","PlayStation 4, Linux, Android, PC (Microsoft Windows), iOS, Mac, Xbox One, Nintendo Switch"
128097,Turnip Boy Commits Tax Evasion,turnip-boy-commits-tax-evasion,76.7,3,68.7,73,2021,2020,"Puzzle, Role-playing (RPG), Adventure, Indie","Xbox Series X|S, PlayStation 4, Linux, Android, PC (Microsoft Windows), iOS, Mac, Xbox One, Nintendo Switch"
2066,Ultimate Marvel vs. Capcom 3,ultimate-marvel-vs-capcom-3,76.7,17,76.5,128,2011,2010,Fighting,"PlayStation 3, PlayStation 4, PC (Microsoft Windows), PlayStation Vita, Xbox 360, Xbox One"
19251,Unit 13,unit-13,76.7,3,52.0,6,2012,2010,"Shooter, Strategy",PlayStation Vita
18980,"Warhammer 40,000: Dawn of War III",warhammer-40000-dawn-of-war-iii,76.7,11,64.7,35,2017,2010,"Real Time Strategy (RTS), Simulator, Strategy","Linux, PC (Microsoft Windows), Mac"
17925,Wasted,wasted,76.7,3,42.6,8,2016,2010,"Shooter, Role-playing (RPG), Indie",PC (Microsoft Windows)
2059,Yakuza,yakuza,76.7,3,77.5,73,2005,2000,"Fighting, Role-playing (RPG), Simulator, Sport, Hack and slash/Beat 'em up, Adventure",PlayStation 2
19598,BoxBoxBoy!,boxboxboy,76.6,5,86.0,4,2016,2010,"Platform, Puzzle, Strategy",Nintendo 3DS
21634,Death Road to Canada,death-road-to-canada,76.6,7,64.7,39,2016,2010,"Role-playing (RPG), Adventure, Indie","PlayStation 4, Linux, Android, PC (Microsoft Windows), iOS, Mac, Xbox One, Nintendo Switch"
1374,F1 2011,f1-2011,76.6,10,74.4,33,2011,2010,"Racing, Simulator, Sport","PlayStation 3, Nintendo 3DS, PC (Microsoft Windows), iOS, PlayStation Vita, Xbox 360"
119313,Fall Guys,fall-guys,76.6,9,73.6,570,2020,2020,"Platform, Racing, Indie","Xbox Series X|S, PlayStation 4, Android, PC (Microsoft Windows), iOS, PlayStation 5, Xbox One, Nintendo Switch"
11077,LEGO Dimensions,lego-dimensions,76.6,12,74.0,23,2015,2010,"Puzzle, Hack and slash/Beat 'em up, Adventure","PlayStation 3, PlayStation 4, Wii U, Xbox 360, Xbox One"
132220,Monster Truck Championship,monster-truck-championship,76.6,5,62.9,5,2020,2020,"Racing, Simulator, Sport","Xbox Series X|S, PlayStation 4, PC (Microsoft Windows), PlayStation 5, Xbox One, Nintendo Switch"
544,The Darkness II,the-darkness-ii,76.6,11,77.0,251,2012,2010,Shooter,"PlayStation 3, PC (Microsoft Windows), Xbox 360"
26915,Tokyo Xanadu eX+,tokyo-xanadu-ex-plus,76.6,5,80.9,13,2016,2010,"Role-playing (RPG), Hack and slash/Beat 'em up","PlayStation 4, PC (Microsoft Windows), Nintendo Switch"
90108,WarioWare Gold,warioware-gold,76.6,9,76.6,34,2018,2010,Arcade,Nintendo 3DS
3087,Broken Age,broken-age,76.5,13,74.5,186,2014,2010,"Point-and-click, Puzzle, Adventure, Indie","PlayStation 4, Ouya, Linux, Android, PC (Microsoft Windows), iOS, Mac, PlayStation Vita, Xbox One, Nintendo Switch"
289695,Creatures of Ava,creatures-of-ava,76.5,4,67.1,9,2024,2020,"Adventure, Indie","Xbox Series X|S, PC (Microsoft Windows)"
2369,Dark Messiah of Might and Magic,dark-messiah-of-might-and-magic,76.5,4,77.9,250,2006,2000,"Fighting, Role-playing (RPG)",PC (Microsoft Windows)
4803,Def Jam Rapstar,def-jam-rapstar,76.5,3,80.0,2,2010,2010,"Music, Simulator","PlayStation 3, Wii, Xbox 360"
1373,F1 2012,f1-2012,76.5,4,73.1,35,2012,2010,"Racing, Simulator, Sport, Strategy","PlayStation 3, PC (Microsoft Windows), Mac, Xbox 360"
11134,Gigantic,gigantic,76.5,6,70.0,15,2017,2010,"Real Time Strategy (RTS), Strategy","PC (Microsoft Windows), Xbox One"
8187,Just Cause 3,just-cause-3,76.5,19,75.7,424,2015,2010,Adventure,"PlayStation 4, PC (Microsoft Windows), Xbox One"
2188,Magic 2014: Duels of the Planeswalkers,magic-2014-duels-of-the-planeswalkers,76.5,4,74.3,22,2013,2010,"Strategy, Turn-based strategy (TBS), Tactical, Card & Board Game","PlayStation 3, Android, PC (Microsoft Windows), iOS, Xbox 360"
138590,PowerWash Simulator,powerwash-simulator,76.5,4,76.6,121,2022,2020,"Simulator, Indie","Xbox Series X|S, PlayStation 4, PC (Microsoft Windows), iOS, PlayStation 5, Xbox One, Nintendo Switch"
3750,Quantum Break,quantum-break,76.5,23,75.1,380,2016,2010,"Shooter, Adventure","PC (Microsoft Windows), Xbox One"
1574,Sega Rally Revo,sega-rally-revo,76.5,4,69.5,13,2007,2000,Racing,"PlayStation 3, PC (Microsoft Windows), PlayStation Portable, Xbox 360"
3803,The Bard's Tale,the-bard-s-tale,76.5,4,70.7,35,2004,2000,"Role-playing (RPG), Adventure","BlackBerry OS, Xbox, Ouya, Linux, Android, PC (Microsoft Windows), iOS, Mac, PlayStation 2"
15434,The King of Fighters XI,the-king-of-fighters-xi,76.5,4,80.7,15,2005,2000,Fighting,"Arcade, PlayStation 3, PlayStation 2"
36649,Tropico 6,tropico-6,76.5,8,73.7,54,2019,2010,"Real Time Strategy (RTS), Simulator, Strategy","Xbox Series X|S, PlayStation 4, Linux, PC (Microsoft Windows), PlayStation 5, Mac, Xbox One, Nintendo Switch"
88461,"Warhammer 40,000: Mechanicus",warhammer-40000-mechanicus,76.5,4,79.9,23,2018,2010,"Role-playing (RPG), Strategy, Turn-based strategy (TBS), Tactical","PlayStation 4, Linux, PC (Microsoft Windows), iOS, Mac, Xbox One, Nintendo Switch"
28818,Wattam,wattam,76.5,6,78.0,9,2019,2010,"Adventure, Indie","PlayStation 4, PC (Microsoft Windows)"
117315,BioShock Infinite: Burial at Sea - Episode 2,bioshock-infinite-burial-at-sea-episode-2,76.4,5,86.0,69,2014,2010,"Shooter, Adventure","PlayStation 3, PlayStation 4, Linux, PC (Microsoft Windows), Mac, Xbox 360, Xbox One, Nintendo Switch"
150564,Crysis Remastered Trilogy,crysis-remastered-trilogy,76.4,5,68.3,9,2021,2020,"Shooter, Tactical","PlayStation 4, PC (Microsoft Windows), Xbox One, Nintendo Switch"
1962,Dreamfall Chapters,dreamfall-chapters,76.4,11,80.7,83,2014,2010,"Adventure, Indie","PlayStation 4, Linux, PC (Microsoft Windows), Mac, Xbox One"
4984,Madden NFL 09,madden-nfl-09,76.4,8,78.6,12,2008,2000,"Simulator, Sport","PlayStation 3, Xbox 360"
132038,Maquette,maquette,76.4,7,69.4,29,2021,2020,"Puzzle, Adventure, Indie","Xbox Series X|S, PlayStation 4, PC (Microsoft Windows), PlayStation 5, Xbox One, Nintendo Switch"
6804,One Piece: Pirate Warriors 3,one-piece-pirate-warriors-3,76.4,7,72.2,56,2015,2010,"Hack and slash/Beat 'em up, Adventure","PlayStation 3, PlayStation 4, PC (Microsoft Windows), PlayStation Vita, Nintendo Switch"
120436,One Piece: Pirate Warriors 4,one-piece-pirate-warriors-4,76.4,8,83.2,30,2020,2020,"Hack and slash/Beat 'em up, Adventure","Xbox Series X|S, PlayStation 4, Nintendo Switch 2, PC (Microsoft Windows), PlayStation 5, Xbox One, Nintendo Switch"
105049,Remnant: From the Ashes,remnant-from-the-ashes,76.4,14,76.4,302,2019,2010,"Shooter, Role-playing (RPG), Adventure","Xbox Series X|S, PlayStation 4, PC (Microsoft Windows), PlayStation 5, Xbox One, Nintendo Switch"
141281,SaGa Frontier Remastered,saga-frontier-remastered,76.4,5,68.3,5,2021,2020,"Role-playing (RPG), Adventure","PlayStation 4, Android, PC (Microsoft Windows), iOS, Nintendo Switch"
37066,Starlink: Battle for Atlas,starlink-battle-for-atlas,76.4,10,76.9,14,2018,2010,"Shooter, Real Time Strategy (RTS), Role-playing (RPG), Simulator, Strategy, Adventure, Arcade","PlayStation 4, PC (Microsoft Windows), Xbox One"
122120,The Dark Pictures Anthology: Little Hope,the-dark-pictures-anthology-little-hope,76.4,10,70.0,200,2020,2020,Adventure,"Xbox Series X|S, PlayStation 4, PC (Microsoft Windows), PlayStation 5, Xbox One, Nintendo Switch"
18311,The Turing Test,the-turing-test,76.4,8,70.7,112,2016,2010,"Puzzle, Adventure","Google Stadia, PlayStation 4, PC (Microsoft Windows), Xbox One, Nintendo Switch"
2291,Thomas Was Alone,thomas-was-alone,76.4,8,71.3,184,2012,2010,"Platform, Puzzle, Adventure, Indie","PlayStation 3, PlayStation 4, Linux, Android, PC (Microsoft Windows), iOS, Mac, Wii U, PlayStation Vita, Xbox One, Nintendo Switch"
44102,Total War Saga: Thrones of Britannia,total-war-saga-thrones-of-britannia,76.4,7,70.1,14,2018,2010,"Real Time Strategy (RTS), Strategy, Turn-based strategy (TBS)","Linux, PC (Microsoft Windows), Mac"
9192,Wolfenstein: The Old Blood,wolfenstein-the-old-blood,76.4,15,77.3,446,2015,2010,"Shooter, Adventure","PlayStation 4, PC (Microsoft Windows), Xbox One"
5471,2014 FIFA World Cup Brazil,2014-fifa-world-cup-brazil,76.3,7,68.2,34,2014,2010,Sport,"PlayStation 3, Xbox 360"
115336,7th Sector,7th-sector,76.3,4,70.0,3,2019,2010,"Shooter, Platform, Puzzle, Adventure, Indie","PlayStation 4, PC (Microsoft Windows), Xbox One, Nintendo Switch"
122649,A Total War Saga: Troy,a-total-war-saga-troy,76.3,4,72.0,23,2020,2020,"Real Time Strategy (RTS), Simulator, Strategy, Turn-based strategy (TBS)","PC (Microsoft Windows), Mac"
8273,ATV Offroad Fury 4,atv-offroad-fury-4,76.3,3,,,2006,2000,"Racing, Sport",PlayStation 2
134602,Bugsnax,bugsnax,76.3,7,74.1,64,2020,2020,"Puzzle, Adventure, Indie","Xbox Series X|S, PlayStation 4, PC (Microsoft Windows), SteamVR, PlayStation 5, Mac, Xbox One, Nintendo Switch"
21933,Chambara,chambara,76.3,4,70.0,0,2016,2010,"Fighting, Shooter, Indie","PlayStation 4, PC (Microsoft Windows), Mac"
20090,Dariusburst: Chronicle Saviours,dariusburst-chronicle-saviours,76.3,4,80.0,2,2015,2010,Shooter,"PlayStation 4, Windows Phone, PC (Microsoft Windows), PlayStation Vita"
7299,Disgaea D2: A Brighter Darkness,disgaea-d2-a-brighter-darkness,76.3,4,76.7,10,2013,2010,"Role-playing (RPG), Strategy, Tactical",PlayStation 3
78,Dragon Age II,dragon-age-ii,76.3,7,74.1,692,2011,2010,"Role-playing (RPG), Adventure","PlayStation 3, PC (Microsoft Windows), Mac, Xbox 360"
117312,Embr,embr,76.3,4,59.8,10,2021,2020,"Platform, Puzzle, Simulator, Strategy, Indie","Google Stadia, PlayStation 4, PC (Microsoft Windows), Xbox One, Nintendo Switch"
68569,Espire 1: VR Operative,espire-1-vr-operative,76.3,3,50.0,4,2019,2010,"Shooter, Adventure","Oculus VR, Meta Quest 2, PlayStation VR, PC (Microsoft Windows), Oculus Quest"
96209,FIFA 19,fifa-19,76.3,10,73.0,219,2018,2010,Sport,"PlayStation 4, PC (Microsoft Windows), Xbox One"
945,Football Manager 2007,football-manager-2007,76.3,3,76.5,23,2006,2000,"Simulator, Sport, Strategy","PC (Microsoft Windows), Mac, Xbox 360"
567,Fuel,fuel,76.3,4,79.7,18,2009,2000,Racing,"PlayStation 3, PC (Microsoft Windows), Xbox 360"
7002,Grand Slam Tennis 2,grand-slam-tennis-2,76.3,6,62.1,6,2012,2010,Sport,"PlayStation 3, Xbox 360"
287853,Gundam Breaker 4,gundam-breaker-4,76.3,4,,,2024,2020,"Role-playing (RPG), Hack and slash/Beat 'em up","PlayStation 4, PC (Microsoft Windows), PlayStation 5, Nintendo Switch"
10255,Kero Blaster,kero-blaster,76.3,4,74.0,20,2014,2010,"Shooter, Platform, Adventure, Indie, Arcade","PlayStation 4, Android, PC (Microsoft Windows), iOS, Mac, Nintendo Switch"
36543,Last Day of June,last-day-of-june,76.3,9,75.9,81,2017,2010,"Puzzle, Role-playing (RPG), Adventure, Indie","PlayStation 4, PC (Microsoft Windows), Nintendo Switch"
21597,Lost Orbit,lost-orbit,76.3,3,70.0,0,2015,2010,"Adventure, Indie","PlayStation 4, Linux, PC (Microsoft Windows), Mac"
21093,Mario vs. Donkey Kong: Mini-Land Mayhem!,mario-vs-donkey-kong-mini-land-mayhem,76.3,4,61.9,13,2010,2010,"Platform, Puzzle, Adventure",Nintendo DS
29143,Mighty Gunvolt Burst,mighty-gunvolt-burst,76.3,4,77.0,4,2017,2010,"Shooter, Platform, Indie","Nintendo 3DS, PC (Microsoft Windows), Nintendo Switch"
7451,MotoGP 14,motogp-14--1,76.3,4,70.0,6,2014,2010,"Puzzle, Racing, Simulator, Sport","PlayStation 3, PlayStation 4, PC (Microsoft Windows), PlayStation Vita, Xbox 360"
103335,Nelke & the Legendary Alchemists: Ateliers of the New World,nelke-and-the-legendary-alchemists-ateliers-of-the-new-world,76.3,3,70.0,0,2019,2010,"Role-playing (RPG), Simulator","PlayStation 4, PC (Microsoft Windows), PlayStation Vita, Nintendo Switch"
18138,Pokkén Tournament,pokken-tournament,76.3,14,61.7,36,2015,2010,"Fighting, Arcade","Arcade, Wii U"
27018,Resident Evil 7: Biohazard - Banned Footage Vol. 1,resident-evil-7-biohazard-banned-footage-vol-1,76.3,4,73.0,31,2017,2010,"Shooter, Puzzle, Adventure","Google Stadia, Xbox Series X|S, PlayStation 4, Nintendo Switch 2, PC (Microsoft Windows), PlayStation 5, Xbox One"
27040,Resident Evil: Revelations 2 - Episode 2: Contemplation,resident-evil-revelations-2-episode-2-contemplation,76.3,4,79.9,5,2015,2010,"Shooter, Adventure","PlayStation 3, PlayStation 4, PC (Microsoft Windows), PlayStation Vita, Xbox 360, Xbox One"
7160,Ridge Racer 6,ridge-racer-6,76.3,3,88.1,6,2005,2000,Racing,Xbox 360
5165,Sonic & Sega All-Stars Racing,sonic-sega-all-stars-racing,76.3,3,72.6,71,2010,2010,Racing,"PlayStation 3, PC (Microsoft Windows), Mac"
8420,Star Trek: Elite Force II,star-trek-elite-force-ii,76.3,3,75.9,21,2003,2000,"Shooter, Puzzle","PC (Microsoft Windows), Mac"
23957,Stardust Galaxy Warriors: Stellar Climax,stardust-galaxy-warriors-stellar-climax,76.3,4,90.0,2,2015,2010,"Shooter, Arcade","PlayStation 4, Linux, PC (Microsoft Windows), Mac, Xbox One, Nintendo Switch"
11459,Stella Glow,stella-glow,76.3,5,90.0,11,2015,2010,"Role-playing (RPG), Strategy, Turn-based strategy (TBS)",Nintendo 3DS
276,Supreme Commander,supreme-commander,76.3,3,76.2,73,2007,2000,"Real Time Strategy (RTS), Simulator, Strategy","PC (Microsoft Windows), Xbox 360, PlayStation 2"
24539,The Descendant,the-descendant,76.3,4,70.0,8,2016,2010,"Adventure, Indie","PC (Microsoft Windows), Mac"
133896,The Last Faith,the-last-faith,76.3,4,74.8,22,2023,2020,"Fighting, Platform, Role-playing (RPG), Hack and slash/Beat 'em up, Adventure, Indie","Xbox Series X|S, PlayStation 4, PC (Microsoft Windows), PlayStation 5, Mac, Xbox One, Nintendo Switch"
127110,The Wolf Among Us: Episode 4 - In Sheep's Clothing,the-wolf-among-us-episode-4-in-sheeps-clothing,76.3,6,70.0,5,2014,2010,"Point-and-click, Adventure","PlayStation 3, PlayStation 4, PC (Microsoft Windows), Mac, Xbox 360"
140868,Time Loader,time-loader,76.3,4,,,2021,2020,"Platform, Puzzle, Racing, Simulator, Adventure, Indie, Arcade","PlayStation 4, PC (Microsoft Windows), Xbox One, Nintendo Switch"
119365,Trigger Witch,trigger-witch,76.3,3,,,2021,2020,"Shooter, Adventure, Indie","Xbox Series X|S, PlayStation 4, PC (Microsoft Windows), PlayStation 5, Xbox One, Nintendo Switch"
7227,UFC 2009 Undisputed,ufc-2009-undisputed,76.3,7,70.0,17,2009,2000,"Fighting, Role-playing (RPG), Sport, Strategy, Arcade","PlayStation 3, Xbox 360"
116634,Beyond a Steel Sky,beyond-a-steel-sky,76.2,5,69.1,27,2020,2020,"Puzzle, Adventure, Indie","Xbox Series X|S, PlayStation 4, Linux, PC (Microsoft Windows), iOS, PlayStation 5, Mac, Xbox One, Nintendo Switch"
9066,Cities: Skylines,cities-skylines,76.2,13,80.1,704,2015,2010,"Simulator, Strategy","Google Stadia, Linux, PC (Microsoft Windows), Mac"
9279,Demigod,demigod,76.2,5,76.2,14,2009,2000,"Shooter, Real Time Strategy (RTS), Role-playing (RPG), Strategy, Indie",PC (Microsoft Windows)
5988,Dungeon Siege III,dungeon-siege-iii,76.2,6,69.5,67,2011,2010,"Role-playing (RPG), Hack and slash/Beat 'em up","PlayStation 3, PC (Microsoft Windows), Xbox 360"
236683,Etrian Odyssey: Origins Collection,etrian-odyssey-origins-collection,76.2,5,,,2023,2020,"Role-playing (RPG), Adventure","PC (Microsoft Windows), Nintendo Switch"
13182,Far Cry: Primal,far-cry-primal,76.2,20,71.4,493,2016,2010,"Shooter, Adventure","Google Stadia, Xbox Series X|S, PlayStation 4, PC (Microsoft Windows), PlayStation 5, Xbox One"
250617,Ghostrunner II,ghostrunner-ii,76.2,5,79.5,51,2023,2020,"Platform, Strategy, Hack and slash/Beat 'em up, Adventure","Xbox Series X|S, PC (Microsoft Windows), PlayStation 5"
56463,Luna: The Shadow Dust,luna-the-shadow-dust,76.2,6,76.9,14,2020,2020,"Point-and-click, Music, Puzzle, Role-playing (RPG), Adventure, Indie","Linux, PC (Microsoft Windows), Mac, Nintendo Switch"
18857,Ruiner,ruiner,76.2,12,77.5,123,2017,2010,"Shooter, Strategy, Adventure, Indie","PlayStation 4, Linux, PC (Microsoft Windows), Mac, Xbox One, Nintendo Switch"
18366,Sniper Elite 4,sniper-elite-4,76.2,19,73.7,196,2017,2010,"Shooter, Tactical, Adventure","Google Stadia, PlayStation 4, PC (Microsoft Windows), iOS, PlayStation 5, Mac, Xbox One, Nintendo Switch"
19912,Soul Sacrifice,soul-sacrifice,76.2,9,79.9,10,2013,2010,Role-playing (RPG),PlayStation Vita
12633,Atelier Sophie: The Alchemist of the Mysterious Book,atelier-sophie-the-alchemist-of-the-mysterious-book,76.1,11,79.4,13,2015,2010,"Role-playing (RPG), Adventure","PlayStation 3, PlayStation 4, PC (Microsoft Windows), PlayStation Vita"
18645,Hand of Fate 2,hand-of-fate-2,76.1,11,70.1,32,2017,2010,"Role-playing (RPG), Turn-based strategy (TBS), Hack and slash/Beat 'em up, Adventure, Indie, Card & Board Game","PlayStation 4, Linux, PC (Microsoft Windows), Mac, Xbox One, Nintendo Switch"
118219,John Wick Hex,john-wick-hex,76.1,12,60.0,16,2019,2010,"Simulator, Strategy, Turn-based strategy (TBS), Tactical","PlayStation 4, PC (Microsoft Windows), Mac, Xbox One, Nintendo Switch"
3150,LEGO Harry Potter: Years 5-7,lego-harry-potter-years-5-7,76.1,7,74.9,130,2011,2010,"Platform, Puzzle, Adventure","PlayStation 3, Wii, Android, PC (Microsoft Windows), iOS, Mac, PlayStation Vita, PlayStation Portable, Xbox 360"
12482,Layers of Fear,layers-of-fear,76.1,17,71.1,274,2016,2010,"Puzzle, Adventure, Indie","PlayStation 4, Linux, PC (Microsoft Windows), iOS, Mac, Xbox One"
36847,NHL 18,nhl-18,76.1,8,70.0,19,2017,2010,Sport,"PlayStation 4, Xbox One"
140617,The Dark Pictures Anthology: House of Ashes,the-dark-pictures-anthology-house-of-ashes,76.1,9,72.7,171,2021,2020,Adventure,"Xbox Series X|S, PlayStation 4, PC (Microsoft Windows), PlayStation 5, Xbox One"
19979,This War of Mine: The Little Ones,this-war-of-mine-the-little-ones,76.1,9,76.0,29,2016,2010,"Simulator, Strategy, Adventure, Indie","PlayStation 4, Linux, Android, PC (Microsoft Windows), iOS, Mac, Xbox One"
7327,Valiant Hearts: The Great War,valiant-hearts-the-great-war,76.1,9,81.1,444,2014,2010,"Platform, Puzzle, Adventure","PlayStation 3, PlayStation 4, Android, PC (Microsoft Windows), iOS, Xbox 360, Xbox One, Nintendo Switch"
75162,8-bit Adventure Anthology: Volume I,8-bit-adventure-anthology-volume-i,76.0,3,70.0,1,2017,2010,"Point-and-click, Adventure","PlayStation 4, Linux, PC (Microsoft Windows), Mac, Xbox One"
2678,Band Hero,band-hero,76.0,7,70.1,25,2009,2000,Music,"PlayStation 3, Wii, Xbox 360, Nintendo DS, PlayStation 2"
5499,Battle Fantasia,battle-fantasia,76.0,3,75.0,4,2007,2000,Fighting,"Arcade, PlayStation 3, Xbox 360"
115054,Chernobylite,chernobylite,76.0,3,68.7,51,2021,2020,"Shooter, Role-playing (RPG), Simulator, Adventure","Xbox Series X|S, PlayStation 4, PC (Microsoft Windows), PlayStation 5, Xbox One, Nintendo Switch"
26166,Dauntless,dauntless,76.0,5,62.4,86,2019,2010,"Role-playing (RPG), Adventure","Xbox Series X|S, PlayStation 4, PC (Microsoft Windows), PlayStation 5, Xbox One, Nintendo Switch"
26776,Detention,detention,76.0,3,75.7,88,2017,2010,"Point-and-click, Puzzle, Role-playing (RPG), Adventure, Indie","PlayStation 4, Linux, Android, PC (Microsoft Windows), iOS, Mac, Nintendo Switch"
107173,Edna & Harvey: The Breakout - 10th Anniversary Edition,edna-and-harvey-the-breakout-10th-anniversary-edition,76.0,3,63.1,7,2019,2010,"Point-and-click, Puzzle, Adventure, Indie","PlayStation 4, PC (Microsoft Windows), Xbox One, Nintendo Switch"
520,F.E.A.R. 2: Project Origin,f-e-a-r-2-project-origin,76.0,7,76.5,314,2009,2000,Shooter,"PlayStation 3, PC (Microsoft Windows), Xbox 360"
1440,Fire Emblem: The Sacred Stones,fire-emblem-the-sacred-stones,76.0,3,90.3,138,2004,2000,"Role-playing (RPG), Strategy, Turn-based strategy (TBS), Tactical","Nintendo 3DS, Wii U, Game Boy Advance"
20331,For the King,for-the-king,76.0,3,69.4,83,2018,2010,"Role-playing (RPG), Strategy, Turn-based strategy (TBS), Adventure, Indie, Card & Board Game","PlayStation 4, Linux, PC (Microsoft Windows), Mac, Xbox One, Nintendo Switch"
191400,Front Mission 1st: Remake,front-mission-1st-remake,76.0,3,,,2022,2020,"Role-playing (RPG), Strategy, Turn-based strategy (TBS)","Xbox Series X|S, PlayStation 4, PC (Microsoft Windows), PlayStation 5, Xbox One, Nintendo Switch"
735,Ground Control II: Operation Exodus,ground-control-ii-operation-exodus,76.0,4,73.7,14,2004,2000,"Real Time Strategy (RTS), Strategy, Adventure",PC (Microsoft Windows)
18156,HarmoKnight,harmoknight,76.0,4,62.5,7,2012,2010,"Music, Platform",Nintendo 3DS
215682,Hollowbody,hollowbody,76.0,4,66.1,11,2024,2020,"Shooter, Puzzle, Adventure, Indie","Xbox Series X|S, PC (Microsoft Windows), PlayStation 5"
20113,Jak and Daxter Collection,jak-and-daxter-collection,76.0,6,84.5,18,2012,2010,"Shooter, Platform, Racing, Strategy, Adventure","PlayStation 3, PlayStation Vita"
11326,Jeanne d'Arc,jeanne-darc,76.0,3,79.9,20,2006,2000,"Role-playing (RPG), Tactical",PlayStation Portable
21092,LEGO Universe,lego-universe,76.0,3,,,2010,2010,Role-playing (RPG),PC (Microsoft Windows)
21568,Marvel vs. Capcom Origins,marvel-vs-capcom-origins,76.0,3,65.6,7,2012,2010,Fighting,"PlayStation 3, Xbox 360"
24654,New World: Aeternum,new-world-aeternum--1,76.0,7,64.8,104,2021,2020,"Role-playing (RPG), Adventure","Xbox Series X|S, PC (Microsoft Windows), PlayStation 5"
121754,Orcs Must Die! 3,orcs-must-die-3,76.0,6,73.2,37,2020,2020,"Shooter, Puzzle, Strategy, Adventure, Indie","Google Stadia, Xbox Series X|S, PlayStation 4, PC (Microsoft Windows), PlayStation 5, Xbox One"
76961,Patapon 2 Remastered,patapon-2-remastered,76.0,3,,,2020,2020,"Music, Puzzle, Real Time Strategy (RTS), Strategy, Adventure",PlayStation 4
132903,Pendragon,pendragon,76.0,3,,,2020,2020,"Role-playing (RPG), Strategy, Tactical, Adventure, Indie","PC (Microsoft Windows), Mac"
54217,Persona 3: Dancing in Moonlight,persona-3-dancing-in-moonlight,76.0,5,74.9,30,2018,2010,Music,"PlayStation 4, PlayStation Vita"
85357,Puzzle & Dragons Z + Puzzle & Dragons: Super Mario Bros. Edition,puzzle-and-dragons-z-plus-puzzle-and-dragons-super-mario-bros-edition,76.0,5,69.7,5,2015,2010,"Puzzle, Role-playing (RPG), Adventure",Nintendo 3DS
21250,R-Type Dimensions,r-type-dimensions,76.0,4,62.1,5,2009,2000,"Shooter, Arcade","PlayStation 3, Xbox 360"
215138,Railway Empire 2,railway-empire-2,76.0,3,,,2023,2020,"Simulator, Strategy","Xbox Series X|S, PlayStation 4, PC (Microsoft Windows), PlayStation 5, Xbox One, Nintendo Switch"
389429,Rayman: 30th Anniversary Edition,rayman-30th-anniversary-edition,76.0,3,,,2026,2020,"Platform, Adventure","Xbox Series X|S, PC (Microsoft Windows), PlayStation 5, Nintendo Switch"
137985,Rogue Heroes: Ruins of Tasos,rogue-heroes-ruins-of-tasos,76.0,5,70.8,8,2021,2020,"Role-playing (RPG), Adventure, Indie","PC (Microsoft Windows), Nintendo Switch"
5126,Rogue Trooper,rogue-trooper,76.0,3,78.9,34,2006,2000,Shooter,"Xbox, Wii, PC (Microsoft Windows), PlayStation 2"
267796,Rusty Rabbit,rusty-rabbit,76.0,3,,,2025,2020,"Role-playing (RPG), Adventure","PC (Microsoft Windows), PlayStation 5, Nintendo Switch"
25656,Senran Kagura: Peach Beach Splash,senran-kagura-peach-beach-splash,76.0,9,60.1,10,2017,2010,Shooter,"PlayStation 4, PC (Microsoft Windows)"
27430,Sparc,sparc,76.0,3,80.0,1,2017,2010,"Sport, Indie","PlayStation 4, PlayStation VR, PC (Microsoft Windows), SteamVR, Oculus Rift"
1452,Suikoden Tierkreis,suikoden-tierkreis,76.0,3,77.7,18,2008,2000,Role-playing (RPG),Nintendo DS
319646,Taito Milestones 3,taito-milestones-3,76.0,3,,,2024,2020,"Shooter, Platform, Arcade",Nintendo Switch
1212,Tales of Xillia,tales-of-xillia,76.0,5,78.2,65,2011,2010,Role-playing (RPG),PlayStation 3
28213,The Jackbox Party Pack 4,the-jackbox-party-pack-4,76.0,4,76.0,54,2017,2010,"Puzzle, Strategy, Quiz/Trivia, Indie","Amazon Fire TV, PlayStation 4, Linux, Android, PC (Microsoft Windows), iOS, Mac, Xbox One, Nintendo Switch"
289696,The Sinking City 2,the-sinking-city-2,76.0,3,79.5,7,2026,2020,"Shooter, Adventure","Xbox Series X|S, Nintendo Switch 2, PC (Microsoft Windows), PlayStation 5"
6164,The Testament of Sherlock Holmes,the-testament-of-sherlock-holmes,76.0,3,76.8,118,2012,2010,"Point-and-click, Puzzle, Adventure","PlayStation 3, PlayStation 4, PC (Microsoft Windows), Xbox 360, Nintendo Switch"
7328,Infamous: First Light,infamous-first-light,75.9,7,74.2,185,2014,2010,"Shooter, Platform, Adventure",PlayStation 4
242493,LEGO 2K Drive,lego-2k-drive,75.9,7,69.7,21,2023,2020,"Racing, Adventure, Arcade","Xbox Series X|S, PlayStation 4, PC (Microsoft Windows), PlayStation 5, Xbox One, Nintendo Switch"
17030,LEGO Star Wars: The Force Awakens,lego-star-wars-the-force-awakens,75.9,23,66.9,107,2016,2010,"Platform, Puzzle, Hack and slash/Beat 'em up, Adventure","PlayStation 3, PlayStation 4, Nintendo 3DS, Android, PC (Microsoft Windows), iOS, Mac, Wii U, PlayStation Vita, Xbox 360, Xbox One"
121960,Brigandine: The Legend of Runersia,brigandine-the-legend-of-runersia,75.8,4,,,2020,2020,"Role-playing (RPG), Simulator, Strategy, Turn-based strategy (TBS), Tactical","PlayStation 4, PC (Microsoft Windows), Nintendo Switch"
21136,Crash Commando,crash-commando,75.8,4,,,2008,2000,"Shooter, Platform",PlayStation 3
19319,Curious Expedition,curious-expedition,75.8,4,77.3,23,2016,2010,"Real Time Strategy (RTS), Role-playing (RPG), Simulator, Strategy, Adventure, Indie, Card & Board Game","PlayStation 4, Linux, PC (Microsoft Windows), Mac, Xbox One, Nintendo Switch"
122082,Disney Classic Games: Aladdin and The Lion King,disney-classic-games-aladdin-and-the-lion-king,75.8,5,61.2,9,2019,2010,"Platform, Adventure, Arcade","PlayStation 4, PC (Microsoft Windows), Xbox One, Nintendo Switch"
25227,El Hijo: A Wild West Tale,el-hijo-a-wild-west-tale,75.8,4,,,2020,2020,"Puzzle, Strategy, Adventure, Indie","Google Stadia, PlayStation 4, Android, PC (Microsoft Windows), iOS, Mac, Xbox One, Nintendo Switch"
514,F.E.A.R. 3,f-e-a-r-3,75.8,5,68.5,229,2011,2010,"Shooter, Adventure","PlayStation 3, PC (Microsoft Windows), Xbox 360"
107317,Gato Roboto,gato-roboto,75.8,5,75.8,52,2019,2010,"Platform, Adventure, Indie, Arcade","PC (Microsoft Windows), Xbox One, Nintendo Switch"
11349,Ironcast,ironcast,75.8,6,63.3,6,2015,2010,"Puzzle, Role-playing (RPG), Strategy, Turn-based strategy (TBS), Indie","PlayStation 4, Linux, PC (Microsoft Windows), Mac, Xbox One, Nintendo Switch"
2738,LEGO Batman: The Videogame,lego-batman-the-videogame,75.8,4,73.4,282,2008,2000,"Platform, Hack and slash/Beat 'em up, Adventure","PlayStation 3, Wii, PC (Microsoft Windows), Mac, PlayStation Portable, Xbox 360, PlayStation 2"
3989,Mario Sports Mix,mario-sports-mix,75.8,4,70.2,27,2010,2010,Sport,"Wii, Wii U"
19635,Naruto: Ultimate Ninja Storm,naruto-ultimate-ninja-storm,75.8,5,72.3,104,2008,2000,"Fighting, Adventure","PlayStation 3, PlayStation 4, Android, PC (Microsoft Windows), iOS, Xbox One, Nintendo Switch"
5552,Oddworld: New 'n' Tasty,oddworld-new-n-tasty,75.8,11,78.9,73,2014,2010,"Platform, Puzzle, Adventure, Indie","PlayStation 3, PlayStation 4, Linux, Android, PC (Microsoft Windows), iOS, Mac, Wii U, PlayStation Vita, Xbox One, Nintendo Switch"
254336,Penny's Big Breakaway,pennys-big-breakaway,75.8,5,61.6,7,2024,2020,"Platform, Adventure, Indie","Xbox Series X|S, PC (Microsoft Windows), PlayStation 5, Nintendo Switch"
19531,Prey,prey--1,75.8,16,80.6,697,2017,2010,"Shooter, Puzzle, Role-playing (RPG), Adventure","PlayStation 4, PC (Microsoft Windows), Xbox One"
541,Ridge Racer Unbounded,ridge-racer-unbounded,75.8,10,64.1,24,2012,2010,"Racing, Arcade","PlayStation 3, PC (Microsoft Windows), Xbox 360"
10128,Rock Band 4,rock-band-4,75.8,13,72.7,18,2015,2010,"Music, Simulator","PlayStation 4, Xbox One"
96391,Shenmue I & II,shenmue-i-and-ii,75.8,4,74.2,29,2018,2010,"Role-playing (RPG), Hack and slash/Beat 'em up, Adventure","PlayStation 4, PC (Microsoft Windows), Xbox One"
26975,Super Hydorah,super-hydorah,75.8,4,70.0,4,2017,2010,"Shooter, Indie, Arcade","PlayStation 4, PC (Microsoft Windows), iOS, PlayStation Vita, Xbox One, Nintendo Switch"
127063,The Walking Dead: A New Frontier - Episode 2: Ties That Bind - Part Two,the-walking-dead-a-new-frontier-episode-2-ties-that-bind-part-two,75.8,5,79.9,5,2016,2010,"Point-and-click, Adventure","PlayStation 4, Android, PC (Microsoft Windows), iOS, Xbox One"
127108,The Wolf Among Us: Episode 2 - Smoke and Mirrors,the-wolf-among-us-episode-2-smoke-and-mirrors,75.8,8,70.0,5,2014,2010,"Point-and-click, Adventure","PlayStation 3, PlayStation 4, PC (Microsoft Windows), Mac, Xbox 360"
122385,Timelie,timelie,75.8,4,70.9,6,2020,2020,"Puzzle, Strategy, Adventure, Indie","Android, PC (Microsoft Windows), iOS, Mac, Nintendo Switch"
103331,Trover Saves the Universe,trover-saves-the-universe,75.8,5,80.5,30,2019,2010,"Platform, Puzzle, Adventure, Indie","Meta Quest 2, PlayStation 4, PlayStation VR, PC (Microsoft Windows), SteamVR, Oculus Rift, Xbox One, Nintendo Switch, Oculus Quest"
16402,Age of Conan: Unchained,age-of-conan-unchained,75.7,3,70.9,14,2008,2000,"Role-playing (RPG), Adventure",PC (Microsoft Windows)
324,Age of Mythology,age-of-mythology,75.7,3,81.6,470,2002,2000,"Real Time Strategy (RTS), Strategy","PC (Microsoft Windows), Mac"
26964,Batman: The Telltale Series - Episode 2: Children of Arkham,batman-the-telltale-series-episode-2-children-of-arkham,75.7,14,,,2016,2010,"Point-and-click, Adventure","PlayStation 3, PlayStation 4, PC (Microsoft Windows), Xbox 360, Xbox One"
22636,Call of Duty: Black Ops - Annihilation,call-of-duty-black-ops-annihilation,75.7,3,74.2,5,2011,2010,Shooter,"PlayStation 3, PlayStation 4, PC (Microsoft Windows), PlayStation 5, Xbox 360"
316681,Carmen Sandiego,carmen-sandiego,75.7,3,,,2025,2020,"Puzzle, Simulator, Strategy, Adventure","Xbox Series X|S, PlayStation 4, Android, PC (Microsoft Windows), iOS, PlayStation 5, Xbox One, Nintendo Switch"
111837,Cloudpunk,cloudpunk,75.7,7,71.2,65,2020,2020,"Role-playing (RPG), Simulator, Adventure, Indie","Xbox Series X|S, PlayStation 4, PC (Microsoft Windows), PlayStation 5, Xbox One, Nintendo Switch"
2926,Disney Infinity,disney-infinity,75.7,10,69.4,31,2013,2010,"Platform, Racing, Role-playing (RPG), Adventure","PlayStation 3, Wii U, Xbox 360"
6168,Insanely Twisted Shadow Planet,insanely-twisted-shadow-planet,75.7,3,76.2,24,2011,2010,"Shooter, Puzzle, Adventure, Indie","Linux, PC (Microsoft Windows), Mac, Xbox 360"
260301,Lunar Lander Beyond,lunar-lander-beyond,75.7,3,,,2024,2020,"Platform, Adventure, Arcade","Xbox Series X|S, PlayStation 4, PC (Microsoft Windows), PlayStation 5, Xbox One, Nintendo Switch"
7091,MX vs. ATV: Reflex,mx-vs-atv-reflex,75.7,3,80.0,14,2009,2000,"Racing, Simulator, Sport","PlayStation 3, PC (Microsoft Windows), Xbox 360"
203376,Madden NFL 23,madden-nfl-23,75.7,3,69.0,8,2022,2020,"Simulator, Sport, Strategy","Xbox Series X|S, PC (Microsoft Windows), PlayStation 5"
18027,Mario and Donkey Kong: Minis on the Move,mario-and-donkey-kong-minis-on-the-move,75.7,6,69.0,3,2013,2010,"Platform, Puzzle",Nintendo 3DS
101007,Mundaun,mundaun,75.7,3,79.8,15,2021,2020,"Puzzle, Simulator, Adventure, Indie","Xbox Series X|S, PlayStation 4, PC (Microsoft Windows), PlayStation 5, Mac, Xbox One, Nintendo Switch"
4075,Puyo Pop Fever,puyo-pop-fever,75.7,3,75.7,10,2003,2000,"Puzzle, Strategy","Arcade, Palm OS, Xbox, Nintendo GameCube, PC (Microsoft Windows), Mac, PlayStation Portable, Dreamcast, PlayStation 2"
252480,Sand Land,sand-land,75.7,6,75.0,8,2024,2020,Role-playing (RPG),"Xbox Series X|S, PlayStation 4, PC (Microsoft Windows), PlayStation 5"
112870,Spellbreak,spellbreak,75.7,3,68.8,47,2020,2020,"Shooter, Role-playing (RPG), Adventure","PlayStation 4, PC (Microsoft Windows), Xbox One, Nintendo Switch"
36616,They Are Billions,they-are-billions,75.7,7,73.2,63,2019,2010,"Real Time Strategy (RTS), Role-playing (RPG), Strategy, Indie","PlayStation 4, Nintendo Switch 2, PC (Microsoft Windows), Xbox One"
5221,Tiger Woods PGA Tour 08,tiger-woods-pga-tour-08,75.7,3,79.4,6,2007,2000,"Simulator, Sport","PlayStation 3, Wii, PC (Microsoft Windows), Mac, PlayStation Portable, Xbox 360, Nintendo DS, PlayStation 2"
152061,Tiny Tina's Wonderlands,tiny-tinas-wonderlands,75.7,7,71.3,84,2022,2020,"Shooter, Role-playing (RPG), Adventure","Xbox Series X|S, PlayStation 4, PC (Microsoft Windows), PlayStation 5, Xbox One"
279636,Visions of Mana,visions-of-mana,75.7,6,,,2024,2020,"Role-playing (RPG), Adventure","Xbox Series X|S, PlayStation 4, PC (Microsoft Windows), PlayStation 5"
2978,Wargame: AirLand Battle,wargame-airland-battle,75.7,3,75.7,9,2013,2010,"Real Time Strategy (RTS), Simulator, Strategy, Indie","Linux, PC (Microsoft Windows), Mac"
11214,World of Final Fantasy,world-of-final-fantasy,75.7,27,70.1,42,2016,2010,"Role-playing (RPG), Tactical, Adventure","PlayStation 4, PC (Microsoft Windows), PlayStation Vita"
20048,Darksiders II: Deathinitive Edition,darksiders-ii-deathinitive-edition,75.6,14,73.1,89,2015,2010,"Fighting, Puzzle, Role-playing (RPG), Hack and slash/Beat 'em up, Adventure","Google Stadia, Xbox Series X|S, PlayStation 4, PC (Microsoft Windows), PlayStation 5, Xbox One, Nintendo Switch"
3199,Dead Rising 3,dead-rising-3,75.6,16,68.0,135,2013,2010,"Role-playing (RPG), Adventure","PC (Microsoft Windows), Xbox One"
18861,I Am Setsuna,i-am-setsuna,75.6,27,70.0,33,2016,2010,"Role-playing (RPG), Adventure","PlayStation 4, PC (Microsoft Windows), PlayStation Vita, Nintendo Switch"
7685,LEGO Batman 3: Beyond Gotham,lego-batman-3-beyond-gotham,75.6,12,71.9,96,2014,2010,"Platform, Puzzle, Adventure","PlayStation 3, PlayStation 4, PC (Microsoft Windows), Mac, Wii U, Xbox 360, Xbox One"
81104,Life is Strange: Before the Storm - Episode 1: Awake,life-is-strange-before-the-storm-episode-1-awake,75.6,12,,,2017,2010,Adventure,"PlayStation 4, PC (Microsoft Windows), Xbox One"
17719,République,republique,75.6,5,78.9,11,2014,2010,"Puzzle, Adventure, Indie","Google Stadia, PlayStation 4, Android, PC (Microsoft Windows), Mac"
16478,Shardlight,shardlight,75.6,5,80.5,27,2016,2010,"Point-and-click, Role-playing (RPG), Adventure, Indie","Linux, PC (Microsoft Windows), Mac"
20114,Sorcery,sorcery,75.6,5,,,2012,2010,"Puzzle, Role-playing (RPG), Adventure",PlayStation 3
142,Star Wars: Battlefront II,star-wars-battlefront-ii,75.6,5,84.8,736,2005,2000,Shooter,"Xbox, PC (Microsoft Windows), PlayStation Portable, PlayStation 2"
120300,Story of Seasons: Friends of Mineral Town,story-of-seasons-friends-of-mineral-town,75.6,5,72.5,9,2019,2010,"Role-playing (RPG), Simulator, Strategy","Xbox Series X|S, PlayStation 4, PC (Microsoft Windows), Xbox One, Nintendo Switch"
254341,WarioWare: Move It!,warioware-move-it,75.6,5,78.0,11,2023,2020,Arcade,Nintendo Switch
6032,Borderlands: The Pre-Sequel,borderlands-the-pre-sequel,75.5,15,71.9,414,2014,2010,"Shooter, Role-playing (RPG)","PlayStation 3, PlayStation 4, Linux, Android, PC (Microsoft Windows), Mac, Xbox 360, Xbox One, Nintendo Switch"
1676,DoDonPachi Resurrection,dodonpachi-resurrection,75.5,4,80.0,8,2008,2000,"Shooter, Arcade","Arcade, Android, PC (Microsoft Windows), iOS, Xbox 360, Nintendo Switch"
22431,Doom: Unto the Evil,doom-unto-the-evil,75.5,4,,,2016,2010,Shooter,"PlayStation 4, PC (Microsoft Windows), Xbox One"
5968,Double Dragon Neon,double-dragon-neon,75.5,4,73.7,28,2012,2010,"Fighting, Hack and slash/Beat 'em up, Indie","PlayStation 3, PC (Microsoft Windows), Xbox 360, Nintendo Switch"
11857,God Eater 2: Rage Burst,god-eater-2-rage-burst,75.5,11,59.6,13,2015,2010,"Role-playing (RPG), Hack and slash/Beat 'em up","PlayStation 4, PC (Microsoft Windows), PlayStation Vita"
1291,God of War: Ascension,god-of-war-ascension,75.5,11,75.0,259,2013,2010,"Hack and slash/Beat 'em up, Adventure",PlayStation 3
254340,Princess Peach: Showtime!,princess-peach-showtime,75.5,6,65.3,26,2024,2020,"Hack and slash/Beat 'em up, Adventure",Nintendo Switch
21348,The Last Guy,the-last-guy,75.5,4,79.9,6,2008,2000,Puzzle,PlayStation 3
6500,The Lord of the Rings: The Third Age,the-lord-of-the-rings-the-third-age,75.5,4,72.2,57,2004,2000,"Role-playing (RPG), Strategy, Turn-based strategy (TBS), Tactical","Xbox, Nintendo GameCube, Game Boy Advance, PlayStation 2"
127064,The Walking Dead: A New Frontier - Episode 3: Above the Law,the-walking-dead-a-new-frontier-episode-3-above-the-law,75.5,12,79.9,5,2017,2010,"Point-and-click, Adventure","PlayStation 4, Android, PC (Microsoft Windows), iOS, Xbox One"
36897,A Way Out,a-way-out,75.4,13,77.3,670,2018,2010,Adventure,"PlayStation 4, PC (Microsoft Windows), Xbox One"
215060,Assassin's Creed Mirage,assassins-creed-mirage,75.4,9,73.0,196,2023,2020,Adventure,"Xbox Series X|S, PlayStation 4, PC (Microsoft Windows), iOS, PlayStation 5, Xbox One"
4796,De Blob 2,de-blob-2,75.4,8,70.3,19,2011,2010,"Platform, Puzzle, Adventure, Indie","PlayStation 3, PlayStation 4, Wii, PC (Microsoft Windows), Xbox 360, Xbox One, Nintendo Switch"
696,FIFA Soccer 07,fifa-soccer-07,75.4,4,72.8,122,2006,2000,Sport,"Xbox, Nintendo GameCube, PC (Microsoft Windows), PlayStation 2"
18149,Jotun: Valhalla Edition,jotun-valhalla-edition,75.4,10,69.5,35,2016,2010,"Adventure, Indie","Linux, PC (Microsoft Windows), Mac"
1869,Killzone: Mercenary,killzone-mercenary,75.4,9,75.8,32,2013,2010,Shooter,PlayStation Vita
114286,Madden NFL 20,madden-nfl-20,75.4,7,68.1,31,2019,2010,Sport,"PlayStation 4, PC (Microsoft Windows), Xbox One"
14381,Penarium,penarium,75.4,7,70.0,3,2015,2010,"Platform, Indie","PlayStation 4, Linux, PC (Microsoft Windows), Mac, Xbox One"
55121,Phantom Doctrine,phantom-doctrine--1,75.4,9,60.0,12,2018,2010,"Role-playing (RPG), Simulator, Strategy, Turn-based strategy (TBS), Tactical, Adventure","PlayStation 4, PC (Microsoft Windows), Xbox One, Nintendo Switch"
19863,Push Me Pull You,push-me-pull-you,75.4,5,70.0,3,2016,2010,"Sport, Indie","PlayStation 4, Linux, PC (Microsoft Windows), Mac"
528,Red Faction: Armageddon,red-faction-armageddon,75.4,5,69.4,99,2011,2010,"Shooter, Adventure","PlayStation 3, PC (Microsoft Windows), Xbox 360"
11643,Shoot Many Robots,shoot-many-robots,75.4,5,75.3,13,2012,2010,"Shooter, Role-playing (RPG), Indie","PlayStation 3, Android, PC (Microsoft Windows), Xbox 360"
11366,Superdimension Neptune vs. Sega Hard Girls,superdimension-neptune-vs-sega-hard-girls,75.4,5,80.0,4,2015,2010,Role-playing (RPG),"PC (Microsoft Windows), PlayStation Vita"
22359,The Adventure Pals,the-adventure-pals,75.4,5,68.7,17,2018,2010,"Platform, Puzzle, Role-playing (RPG), Adventure, Indie","PlayStation 4, PC (Microsoft Windows), Mac, Xbox One, Nintendo Switch"
14740,The Deadly Tower of Monsters,the-deadly-tower-of-monsters,75.4,5,74.9,54,2016,2010,"Shooter, Adventure, Indie","PlayStation 4, PC (Microsoft Windows)"
25653,The Escapists 2,the-escapists-2,75.4,9,67.8,87,2017,2010,"Puzzle, Role-playing (RPG), Simulator, Strategy, Tactical, Adventure, Indie","PlayStation 4, Linux, PC (Microsoft Windows), Mac, Xbox One, Nintendo Switch"
133308,The Medium,the-medium,75.4,17,70.8,154,2021,2020,Adventure,"Xbox Series X|S, PC (Microsoft Windows), PlayStation 5, Mac"
5220,Tiger Woods PGA Tour 07,tiger-woods-pga-tour-07,75.4,5,70.0,1,2006,2000,Sport,"Xbox, PlayStation 3, Wii, PC (Microsoft Windows), PlayStation Portable, Xbox 360, PlayStation 2"
2030,TimeShift,timeshift,75.4,5,70.7,111,2007,2000,"Shooter, Puzzle","PlayStation 3, PC (Microsoft Windows), Xbox 360"
17828,20XX,20xx,75.3,3,70.2,30,2017,2010,"Shooter, Platform, Adventure, Indie, Arcade","PlayStation 4, PC (Microsoft Windows), Xbox One, Nintendo Switch"
132300,A Little Golf Journey,a-little-golf-journey,75.3,3,,,2021,2020,"Puzzle, Sport, Adventure, Indie, Arcade","PC (Microsoft Windows), Nintendo Switch"
2797,Adventure Time: Hey Ice King! Why'd You Steal Our Garbage?!,adventure-time-hey-ice-king-why-d-you-steal-our-garbage,75.3,4,69.7,9,2012,2010,"Platform, Adventure","Nintendo 3DS, Nintendo DS"
213237,Alone in the Dark,alone-in-the-dark--1,75.3,4,72.0,54,2024,2020,"Puzzle, Adventure","Xbox Series X|S, PC (Microsoft Windows), PlayStation 5"
236698,Atelier Marie Remake: The Alchemist of Salburg,atelier-marie-remake-the-alchemist-of-salburg,75.3,4,,,2023,2020,"Role-playing (RPG), Adventure","PlayStation 4, PC (Microsoft Windows), PlayStation 5, Nintendo Switch"
236711,Baten Kaitos I & II HD Remaster,baten-kaitos-i-and-ii-hd-remaster,75.3,3,,,2023,2020,"Role-playing (RPG), Adventure, Card & Board Game","PC (Microsoft Windows), Nintendo Switch"
3823,Blood Omen 2: Legacy of Kain,blood-omen-2-legacy-of-kain,75.3,3,73.2,44,2002,2000,"Hack and slash/Beat 'em up, Adventure","Xbox, Nintendo GameCube, PC (Microsoft Windows), PlayStation 2"
375072,Bluey's Quest for the Gold Pen,blueys-quest-for-the-gold-pen,75.3,4,,,2025,2020,Adventure,"Xbox Series X|S, PlayStation 4, Nintendo Switch 2, Android, PC (Microsoft Windows), iOS, PlayStation 5, Nintendo Switch"
28204,Call of Duty: WWII,call-of-duty-wwii,75.3,18,74.2,610,2017,2010,Shooter,"PlayStation 4, PC (Microsoft Windows), Xbox One"
141536,Century: Age of Ashes,century-age-of-ashes,75.3,3,64.3,12,2021,2020,Adventure,"Xbox Series X|S, PlayStation 4, Android, PC (Microsoft Windows), iOS, PlayStation 5, Xbox One"
333089,Chip ‘n Clawz vs. The Brainioids,chip-n-clawz-vs-the-brainioids,75.3,3,,,2025,2020,"Real Time Strategy (RTS), Strategy","Xbox Series X|S, PC (Microsoft Windows), PlayStation 5"
338077,Drag x Drive,drag-x-drive,75.3,3,,,2025,2020,Sport,Nintendo Switch 2
308698,EA Sports FC 25,ea-sports-fc-25,75.3,3,71.4,90,2024,2020,"Simulator, Sport","Xbox Series X|S, PlayStation 4, PC (Microsoft Windows), PlayStation 5, Xbox One, Nintendo Switch"
337034,Everybody’s Golf: Hot Shots,everybodys-golf-hot-shots,75.3,3,,,2025,2020,Sport,"PC (Microsoft Windows), PlayStation 5, Nintendo Switch"
7399,Final Fantasy Type-0 HD,final-fantasy-type-0-hd,75.3,11,72.8,60,2015,2010,"Role-playing (RPG), Adventure","PlayStation 4, PC (Microsoft Windows), Xbox One"
206818,Harvestella,harvestella,75.3,4,80.1,8,2022,2020,"Role-playing (RPG), Simulator, Adventure","PC (Microsoft Windows), Nintendo Switch"
9649,Infinifactory,infinifactory,75.3,3,82.6,33,2015,2010,"Puzzle, Simulator, Indie","PlayStation 4, Linux, PC (Microsoft Windows), Mac"
145786,Labyrinth City: Pierre the Maze Detective,labyrinth-city-pierre-the-maze-detective,75.3,4,,,2021,2020,"Puzzle, Adventure, Indie","Android, PC (Microsoft Windows), iOS, Nintendo Switch"
132050,Mortal Shell,mortal-shell,75.3,8,69.9,105,2020,2020,"Role-playing (RPG), Indie","Xbox Series X|S, PlayStation 4, PC (Microsoft Windows), Xbox One"
143772,MotoGP 21,motogp-21,75.3,4,80.0,5,2021,2020,"Racing, Simulator, Sport","Google Stadia, Xbox Series X|S, PlayStation 4, PC (Microsoft Windows), PlayStation 5, Xbox One, Nintendo Switch"
352409,My Hero Academia: All's Justice,my-hero-academia-alls-justice,75.3,3,,,2026,2020,Fighting,"Xbox Series X|S, Nintendo Switch 2, PC (Microsoft Windows), PlayStation 5"
11059,Naruto Shippuden: Ultimate Ninja Storm 4,naruto-shippuden-ultimate-ninja-storm-4,75.3,9,77.0,200,2016,2010,"Fighting, Adventure","PlayStation 4, PC (Microsoft Windows), Xbox One"
208727,Nickelodeon Kart Racers 3: Slime Speedway,nickelodeon-kart-racers-3-slime-speedway,75.3,3,,,2022,2020,"Racing, Sport, Arcade","Xbox Series X|S, PlayStation 4, PC (Microsoft Windows), PlayStation 5, Xbox One, Nintendo Switch"
51408,Old School Musical,old-school-musical,75.3,3,70.0,1,2018,2010,"Fighting, Music, Adventure, Indie, Arcade","PC (Microsoft Windows), Nintendo Switch"
133922,Ride 4,ride-4,75.3,3,69.3,9,2020,2020,"Racing, Simulator, Sport","Xbox Series X|S, PlayStation 4, PC (Microsoft Windows), PlayStation 5, Xbox One"
117781,Risk System,risk-system,75.3,3,70.0,1,2019,2010,"Shooter, Indie, Arcade","PlayStation 4, Linux, PC (Microsoft Windows), Mac, Xbox One, Nintendo Switch"
865,Sid Meier's Civilization IV: Warlords,sid-meier-s-civilization-iv-warlords,75.3,3,78.0,39,2006,2000,"Simulator, Strategy, Turn-based strategy (TBS)","PC (Microsoft Windows), Mac"
115840,Silence,silence,75.3,3,67.6,24,2016,2010,"Point-and-click, Puzzle, Adventure, Indie","PlayStation 4, Linux, PC (Microsoft Windows), Mac, Xbox One, Nintendo Switch"
97950,Sparklite,sparklite,75.3,6,60.2,10,2019,2010,"Role-playing (RPG), Adventure, Indie, Arcade","PlayStation 4, Linux, Android, PC (Microsoft Windows), iOS, Mac, Xbox One, Nintendo Switch"
94816,Star Renegades,star-renegades,75.3,6,83.5,14,2020,2020,"Role-playing (RPG), Strategy, Turn-based strategy (TBS), Indie","PlayStation 4, PC (Microsoft Windows), Xbox One, Nintendo Switch"
279635,The Casting of Frank Stone,the-casting-of-frank-stone,75.3,3,62.2,38,2024,2020,Adventure,"Xbox Series X|S, PC (Microsoft Windows), PlayStation 5"
37088,The Elder Scrolls V: Skyrim VR,the-elder-scrolls-v-skyrim-vr,75.3,4,74.4,26,2017,2010,"Role-playing (RPG), Adventure","PlayStation VR, PC (Microsoft Windows), SteamVR"
260,The Sims 3,the-sims-3,75.3,9,79.7,641,2009,2000,"Role-playing (RPG), Simulator, Strategy","PC (Microsoft Windows), Mac"
5225,Tiger Woods PGA Tour 12,tiger-woods-pga-tour-12,75.3,7,73.0,7,2011,2010,"Simulator, Sport","PlayStation 3, Wii, PC (Microsoft Windows), Mac, Xbox 360"
2351,Toki Tori 2,toki-tori-2,75.3,3,62.1,5,2013,2010,"Platform, Puzzle, Adventure, Indie","PC (Microsoft Windows), Mac, Wii U"
1364,Wizorb,wizorb,75.3,3,79.9,8,2011,2010,"Puzzle, Adventure, Indie, Arcade","PlayStation 3, Linux, PC (Microsoft Windows), Mac, PlayStation Portable, Xbox 360, Nintendo Switch"
1877,Cyberpunk 2077,cyberpunk-2077,75.2,21,83.2,1641,2020,2020,"Shooter, Role-playing (RPG), Adventure","Google Stadia, Xbox Series X|S, PlayStation 4, Nintendo Switch 2, PC (Microsoft Windows), PlayStation 5, Mac, Xbox One"
7966,Dirt Showdown,dirt-showdown,75.2,10,69.6,77,2012,2010,"Racing, Sport","Arcade, PlayStation 3, Linux, PC (Microsoft Windows), Mac, Xbox 360"
6756,Disney Magical World,disney-magical-world,75.2,5,80.0,2,2013,2010,"Simulator, Adventure",Nintendo 3DS
389443,God of War Sons of Sparta,god-of-war-sons-of-sparta,75.2,5,70.0,7,2026,2020,"Platform, Adventure",PlayStation 5
122126,Greak: Memories of Azur,greak-memories-of-azur,75.2,5,57.5,8,2021,2020,"Platform, Puzzle, Role-playing (RPG), Adventure, Indie","Xbox Series X|S, PlayStation 4, Android, PC (Microsoft Windows), PlayStation 5, Xbox One, Nintendo Switch"
25083,LEGO Harry Potter Collection,lego-harry-potter-collection,75.2,6,78.9,26,2016,2010,"Puzzle, Adventure","PlayStation 4, Xbox One, Nintendo Switch"
5928,Midnight Club 3: DUB Edition,midnight-club-3-dub-edition,75.2,5,68.1,60,2005,2000,Racing,"Xbox, PlayStation Portable, PlayStation 2"
28831,One Piece: Unlimited World Red - Deluxe Edition,one-piece-unlimited-world-red-deluxe-edition,75.2,6,60.4,6,2017,2010,Adventure,"PlayStation 4, PC (Microsoft Windows), Nintendo Switch"
2267,Sonic Colors,sonic-colors,75.2,5,68.8,104,2010,2010,"Platform, Adventure",Wii
11175,Transformers: Devastation,transformers-devastation,75.2,14,72.7,75,2015,2010,Hack and slash/Beat 'em up,"PlayStation 3, PlayStation 4, PC (Microsoft Windows), Xbox 360, Xbox One"
14746,Batman: The Telltale Series,batman-the-telltale-series,75.1,13,72.1,393,2016,2010,"Point-and-click, Adventure","PlayStation 3, PlayStation 4, Android, PC (Microsoft Windows), iOS, Mac, Xbox 360, Xbox One, Nintendo Switch"
18397,Event[0],event-0,75.1,8,68.2,37,2016,2010,"Puzzle, Adventure, Indie","PC (Microsoft Windows), Mac"
7325,Lara Croft and the Temple of Osiris,lara-croft-and-the-temple-of-osiris,75.1,11,70.0,122,2014,2010,"Shooter, Puzzle, Adventure","Google Stadia, PlayStation 4, PC (Microsoft Windows), Xbox One, Nintendo Switch"
306137,Mario & Luigi: Brothership,mario-and-luigi-brothership,75.1,7,79.6,16,2024,2020,"Platform, Role-playing (RPG), Adventure",Nintendo Switch
107292,Onimusha: Warlords,onimusha-warlords--1,75.1,8,81.2,33,2019,2010,"Role-playing (RPG), Adventure","PlayStation 4, PC (Microsoft Windows), Xbox One, Nintendo Switch"
27789,PUBG: Battlegrounds,pubg-battlegrounds,75.1,16,71.3,611,2017,2010,Shooter,"Google Stadia, Xbox Series X|S, PlayStation 4, PC (Microsoft Windows), PlayStation 5, Xbox One"
14701,Pac-Man 256,pac-man-256,75.1,10,81.7,37,2015,2010,"Puzzle, Strategy, Arcade","PlayStation 4, Linux, Android, PC (Microsoft Windows), iOS, Mac, Xbox One"
217594,Rise of the Ronin,rise-of-the-ronin,75.1,7,74.7,34,2024,2020,"Role-playing (RPG), Adventure","PC (Microsoft Windows), PlayStation 5"
17069,Rive,rive,75.1,11,87.0,7,2016,2010,"Shooter, Platform, Indie","PlayStation 4, Linux, PC (Microsoft Windows), Mac, Wii U, Xbox One, Nintendo Switch"
25658,Runner3,runner3,75.1,7,79.3,7,2018,2010,"Music, Platform, Indie, Arcade","PlayStation 4, PC (Microsoft Windows), Mac, Nintendo Switch"
506,Sonic Generations,sonic-generations,75.1,10,77.0,239,2011,2010,"Platform, Adventure","Xbox Series X|S, PlayStation 3, PlayStation 4, Nintendo Switch 2, Nintendo 3DS, PC (Microsoft Windows), PlayStation 5, Xbox 360, Xbox One, Nintendo Switch"
150007,Sonic Origins,sonic-origins,75.1,7,54.6,11,2022,2020,"Platform, Adventure","Xbox Series X|S, PlayStation 4, PC (Microsoft Windows), PlayStation 5, Xbox One, Nintendo Switch"
4786,The Evil Within,the-evil-within,75.1,17,75.1,459,2014,2010,"Shooter, Puzzle, Adventure","PlayStation 3, PlayStation 4, PC (Microsoft Windows), Xbox 360, Xbox One"
9583,0rbitalis,0rbitalis,75.0,3,79.9,5,2014,2010,"Puzzle, Simulator, Indie","PC (Microsoft Windows), Mac"
14754,Ace Combat Zero: The Belkan War,ace-combat-zero-the-belkan-war,75.0,3,77.4,28,2006,2000,"Shooter, Simulator","Xbox Series X|S, PC (Microsoft Windows), PlayStation 5, PlayStation 2"
5492,Armored Core V,armored-core-v,75.0,5,80.0,2,2012,2010,"Shooter, Simulator","PlayStation 3, Xbox 360"
21839,Art Academy: Home Studio,art-academy-home-studio,75.0,3,80.0,1,2015,2010,,Wii U
185706,Assassin's Creed Valhalla: Dawn of Ragnarök,assassins-creed-valhalla-dawn-of-ragnarok,75.0,3,67.1,19,2022,2020,"Role-playing (RPG), Adventure","Google Stadia, Xbox Series X|S, PlayStation 4, PC (Microsoft Windows), PlayStation 5, Xbox One"
3036,Battlefield 3: Close Quarters,battlefield-3-close-quarters,75.0,4,86.1,24,2012,2010,Shooter,"PlayStation 3, PC (Microsoft Windows), Xbox 360"
297501,Bethesda Pinball,bethesda-pinball,75.0,3,,,2017,2010,"Simulator, Pinball","Android, iOS"
6292,Black Desert,black-desert,75.0,5,67.4,203,2014,2010,"Role-playing (RPG), Strategy, Hack and slash/Beat 'em up, Adventure","Xbox Series X|S, PlayStation 4, PC (Microsoft Windows), PlayStation 5, Xbox One"
4747,Cars 2,cars-2,75.0,3,69.3,27,2011,2010,"Racing, Adventure","PlayStation 3, Wii, PC (Microsoft Windows), iOS, Mac, Xbox 360"
21830,Catan,catan,75.0,3,,,2007,2000,"Strategy, Quiz/Trivia, Card & Board Game","PlayStation 3, Xbox 360, Nintendo DS, Nintendo Switch"
8277,Cold Winter,cold-winter,75.0,3,82.1,10,2005,2000,"Shooter, Adventure",PlayStation 2
5783,College Hoops 2K7,college-hoops-2k7,75.0,3,70.0,2,2006,2000,Sport,"Xbox, PlayStation 3, Xbox 360, PlayStation 2"
959,Command & Conquer: Red Alert 3,command-conquer-red-alert-3,75.0,4,74.4,224,2008,2000,"Real Time Strategy (RTS), Simulator, Strategy","PlayStation 3, PC (Microsoft Windows), Mac, Xbox 360, Xbox One"
9545,Contra 4,contra-4,75.0,3,79.7,24,2007,2000,"Shooter, Platform","Nintendo DS, Legacy Mobile Device"
2652,Destroy All Humans! 2,destroy-all-humans-2,75.0,3,74.9,29,2006,2000,"Shooter, Adventure","Xbox, PlayStation 4, PlayStation 2"
11420,DiscStorm,discstorm,75.0,3,,,2015,2010,"Sport, Indie","Linux, PC (Microsoft Windows), Mac, PlayStation Vita"
7297,Disgaea 3: Absence of Justice,disgaea-3-absence-of-justice,75.0,4,79.4,12,2008,2000,"Role-playing (RPG), Strategy, Tactical",PlayStation 3
37031,Doom VFR,doom-vfr,75.0,5,78.9,15,2017,2010,Shooter,"Windows Mixed Reality, PlayStation VR, SteamVR"
1608,Empire Earth II,empire-earth-ii,75.0,3,69.5,36,2005,2000,"Real Time Strategy (RTS), Simulator, Strategy",PC (Microsoft Windows)
237276,Empire of the Ants,empire-of-the-ants--1,75.0,3,,,2024,2020,"Real Time Strategy (RTS), Strategy, Adventure, Indie","Xbox Series X|S, PC (Microsoft Windows), PlayStation 5"
9634,Endless Space,endless-space,75.0,3,73.1,48,2012,2010,"Strategy, Turn-based strategy (TBS)",PC (Microsoft Windows)
6990,Eternal Sonata,eternal-sonata,75.0,4,74.7,39,2007,2000,Role-playing (RPG),"PlayStation 3, Xbox 360"
20026,Extreme Exorcism,extreme-exorcism,75.0,4,60.0,6,2015,2010,"Platform, Adventure, Indie, Arcade","PlayStation 3, PlayStation 4, PC (Microsoft Windows), Mac, Wii U, Xbox One"
18331,Feel the Magic: XY/XX,feel-the-magic-xy-slash-xx,75.0,3,70.4,10,2004,2000,Puzzle,Nintendo DS
29047,Fort Triumph,fort-triumph,75.0,4,70.2,13,2020,2020,"Role-playing (RPG), Strategy, Turn-based strategy (TBS), Tactical, Indie","PlayStation 4, Linux, PC (Microsoft Windows), Mac, Xbox One, Nintendo Switch"
26102,Gnog,gnog,75.0,5,76.5,41,2017,2010,"Point-and-click, Music, Puzzle, Adventure, Indie","PlayStation 4, PlayStation VR, PC (Microsoft Windows), iOS, SteamVR, Mac, Oculus Rift"
8874,Hatoful Boyfriend,hatoful-boyfriend,75.0,8,68.1,52,2011,2010,"Simulator, Adventure, Indie, Visual Novel","PlayStation 4, Linux, Android, PC (Microsoft Windows), iOS, Mac, PlayStation Vita"
17911,Heart&Slash,heart-and-slash,75.0,7,80.0,4,2016,2010,"Fighting, Role-playing (RPG), Hack and slash/Beat 'em up, Adventure, Indie, Arcade","PlayStation 4, Linux, PC (Microsoft Windows), Mac, Xbox One, Nintendo Switch"
20397,Heavy Weapon,heavy-weapon,75.0,4,67.0,8,2005,2000,Shooter,PC (Microsoft Windows)
750,Homeworld 2,homeworld-2,75.0,3,84.5,39,2003,2000,"Real Time Strategy (RTS), Simulator, Strategy, Adventure","PC (Microsoft Windows), Mac"
7850,Infamous: Festival of Blood,infamous-festival-of-blood,75.0,4,71.8,63,2011,2010,"Platform, Hack and slash/Beat 'em up, Adventure",PlayStation 3
252485,John Carpenter's Toxic Commando,john-carpenters-toxic-commando,75.0,3,79.6,8,2026,2020,"Shooter, Adventure","Xbox Series X|S, PC (Microsoft Windows), PlayStation 5"
5881,Kill.Switch,kill-dot-switch,75.0,4,68.9,19,2003,2000,Shooter,"Xbox, PC (Microsoft Windows), PlayStation 2"
17478,Kinect Sports,kinect-sports,75.0,5,66.3,20,2010,2010,Sport,Xbox 360
59849,L.A. Noire,la-noire,75.0,10,85.5,71,2017,2010,"Shooter, Strategy, Adventure","PlayStation 4, Xbox One, Nintendo Switch"
138,LEGO Indiana Jones 2: The Adventure Continues,lego-indiana-jones-2-the-adventure-continues,75.0,4,65.7,90,2009,2000,"Platform, Puzzle, Adventure","PlayStation 3, Wii, PC (Microsoft Windows), Mac, PlayStation Portable, Xbox 360"
20881,Legasista,legasista,75.0,3,,,2012,2010,Role-playing (RPG),PlayStation 3
6328,Legend of Grimrock,legend-of-grimrock,75.0,3,79.8,104,2012,2010,"Puzzle, Role-playing (RPG), Adventure, Indie","Linux, PC (Microsoft Windows), iOS, Mac, Nintendo Switch"
20996,Mana Khemia: Alchemists of Al-Revis,mana-khemia-alchemists-of-al-revis,75.0,3,76.6,8,2007,2000,"Role-playing (RPG), Adventure","PlayStation Portable, PlayStation 2"
4962,Marble Saga: Kororinpa,marble-saga-kororinpa,75.0,3,,,2009,2000,"Platform, Puzzle, Adventure",Wii
6147,Mercenary Kings,mercenary-kings,75.0,3,69.1,22,2014,2010,"Shooter, Platform, Role-playing (RPG), Strategy, Adventure, Indie","PlayStation 4, PC (Microsoft Windows), Mac, PlayStation Vita, Xbox One"
22583,Midnight Club 3: DUB Edition Remix,midnight-club-3-dub-edition-remix,75.0,3,71.5,14,2006,2000,Racing,"Xbox, PlayStation 3, PlayStation 2"
37087,Monster of the Deep: Final Fantasy XV,monster-of-the-deep-final-fantasy-xv,75.0,3,,,2017,2010,"Role-playing (RPG), Simulator, Sport, Adventure","PlayStation 4, PlayStation VR"
27208,Mothergunship,mothergunship,75.0,8,66.5,11,2018,2010,"Shooter, Indie","PlayStation 4, PC (Microsoft Windows), Xbox One"
7080,MotoGP 09/10,motogp-09-10,75.0,3,,,2010,2010,"Racing, Simulator, Sport","PlayStation 3, Xbox 360"
18330,Mr. Driller: Drill Spirits,mr-driller-drill-spirits,75.0,3,83.0,4,2004,2000,Puzzle,Nintendo DS
182278,MultiVersus,multiversus,75.0,4,69.2,107,2024,2020,Fighting,"Xbox Series X|S, PlayStation 4, PC (Microsoft Windows), PlayStation 5, Xbox One"
103275,NBA Live 19,nba-live-19,75.0,4,68.8,7,2018,2010,Sport,"PlayStation 4, Xbox One"
7101,Naruto: Rise of a Ninja,naruto-rise-of-a-ninja,75.0,3,75.0,20,2007,2000,"Fighting, Role-playing (RPG), Adventure",Xbox 360
6782,Ninja Gaiden II,ninja-gaiden-ii,75.0,3,83.9,50,2008,2000,"Hack and slash/Beat 'em up, Adventure",Xbox 360
2172,Nintendo Land,nintendo-land,75.0,7,75.3,86,2012,2010,"Shooter, Platform, Puzzle, Racing, Adventure, Arcade",Wii U
133939,PGA Tour 2K21,pga-tour-2k21,75.0,7,69.9,12,2020,2020,"Simulator, Sport","Google Stadia, PlayStation 4, PC (Microsoft Windows), PlayStation 5, Xbox One, Nintendo Switch"
18169,Paper Mario: Color Splash,paper-mario-color-splash,75.0,16,64.5,32,2016,2010,"Role-playing (RPG), Adventure",Wii U
54218,Persona 5: Dancing in Starlight,persona-5-dancing-in-starlight,75.0,6,70.8,37,2018,2010,Music,"PlayStation 4, PlayStation Vita"
27116,Phoning Home,phoning-home,75.0,3,50.0,1,2017,2010,"Adventure, Indie",PC (Microsoft Windows)
20763,Race Driver: Create & Race,race-driver-create-and-race,75.0,3,68.0,0,2008,2000,"Racing, Simulator",Nintendo DS
27239,Rayman Legends: Definitive Edition,rayman-legends-definitive-edition,75.0,3,72.4,30,2017,2010,"Platform, Adventure",Nintendo Switch
22436,Reigns,reigns,75.0,4,71.0,108,2016,2010,"Role-playing (RPG), Simulator, Strategy, Adventure, Indie, Card & Board Game","Google Stadia, Linux, Android, PC (Microsoft Windows), iOS, Mac"
116027,Resident Evil: Revelations 2 - Episode 4: Metamorphosis,resident-evil-revelations-2-episode-4-metamorphosis,75.0,4,,,2015,2010,"Shooter, Adventure","PlayStation 3, PlayStation 4, PC (Microsoft Windows), Xbox 360, Xbox One"
5523,Reus,reus,75.0,4,63.2,42,2013,2010,"Puzzle, Simulator, Strategy, Indie","PlayStation 4, Linux, PC (Microsoft Windows), Mac, Xbox One"
97114,Roundguard,roundguard,75.0,4,80.0,4,2020,2020,"Puzzle, Role-playing (RPG), Simulator, Strategy, Pinball, Indie, Arcade","PlayStation 4, Android, PC (Microsoft Windows), iOS, Mac, Xbox One, Nintendo Switch"
145149,Rust: Console Edition,rust-console-edition,75.0,3,,,2021,2020,"Shooter, Adventure","Xbox Series X|S, PlayStation 4, PlayStation 5, Xbox One"
4178,SSX Blur,ssx-blur,75.0,3,51.4,5,2007,2000,"Racing, Sport",Wii
21807,Samba de Amigo,samba-de-amigo,75.0,3,,,2008,2000,Music,Wii
19854,Score Rush Extended,score-rush-extended,75.0,3,,,2016,2010,"Shooter, Arcade",PlayStation 4
4172,Shadow Hearts: From the New World,shadow-hearts-from-the-new-world,75.0,3,53.6,8,2005,2000,"Role-playing (RPG), Turn-based strategy (TBS)",PlayStation 2
118603,Signs of the Sojourner,signs-of-the-sojourner,75.0,4,,,2020,2020,"Role-playing (RPG), Adventure, Indie, Visual Novel, Card & Board Game","PlayStation 4, PC (Microsoft Windows), Mac, Xbox One, Nintendo Switch"
486,Silent Hill: Shattered Memories,silent-hill-shattered-memories,75.0,6,70.3,114,2009,2000,Adventure,"Wii, PlayStation Portable, PlayStation 2"
9424,SkyDrift,skydrift,75.0,3,74.2,13,2011,2010,"Racing, Indie","PlayStation 3, PC (Microsoft Windows), Xbox 360"
9473,Sonic the Hedgehog 4: Episode I,sonic-the-hedgehog-4-episode-i,75.0,5,59.7,57,2010,2010,"Platform, Adventure, Arcade","BlackBerry OS, PlayStation 3, Wii, PC (Microsoft Windows), Xbox 360"
145,Star Wars Galaxies: An Empire Divided,star-wars-galaxies-an-empire-divided,75.0,3,79.7,26,2003,2000,"Role-playing (RPG), Simulator, Adventure",PC (Microsoft Windows)
3049,State of Decay,state-of-decay,75.0,7,75.4,152,2013,2010,"Shooter, Role-playing (RPG), Simulator, Strategy, Adventure","PC (Microsoft Windows), Xbox 360"
27396,Super Cloudbuilt,super-cloudbuilt,75.0,3,78.7,6,2017,2010,"Platform, Adventure, Indie","PlayStation 4, PC (Microsoft Windows), Xbox One"
20031,Super Star Wars,super-star-wars,75.0,3,68.2,62,1992,1990,Adventure,"PlayStation 4, Super Nintendo Entertainment System, Wii, Sega Mega Drive/Genesis, DOS, PlayStation Vita, Super Famicom"
25336,Tethered,tethered,75.0,3,80.0,1,2016,2010,"Puzzle, Strategy, Adventure, Indie","PlayStation 4, PlayStation VR, PC (Microsoft Windows)"
25068,The Alliance Alive,the-alliance-alive,75.0,4,,,2017,2010,"Role-playing (RPG), Adventure",Nintendo 3DS
81117,The Council: Episode 1 - The Mad Ones,the-council-episode-1-the-mad-ones,75.0,6,82.2,5,2018,2010,"Role-playing (RPG), Adventure","PlayStation 4, PC (Microsoft Windows), Xbox One"
41825,The Legend of Zelda: Breath of the Wild - The Master Trials,the-legend-of-zelda-breath-of-the-wild-the-master-trials,75.0,3,84.7,26,2017,2010,"Puzzle, Adventure","Wii U, Nintendo Switch"
4151,The Sims Bustin' Out,the-sims-bustin-out,75.0,3,67.6,44,2003,2000,"Simulator, Strategy","Xbox, Nintendo GameCube, PlayStation 2"
10632,The Sims Medieval,the-sims-medieval,75.0,3,69.2,52,2011,2010,"Simulator, Adventure","PC (Microsoft Windows), Mac"
113295,The Walking Dead: The Final Season - Episode 3: Broken Toys,the-walking-dead-the-final-season-episode-3-broken-toys,75.0,4,80.0,5,2019,2010,"Point-and-click, Adventure","PlayStation 4, PC (Microsoft Windows), Xbox One, Nintendo Switch"
5223,Tiger Woods PGA Tour 10,tiger-woods-pga-tour-10,75.0,5,80.3,6,2009,2000,"Simulator, Sport","PlayStation 3, PlayStation Portable, Xbox 360, PlayStation 2"
7219,Tony Hawk's American Wasteland,tony-hawk-s-american-wasteland,75.0,5,74.5,117,2005,2000,"Sport, Adventure","Xbox, Nintendo GameCube, PC (Microsoft Windows), PlayStation 2"
2594,Tropico 3,tropico-3,75.0,3,76.7,61,2009,2000,"Simulator, Strategy, Adventure","PC (Microsoft Windows), Mac, Xbox 360"
1330,Turok,turok,75.0,4,62.9,77,2008,2000,Shooter,"PlayStation 3, PC (Microsoft Windows), Xbox 360"
4695,Twisted Metal,twisted-metal,75.0,4,74.8,71,1995,1990,"Fighting, Shooter, Racing","PlayStation 3, PC (Microsoft Windows), PlayStation, PlayStation Portable"
52993,Typoman: Revised,typoman-revised,75.0,4,82.2,5,2016,2010,"Platform, Puzzle, Adventure, Indie","PlayStation 4, Linux, PC (Microsoft Windows), Mac, Xbox One, Nintendo Switch"
16528,UFO: Afterlight,ufo-afterlight,75.0,3,69.8,11,2006,2000,"Real Time Strategy (RTS), Role-playing (RPG), Strategy, Tactical",PC (Microsoft Windows)
20054,Ultimate NES Remix,ultimate-nes-remix,75.0,4,69.9,6,2014,2010,"Platform, Arcade",Nintendo 3DS
5257,Virtua Tennis 2009,virtua-tennis-2009,75.0,3,60.7,16,2009,2000,"Simulator, Sport","PlayStation 3, PC (Microsoft Windows), iOS, Xbox 360"
7238,Viva Piñata: Trouble in Paradise,viva-pinata-trouble-in-paradise,75.0,4,83.8,27,2008,2000,Simulator,Xbox 360
5294,WWE '12,wwe-12,75.0,4,78.1,41,2011,2010,Sport,"PlayStation 3, Wii, Xbox 360"
4575,X-Men Legends,x-men-legends,75.0,3,76.6,34,2004,2000,Role-playing (RPG),"Xbox, Nintendo GameCube, PlayStation 2"
1353,flOw,flow,75.0,5,71.6,91,2006,2000,"Puzzle, Simulator","Web browser, PlayStation 3, PlayStation 4, PlayStation Vita, PlayStation Portable"
78152,Afterparty,afterparty,74.9,7,59.2,41,2019,2010,"Adventure, Indie","PlayStation 4, PC (Microsoft Windows), Mac, Xbox One, Nintendo Switch"
5495,Asura's Wrath,asura-s-wrath,74.9,8,79.2,91,2012,2010,Hack and slash/Beat 'em up,"PlayStation 3, Xbox 360"
26841,Fire Emblem Heroes,fire-emblem-heroes,74.9,8,62.4,85,2017,2010,"Role-playing (RPG), Simulator, Strategy, Turn-based strategy (TBS)","Android, iOS, Legacy Mobile Device"
7610,Game of Thrones: A Telltale Games Series,game-of-thrones-a-telltale-games-series,74.9,52,70.6,362,2014,2010,"Point-and-click, Adventure","PlayStation 3, PlayStation 4, Android, PC (Microsoft Windows), iOS, Mac, Xbox 360, Xbox One"
6073,Hitman Go,hitman-go,74.9,8,73.9,97,2014,2010,"Puzzle, Strategy, Turn-based strategy (TBS)","Windows Phone, Android, PC (Microsoft Windows), iOS"
11195,Mario & Luigi: Paper Jam,mario-and-luigi-paper-jam,74.9,15,65.3,27,2015,2010,"Role-playing (RPG), Adventure",Nintendo 3DS
19673,NCAA Football 14,ncaa-football-14,74.9,8,81.8,9,2013,2010,"Simulator, Sport","PlayStation 3, Xbox 360"
19000,The Walking Dead: A New Frontier,the-walking-dead-a-new-frontier,74.9,13,70.1,346,2016,2010,"Point-and-click, Adventure","PlayStation 4, Android, PC (Microsoft Windows), iOS, Mac, Xbox One, Nintendo Switch"
266679,Another Code: Recollection,another-code-recollection,74.8,4,70.5,8,2024,2020,"Puzzle, Simulator, Adventure",Nintendo Switch
10028,"Batman: Arkham Origins - Cold, Cold Heart",batman-arkham-origins-cold-cold-heart,74.8,4,72.2,26,2014,2010,"Hack and slash/Beat 'em up, Adventure","PlayStation 3, PC (Microsoft Windows), Xbox 360"
12407,Breach,breach,74.8,4,,,1987,1980,"Role-playing (RPG), Strategy, Tactical","Atari ST/STE, Mac, DOS, Amiga"
165067,Call of Duty: Vanguard,call-of-duty-vanguard,74.8,8,63.3,112,2021,2020,Shooter,"Xbox Series X|S, PlayStation 4, PC (Microsoft Windows), PlayStation 5, Xbox One"
228540,Crash Team Rumble,crash-team-rumble,74.8,6,,,2023,2020,Adventure,"Xbox Series X|S, PlayStation 4, PlayStation 5, Xbox One"
248358,Double Dragon Gaiden: Rise of the Dragons,double-dragon-gaiden-rise-of-the-dragons,74.8,5,70.7,9,2023,2020,"Fighting, Hack and slash/Beat 'em up, Adventure, Arcade","Xbox Series X|S, PlayStation 4, PC (Microsoft Windows), PlayStation 5, Xbox One, Nintendo Switch"
2904,DuckTales: Remastered,ducktales-remastered,74.8,13,76.5,115,2013,2010,"Platform, Adventure","PlayStation 3, Windows Phone, Android, PC (Microsoft Windows), iOS, Wii U, Xbox 360"
18031,Fallout 4: Far Harbor,fallout-4-far-harbor,74.8,11,74.4,59,2016,2010,"Shooter, Role-playing (RPG)","PlayStation 4, PC (Microsoft Windows), Xbox One"
16669,Gravity Ghost,gravity-ghost,74.8,5,68.3,8,2015,2010,"Puzzle, Indie","PlayStation 4, Linux, PC (Microsoft Windows), Mac"
7291,Hunt: Showdown 1896,hunt-showdown-1896,74.8,5,74.4,164,2019,2010,"Shooter, Simulator","Xbox Series X|S, PlayStation 4, PC (Microsoft Windows), PlayStation 5, Xbox One"
81147,Hyrule Warriors: Definitive Edition,hyrule-warriors-definitive-edition,74.8,8,79.3,40,2018,2010,"Strategy, Hack and slash/Beat 'em up",Nintendo Switch
16982,Livelock,livelock,74.8,8,64.3,5,2016,2010,"Shooter, Adventure, Indie, Arcade","PlayStation 4, PC (Microsoft Windows), Xbox One"
3214,MadWorld,madworld,74.8,5,74.0,45,2009,2000,Hack and slash/Beat 'em up,Wii
5004,Metal Slug Anthology,metal-slug-anthology,74.8,5,78.4,41,2006,2000,"Shooter, Arcade","PlayStation 3, PlayStation 4, Wii, PlayStation Portable, PlayStation 2"
18357,Oddworld: Soulstorm,oddworld-soulstorm,74.8,12,62.7,17,2021,2020,"Platform, Puzzle, Adventure","Xbox Series X|S, PlayStation 4, PC (Microsoft Windows), PlayStation 5, Xbox One, Nintendo Switch"
2058,Payday 2,payday-2,74.8,17,73.7,499,2013,2010,"Shooter, Role-playing (RPG), Tactical","PlayStation 3, PlayStation 4, Linux, PC (Microsoft Windows), Xbox 360, Xbox One, Nintendo Switch"
55190,Pikuniku,pikuniku,74.8,5,68.7,146,2019,2010,"Platform, Puzzle, Adventure, Indie","Google Stadia, Linux, Android, PC (Microsoft Windows), iOS, Mac, Xbox One, Nintendo Switch"
107318,Rebel Galaxy Outlaw,rebel-galaxy-outlaw,74.8,4,61.7,15,2020,2020,"Shooter, Role-playing (RPG), Adventure, Indie","PlayStation 4, PC (Microsoft Windows), Xbox One, Nintendo Switch"
19407,Rock of Ages 2: Bigger & Boulder,rock-of-ages-2-bigger-and-boulder,74.8,4,56.1,28,2017,2010,"Racing, Simulator, Strategy, Indie","PlayStation 4, PC (Microsoft Windows), Xbox One, Nintendo Switch"
9623,Shank 2,shank-2,74.8,4,76.5,47,2012,2010,"Hack and slash/Beat 'em up, Adventure, Indie","PlayStation 3, Linux, PC (Microsoft Windows), Mac, Xbox 360"
13212,The Beginner's Guide,the-beginners-guide,74.8,6,79.7,259,2015,2010,"Adventure, Indie","Linux, PC (Microsoft Windows), Mac"
28863,WRC 7,wrc-7,74.8,4,69.7,15,2017,2010,"Racing, Sport","PlayStation 4, PC (Microsoft Windows), Xbox One"
19333,Absolver,absolver,74.7,15,61.9,50,2017,2010,"Fighting, Role-playing (RPG), Adventure, Indie","PlayStation 4, Linux, PC (Microsoft Windows), Mac, Xbox One"
24891,Atari Flashback Classics Vol. 1,atari-flashback-classics-vol-1,74.7,3,90.0,3,2016,2010,"Simulator, Strategy, Arcade","PlayStation 4, Xbox One"
19561,Days Gone,days-gone,74.7,16,79.6,611,2019,2010,"Shooter, Adventure","PlayStation 4, PC (Microsoft Windows), PlayStation 5"
1383,Dead or Alive 5,dead-or-alive-5,74.7,10,74.4,48,2012,2010,Fighting,"PlayStation 3, Xbox 360"
41061,Death End Re;Quest,death-end-re-quest,74.7,3,71.8,5,2018,2010,"Role-playing (RPG), Adventure","PlayStation 4, PC (Microsoft Windows), Nintendo Switch"
342776,Destiny 2: The Edge of Fate,destiny-2-the-edge-of-fate,74.7,3,,,2025,2020,"Shooter, Adventure","Xbox Series X|S, PlayStation 4, PC (Microsoft Windows), PlayStation 5, Xbox One"
76211,Du Lac & Fey: Dance of Death,du-lac-and-fey-dance-of-death,74.7,3,50.0,3,2019,2010,"Point-and-click, Adventure, Indie","PlayStation 4, PC (Microsoft Windows), Xbox One, Nintendo Switch"
384,Final Fantasy XIII-2,final-fantasy-xiii-2,74.7,11,71.9,175,2011,2010,"Real Time Strategy (RTS), Role-playing (RPG), Adventure","PlayStation 3, PC (Microsoft Windows), Xbox 360, Xbox One"
1442,Fire Emblem: Radiant Dawn,fire-emblem-radiant-dawn,74.7,3,86.3,87,2007,2000,"Role-playing (RPG), Strategy, Turn-based strategy (TBS), Tactical",Wii
20874,Hive Jump,hive-jump,74.7,3,80.0,1,2016,2010,"Shooter, Platform, Strategy, Indie, Arcade","Linux, PC (Microsoft Windows), Mac, Wii U, Xbox One, Nintendo Switch"
5314,Hyrule Warriors,hyrule-warriors,74.7,15,73.3,114,2014,2010,"Strategy, Hack and slash/Beat 'em up",Wii U
81106,Life is Strange: Before the Storm - Episode 3: Hell Is Empty,life-is-strange-before-the-storm-episode-3-hell-is-empty,74.7,6,,,2017,2010,Adventure,"PlayStation 4, Linux, PC (Microsoft Windows), Mac, Xbox One"
124131,Little Big Workshop,little-big-workshop,74.7,3,69.7,11,2019,2010,"Simulator, Strategy, Indie","Google Stadia, PlayStation 4, Android, PC (Microsoft Windows), iOS, Mac, Xbox One, Nintendo Switch"
134070,Mafia: Definitive Edition,mafia-definitive-edition,74.7,11,78.8,485,2020,2020,"Shooter, Adventure","Xbox Series X|S, PlayStation 4, PC (Microsoft Windows), PlayStation 5, Xbox One"
182378,Men of War II,men-of-war-ii,74.7,3,69.9,5,2024,2020,"Real Time Strategy (RTS), Simulator, Strategy, Tactical",PC (Microsoft Windows)
165197,NHL 22,nhl-22,74.7,6,73.5,12,2021,2020,Sport,"Xbox Series X|S, PlayStation 4, PlayStation 5, Xbox One"
28445,Namco Museum,namco-museum,74.7,9,79.0,2,2017,2010,Arcade,Nintendo Switch
305042,Possessor(s),possessor-s,74.7,3,,,2025,2020,"Platform, Adventure, Indie","Nintendo Switch 2, PC (Microsoft Windows), PlayStation 5"
4650,Pro Evolution Soccer 2011,pro-evolution-soccer-2011,74.7,5,74.5,99,2010,2010,"Simulator, Sport","PlayStation 3, PC (Microsoft Windows), Xbox 360"
22671,Replay: VHS Is Not Dead,replay-vhs-is-not-dead,74.7,3,,,2015,2010,"Platform, Puzzle, Adventure, Indie","PlayStation 4, PC (Microsoft Windows), Mac, Wii U, Xbox One"
5541,Sherlock Holmes: Crimes & Punishments,sherlock-holmes-crimes-punishments,74.7,14,79.6,181,2014,2010,"Puzzle, Adventure","PlayStation 3, PlayStation 4, PC (Microsoft Windows), Xbox 360, Xbox One, Nintendo Switch"
7457,Siren: Blood Curse,siren-blood-curse,74.7,3,70.5,27,2008,2000,"Shooter, Puzzle, Adventure",PlayStation 3
151134,Tandem: A Tale of Shadows,tandem-a-tale-of-shadows,74.7,6,,,2021,2020,"Platform, Puzzle, Adventure, Indie","PlayStation 4, PC (Microsoft Windows), Xbox One, Nintendo Switch"
7236,Viva Piñata,viva-pinata,74.7,3,75.5,55,2006,2000,"Simulator, Strategy","PC (Microsoft Windows), Xbox 360"
1700,Wario World,wario-world,74.7,3,70.7,45,2003,2000,"Platform, Hack and slash/Beat 'em up",Nintendo GameCube
10681,Alwa's Awakening,alwas-awakening,74.6,5,76.5,15,2017,2010,"Platform, Adventure, Indie","PlayStation 4, Linux, PC (Microsoft Windows), Mac, Xbox One, Nintendo Entertainment System, Nintendo Switch"
55028,Attack on Titan 2,attack-on-titan-2,74.6,13,82.9,19,2018,2010,Hack and slash/Beat 'em up,"PlayStation 4, PC (Microsoft Windows), PlayStation Vita, Xbox One, Nintendo Switch"
10047,BioShock Infinite: Burial at Sea - Episode 1,bioshock-infinite-burial-at-sea-episode-1,74.6,5,83.8,136,2013,2010,Shooter,"PlayStation 3, PlayStation 4, Linux, PC (Microsoft Windows), Mac, Xbox 360, Xbox One, Nintendo Switch"
429,Call of Juarez,call-of-juarez,74.6,4,73.5,180,2006,2000,Shooter,"PC (Microsoft Windows), Xbox 360"
1976,Call of Juarez: Gunslinger,call-of-juarez-gunslinger,74.6,10,77.6,353,2013,2010,"Shooter, Adventure, Arcade","PlayStation 3, PC (Microsoft Windows), Xbox 360, Nintendo Switch"
90055,Carrion,carrion,74.6,9,75.9,193,2020,2020,"Platform, Adventure, Indie","PlayStation 4, Linux, Android, PC (Microsoft Windows), iOS, PlayStation 5, Mac, Xbox One, Nintendo Switch"
133305,Chorus,chorus,74.6,7,71.0,40,2021,2020,"Shooter, Adventure, Indie, Arcade","Google Stadia, Xbox Series X|S, PlayStation 4, PC (Microsoft Windows), PlayStation 5, Xbox One"
119244,Darksiders Genesis,darksiders-genesis,74.6,11,70.1,91,2019,2010,"Role-playing (RPG), Hack and slash/Beat 'em up, Adventure","Google Stadia, PlayStation 4, PC (Microsoft Windows), Xbox One, Nintendo Switch"
19267,Dynasty Warriors Next,dynasty-warriors-next,74.6,5,53.6,8,2011,2010,Hack and slash/Beat 'em up,PlayStation Vita
6770,Fantasy Life,fantasy-life,74.6,9,70.1,31,2012,2010,"Role-playing (RPG), Simulator, Adventure",Nintendo 3DS
7388,Papo & Yo,papo-yo,74.6,9,74.5,62,2012,2010,"Platform, Puzzle, Adventure, Indie","PlayStation 3, Linux, PC (Microsoft Windows), Mac"
978,Resident Evil: Revelations,resident-evil-revelations,74.6,27,73.9,199,2012,2010,"Shooter, Adventure","PlayStation 3, PlayStation 4, Nintendo 3DS, PC (Microsoft Windows), Wii U, Xbox 360, Xbox One, Nintendo Switch"
2284,Rock of Ages,rock-of-ages,74.6,5,74.2,58,2011,2010,"Racing, Strategy, Indie","PlayStation 3, PC (Microsoft Windows), Xbox 360"
12279,Samurai Warriors 4-II,samurai-warriors-4-ii,74.6,6,68.8,11,2015,2010,Hack and slash/Beat 'em up,"PlayStation 3, PlayStation 4, PC (Microsoft Windows), PlayStation Vita"
1298,Tom Clancy's Ghost Recon 2,tom-clancy-s-ghost-recon-2,74.6,5,71.6,18,2004,2000,"Shooter, Tactical","Nintendo GameCube, PlayStation 2"
1293,Tom Clancy's Ghost Recon: Future Soldier,tom-clancy-s-ghost-recon-future-soldier,74.6,10,72.3,110,2012,2010,"Shooter, Adventure","PlayStation 3, PC (Microsoft Windows), Xbox 360"
26500,Toukiden 2,toukiden-2,74.6,13,80.0,6,2016,2010,Role-playing (RPG),"PlayStation 3, PlayStation 4, PC (Microsoft Windows), PlayStation Vita"
122236,Assassin's Creed: The Rebel Collection,assassins-creed-the-rebel-collection,74.5,4,81.0,6,2019,2010,"Role-playing (RPG), Adventure",Nintendo Switch
672,Doom 3: Resurrection of Evil,doom-3-resurrection-of-evil,74.5,4,68.7,69,2005,2000,Shooter,"Xbox, Linux, PC (Microsoft Windows)"
27434,Flipping Death,flipping-death,74.5,4,79.7,8,2018,2010,"Platform, Puzzle, Adventure, Indie","PlayStation 4, PC (Microsoft Windows), Mac, Xbox One, Nintendo Switch"
54662,Football Manager 2018,football-manager-2018,74.5,6,88.4,45,2017,2010,"Simulator, Sport","Linux, PC (Microsoft Windows), Mac"
9580,Grandia II,grandia-ii,74.5,3,79.9,61,2000,2000,Role-playing (RPG),"PlayStation 3, PC (Microsoft Windows), Dreamcast, PlayStation 2"
115427,Haven,haven,74.5,8,70.9,41,2020,2020,"Role-playing (RPG), Adventure, Indie","Xbox Series X|S, PlayStation 4, PC (Microsoft Windows), PlayStation 5, Xbox One, Nintendo Switch"
113866,Moving Out,moving-out,74.5,10,72.0,56,2020,2020,"Simulator, Strategy, Adventure, Indie","PlayStation 4, PC (Microsoft Windows), Xbox One, Nintendo Switch"
5058,NBA 2K13,nba-2k13,74.5,10,78.1,48,2012,2010,"Simulator, Sport, Strategy","PlayStation 3, Wii, Android, PC (Microsoft Windows), iOS, Wii U, PlayStation Portable, Xbox 360"
356,Quake 4,quake-4,74.5,6,74.5,238,2005,2000,Shooter,"Linux, PC (Microsoft Windows), Mac, Xbox 360"
5136,"Sakura Wars: So Long, My Love",sakura-wars-so-long-my-love,74.5,3,81.1,5,2005,2000,"Role-playing (RPG), Simulator, Strategy, Tactical, Adventure, Visual Novel","Wii, PlayStation 2"
15821,Seasons after Fall,seasons-after-fall,74.5,10,66.6,34,2016,2010,"Platform, Puzzle, Role-playing (RPG), Adventure, Indie","PlayStation 4, Linux, PC (Microsoft Windows), Mac, Xbox One"
139864,Space Invaders Forever,space-invaders-forever,74.5,4,,,2020,2020,"Shooter, Puzzle, Arcade","PlayStation 4, Nintendo Switch"
119406,Space Invaders: Invincible Collection,space-invaders-invincible-collection,74.5,4,,,2020,2020,"Shooter, Arcade",Nintendo Switch
5176,Speed Racer: The Videogame,speed-racer-the-videogame,74.5,4,65.1,7,2008,2000,Racing,"Wii, Nintendo DS, PlayStation 2"
19114,Spider-Man,spider-man--1,74.5,4,67.4,157,2002,2000,"Platform, Adventure","Nintendo GameCube, PC (Microsoft Windows), PlayStation 2"
18905,Stranger of Sword City,stranger-of-sword-city,74.5,10,63.7,4,2014,2010,"Role-playing (RPG), Adventure","PC (Microsoft Windows), PlayStation Vita, Xbox 360, Xbox One"
27791,The Disney Afternoon Collection,the-disney-afternoon-collection,74.5,16,80.0,3,2017,2010,"Platform, Adventure, Arcade","PlayStation 4, Nintendo Switch 2, PC (Microsoft Windows), Xbox One, Nintendo Switch"
282959,TopSpin 2K25,topspin-2k25,74.5,4,69.9,5,2024,2020,"Simulator, Sport","Xbox Series X|S, PlayStation 4, PC (Microsoft Windows), PlayStation 5, Xbox One"
8322,Zuma's Revenge!,zumas-revenge,74.5,6,73.1,48,2009,2000,"Puzzle, Arcade","Zeebo, PlayStation 3, Windows Phone, PC (Microsoft Windows), iOS, Mac, Xbox 360, Nintendo DSi, Nintendo DS"
1429,Apollo Justice: Ace Attorney,apollo-justice-ace-attorney,74.4,5,71.2,136,2007,2000,"Point-and-click, Puzzle, Adventure, Visual Novel","Nintendo 3DS, Android, iOS, Nintendo DS"
115071,Batman: The Telltale Series - Episode 4: Guardian of Gotham,batman-the-telltale-series-episode-4-guardian-of-gotham,74.4,8,,,2016,2010,"Point-and-click, Adventure","PlayStation 4, PC (Microsoft Windows), Xbox One"
9708,Danganronpa Another Episode: Ultra Despair Girls,danganronpa-another-episode-ultra-despair-girls,74.4,9,71.5,78,2014,2010,"Shooter, Puzzle, Hack and slash/Beat 'em up, Adventure","PlayStation 4, PC (Microsoft Windows), PlayStation Vita"
6958,Dante's Inferno,dante-s-inferno,74.4,6,75.3,228,2010,2010,"Hack and slash/Beat 'em up, Adventure","PlayStation 3, PlayStation Portable, Xbox 360"
19921,Destiny: House of Wolves,destiny-house-of-wolves,74.4,8,61.4,15,2015,2010,"Shooter, Role-playing (RPG)","PlayStation 3, PlayStation 4, Xbox 360, Xbox One"
6060,Freedom Wars,freedom-wars,74.4,5,73.2,12,2014,2010,"Shooter, Role-playing (RPG)",PlayStation Vita
127040,Marvel's Guardians of the Galaxy: The Telltale Series - Episode 2: Under Pressure,marvels-guardians-of-the-galaxy-the-telltale-series-episode-2-under-pressure,74.4,8,,,2017,2010,"Point-and-click, Adventure","PlayStation 4, Android, PC (Microsoft Windows), iOS, Xbox One"
556,Medal of Honor,medal-of-honor,74.4,9,69.0,295,2010,2010,Shooter,"PlayStation 3, Linux, PC (Microsoft Windows), Xbox 360"
248582,Teenage Mutant Ninja Turtles: Splintered Fate,teenage-mutant-ninja-turtles-splintered-fate,74.4,8,70.0,6,2023,2020,"Fighting, Hack and slash/Beat 'em up, Adventure, Indie","Xbox Series X|S, PlayStation 4, Nintendo Switch 2, PC (Microsoft Windows), iOS, PlayStation 5, Mac, Xbox One, Nintendo Switch"
178361,The Dark Pictures Anthology: The Devil in Me,the-dark-pictures-anthology-the-devil-in-me,74.4,5,68.9,92,2022,2020,Adventure,"Xbox Series X|S, PlayStation 4, PC (Microsoft Windows), PlayStation 5, Xbox One"
6217,Tron 2.0,tron-2-0,74.4,5,77.7,39,2003,2000,"Shooter, Racing, Role-playing (RPG)","Xbox, PC (Microsoft Windows), Mac"
19935,Wizard of Legend,wizard-of-legend,74.4,5,70.5,71,2018,2010,"Role-playing (RPG), Hack and slash/Beat 'em up, Adventure, Indie, Arcade","PlayStation 4, Linux, PC (Microsoft Windows), iOS, Mac, Xbox One, Nintendo Switch"
123354,​The Ninja Saviors: Return of the Warriors,the-ninja-saviors-return-of-the-warriors,74.4,7,87.0,4,2019,2010,"Fighting, Hack and slash/Beat 'em up, Arcade","PlayStation 4, PC (Microsoft Windows), Nintendo Switch"
78917,Call of Duty: WWII - The Resistance DLC Pack 1,call-of-duty-wwii-the-resistance-dlc-pack-1,74.3,3,,,2018,2010,Shooter,"PlayStation 4, PC (Microsoft Windows), Xbox One"
16820,Cloudbuilt,cloudbuilt,74.3,4,70.0,9,2014,2010,"Platform, Adventure, Indie",PC (Microsoft Windows)
7329,Dead Island 2,dead-island-2,74.3,6,68.8,151,2023,2020,"Shooter, Role-playing (RPG), Hack and slash/Beat 'em up, Adventure","Xbox Series X|S, PlayStation 4, PC (Microsoft Windows), PlayStation 5, Mac, Xbox One"
25312,God Wars: Future Past,god-wars-future-past,74.3,4,,,2017,2010,"Role-playing (RPG), Strategy, Turn-based strategy (TBS), Tactical","PlayStation 4, PlayStation Vita"
119247,Gylt,gylt,74.3,6,67.4,31,2019,2010,"Puzzle, Role-playing (RPG), Adventure","Google Stadia, Xbox Series X|S, PlayStation 4, PC (Microsoft Windows), PlayStation 5, Xbox One, Nintendo Switch"
1885,Homefront,homefront,74.3,9,68.4,209,2011,2010,Shooter,"PlayStation 3, PC (Microsoft Windows), Xbox 360"
14545,Human Resource Machine,human-resource-machine,74.3,6,77.6,54,2015,2010,"Puzzle, Simulator, Strategy, Indie","Linux, Android, PC (Microsoft Windows), iOS, Mac, Wii U, Nintendo Switch"
12505,Infinity Blade III,infinity-blade-iii,74.3,3,81.2,18,2013,2010,Adventure,iOS
28048,King's Quest: Chapter 1 - A Knight to Remember,kings-quest-chapter-1-a-knight-to-remember,74.3,7,71.2,11,2015,2010,"Point-and-click, Puzzle, Adventure","PlayStation 3, PlayStation 4, PC (Microsoft Windows), Xbox 360, Xbox One"
301506,Madden NFL 25,madden-nfl-25--3,74.3,3,71.2,9,2024,2020,"Simulator, Sport, Strategy","Xbox Series X|S, PlayStation 4, PC (Microsoft Windows), PlayStation 5, Xbox One"
11507,Master of Orion,master-of-orion--1,74.3,6,66.8,15,2016,2010,Strategy,"Linux, PC (Microsoft Windows), Mac"
21073,Metal Gear Solid: Snake Eater 3D,metal-gear-solid-snake-eater-3d,74.3,6,97.4,21,2012,2010,"Shooter, Tactical, Adventure",Nintendo 3DS
7104,NASCAR 09,nascar-09,74.3,3,80.0,4,2008,2000,"Racing, Sport","PlayStation 3, Xbox 360"
20403,Niffelheim,niffelheim,74.3,3,69.3,7,2018,2010,"Platform, Role-playing (RPG), Simulator, Strategy, Adventure, Indie","PlayStation 4, Linux, Android, PC (Microsoft Windows), iOS, Mac, Xbox One, Nintendo Switch"
114783,No Straight Roads,no-straight-roads,74.3,6,63.6,14,2020,2020,"Music, Role-playing (RPG), Hack and slash/Beat 'em up, Adventure","PlayStation 4, PC (Microsoft Windows), Xbox One, Nintendo Switch"
47629,Pro Evolution Soccer 2011 3D,pro-evolution-soccer-2011-3d,74.3,4,73.0,2,2011,2010,Sport,Nintendo 3DS
10728,Puddle,puddle,74.3,4,43.8,10,2012,2010,"Platform, Puzzle, Simulator, Indie","PlayStation 3, PlayStation 4, Ouya, Linux, Android, PC (Microsoft Windows), iOS, Mac, Wii U, PlayStation Vita, Xbox 360"
236658,Samba de Amigo: Party Central,samba-de-amigo-party-central,74.3,4,,,2023,2020,Music,Nintendo Switch
6896,Tetris: Axis,tetris-axis,74.3,3,67.0,2,2011,2010,Puzzle,Nintendo 3DS
19385,The Charnel House Trilogy,the-charnel-house-trilogy,74.3,3,65.1,7,2015,2010,"Point-and-click, Adventure, Indie",PC (Microsoft Windows)
36846,The End Is Nigh,the-end-is-nigh,74.3,3,84.6,48,2017,2010,"Platform, Adventure, Indie","PlayStation 4, Linux, PC (Microsoft Windows), Mac, Nintendo Switch"
8780,The Marvellous Miss Take,the-marvellous-miss-take,74.3,3,80.0,3,2014,2010,"Adventure, Indie","PC (Microsoft Windows), Mac"
17811,The Sun and Moon,the-sun-and-moon,74.3,4,70.0,0,2014,2010,"Platform, Indie, Arcade","Web browser, PlayStation 4, PC (Microsoft Windows), Mac, PlayStation Vita, Xbox One"
2639,The Wonderful 101,the-wonderful-101,74.3,10,82.0,27,2013,2010,"Strategy, Hack and slash/Beat 'em up, Adventure",Wii U
5227,Tiger Woods PGA Tour 14,tiger-woods-pga-tour-14,74.3,7,75.0,4,2013,2010,"Simulator, Sport","PlayStation 3, Xbox 360"
319480,Tomb Raider IV•V•VI Remastered,tomb-raider-iv-star-v-star-vi-remastered,74.3,4,79.9,13,2025,2020,"Shooter, Puzzle, Strategy, Adventure","Xbox Series X|S, PlayStation 4, PC (Microsoft Windows), PlayStation 5, Xbox One, Nintendo Switch"
6204,Tony Hawk's Project 8,tony-hawk-s-project-8,74.3,3,71.0,54,2006,2000,Sport,"Xbox, PlayStation Portable, PlayStation 2"
12638,Train Valley,train-valley,74.3,6,70.4,8,2015,2010,"Puzzle, Simulator, Strategy, Indie","Linux, PC (Microsoft Windows), Mac"
2595,Tropico 4,tropico-4,74.3,4,79.7,126,2011,2010,"Real Time Strategy (RTS), Simulator, Strategy","PC (Microsoft Windows), Mac, Xbox 360"
4216,True Crime: Streets of LA,true-crime-streets-of-la,74.3,3,69.6,108,2003,2000,"Fighting, Shooter, Racing, Adventure","Xbox, Nintendo GameCube, PC (Microsoft Windows), Mac, PlayStation 2"
41819,Under Night In-Birth Exe:Late[st],under-night-in-birth-exe-late-st,74.3,3,82.5,11,2015,2010,"Fighting, Arcade","Arcade, PlayStation 3, PlayStation 4, PC (Microsoft Windows), PlayStation Vita"
9245,Deadly Premonition: Director's Cut,deadly-premonition-directors-cut,74.2,6,63.1,40,2013,2010,"Shooter, Adventure","PlayStation 3, PC (Microsoft Windows)"
54996,Jurassic World Evolution,jurassic-world-evolution,74.2,13,68.5,114,2018,2010,"Simulator, Strategy","PlayStation 4, PC (Microsoft Windows), Xbox One"
1913,Lost Planet: Extreme Condition,lost-planet-extreme-condition,74.2,5,70.4,119,2006,2000,"Shooter, Platform, Adventure","PlayStation 3, PC (Microsoft Windows), Xbox 360"
2746,Madden NFL 08,madden-nfl-08,74.2,6,66.9,19,2007,2000,"Simulator, Sport","PlayStation 3, PC (Microsoft Windows), Mac, Xbox 360"
7360,Rainbow Six Siege,rainbow-six-siege,74.2,18,78.8,562,2015,2010,"Shooter, Tactical","Google Stadia, Xbox Series X|S, PlayStation 4, PC (Microsoft Windows), PlayStation 5, Xbox One"
20228,Sleeping Dogs: Definitive Edition,sleeping-dogs-definitive-edition,74.2,6,82.1,264,2014,2010,"Shooter, Racing, Hack and slash/Beat 'em up, Adventure","PlayStation 4, PC (Microsoft Windows), Mac, Xbox One"
6072,Styx: Master of Shadows,styx-master-of-shadows,74.2,9,71.8,88,2014,2010,"Role-playing (RPG), Strategy, Adventure","PlayStation 4, PC (Microsoft Windows), Xbox One"
279641,Tales of Kenzera: Zau,tales-of-kenzera-zau,74.2,5,68.1,23,2024,2020,"Platform, Puzzle, Adventure, Indie","Xbox Series X|S, PC (Microsoft Windows), PlayStation 5, Nintendo Switch"
129240,The Wonderful 101: Remastered,the-wonderful-101-remastered,74.2,5,86.9,9,2020,2020,"Strategy, Hack and slash/Beat 'em up, Adventure","PlayStation 4, PC (Microsoft Windows), Nintendo Switch"
18484,Clustertruck,clustertruck,74.1,10,68.5,98,2016,2010,"Platform, Indie","PlayStation 4, Linux, PC (Microsoft Windows), Mac, Xbox One, Nintendo Switch"
19918,EA Sports UFC 2,ea-sports-ufc-2,74.1,13,70.4,35,2016,2010,"Fighting, Sport","PlayStation 4, Xbox One"
37137,Kirby Star Allies,kirby-star-allies,74.1,12,70.9,79,2018,2010,"Platform, Hack and slash/Beat 'em up, Adventure",Nintendo Switch
143609,Mario Golf: Super Rush,mario-golf-super-rush,74.1,7,69.7,17,2021,2020,"Role-playing (RPG), Sport, Adventure",Nintendo Switch
138538,NHL 21,nhl-21,74.1,8,77.5,20,2020,2020,"Simulator, Sport","PlayStation 4, Xbox One"
2448,Quantum Conundrum,quantum-conundrum,74.1,11,70.7,42,2012,2010,"Platform, Puzzle, Strategy, Adventure","PlayStation 3, PC (Microsoft Windows), Xbox 360"
8730,ScreamRide,screamride,74.1,14,80.0,4,2015,2010,"Simulator, Strategy, Arcade","Xbox 360, Xbox One"
55195,Travis Strikes Again: No More Heroes,travis-strikes-again-no-more-heroes,74.1,7,54.9,20,2019,2010,"Hack and slash/Beat 'em up, Adventure","PlayStation 4, PC (Microsoft Windows), Nintendo Switch"
19606,TurnOn,turnon,74.1,7,70.0,2,2016,2010,"Platform, Puzzle, Adventure, Indie","PC (Microsoft Windows), Mac, Xbox One"
37134,.Hack//G.U. Last Recode,dot-hack-slash-slash-g-dot-u-last-recode,74.0,6,82.1,11,2017,2010,"Role-playing (RPG), Adventure","PlayStation 4, PC (Microsoft Windows), Nintendo Switch"
7265,3D Dot Game Heroes,3d-dot-game-heroes,74.0,5,73.8,14,2009,2000,"Role-playing (RPG), Adventure",PlayStation 3
104682,A Fold Apart,a-fold-apart,74.0,6,70.0,3,2020,2020,"Platform, Puzzle, Adventure, Indie","PlayStation 4, PC (Microsoft Windows), iOS, Mac, Xbox One, Nintendo Switch"
560,Aliens vs. Predator,aliens-vs-predator,74.0,4,69.8,178,2010,2010,Shooter,"PlayStation 3, PC (Microsoft Windows), Xbox 360"
138031,Aragami 2,aragami-2,74.0,3,60.0,26,2021,2020,"Adventure, Indie","Xbox Series X|S, PlayStation 4, PC (Microsoft Windows), PlayStation 5, Xbox One, Nintendo Switch"
5493,Armored Core: For Answer,armored-core-for-answer,74.0,3,87.9,9,2008,2000,"Shooter, Simulator","PlayStation 3, Xbox 360"
6915,Birds of Steel,birds-of-steel,74.0,3,80.0,4,2012,2010,"Shooter, Simulator","PlayStation 3, Xbox 360"
95062,Call of Duty: Modern Warfare 2 Campaign Remastered,call-of-duty-modern-warfare-2-campaign-remastered,74.0,5,79.5,105,2020,2020,Shooter,"PlayStation 4, PC (Microsoft Windows), Xbox One"
109594,Castlevania Requiem: Symphony of the Night & Rondo of Blood,castlevania-requiem-symphony-of-the-night-and-rondo-of-blood,74.0,5,90.0,12,2018,2010,Platform,PlayStation 4
19914,Charlie Murder,charlie-murder,74.0,5,69.2,22,2013,2010,"Role-playing (RPG), Hack and slash/Beat 'em up, Adventure, Indie","Linux, PC (Microsoft Windows), Mac, Xbox 360"
23245,ChromaGun,chromagun,74.0,5,79.9,6,2016,2010,"Shooter, Puzzle, Adventure, Indie, Arcade","PlayStation 4, Linux, PC (Microsoft Windows), Mac, Xbox One, Nintendo Switch"
1268,Crysis 3,crysis-3,74.0,12,74.1,408,2013,2010,"Shooter, Adventure","PlayStation 3, PC (Microsoft Windows), Wii U, Xbox 360"
17818,Disney Infinity 2.0: Marvel Super Heroes,disney-infinity-2-dot-0-marvel-super-heroes,74.0,11,69.0,7,2014,2010,Adventure,"PlayStation 3, PlayStation 4, Android, PC (Microsoft Windows), iOS, Wii U, PlayStation Vita, Xbox 360, Xbox One"
8684,Doki-Doki Universe,doki-doki-universe,74.0,5,64.0,12,2013,2010,"Simulator, Adventure","PlayStation 3, PlayStation 4, PlayStation Vita"
7408,Dragon Ball: Xenoverse,dragon-ball-xenoverse,74.0,10,67.5,157,2015,2010,"Fighting, Role-playing (RPG)","PlayStation 3, PlayStation 4, PC (Microsoft Windows), Xbox 360, Xbox One"
254332,Dragon Quest Monsters: The Dark Prince,dragon-quest-monsters-the-dark-prince,74.0,3,,,2023,2020,"Role-playing (RPG), Adventure","Android, PC (Microsoft Windows), iOS, Nintendo Switch"
21487,Drone Tactics,drone-tactics,74.0,3,43.0,1,2007,2000,Strategy,Nintendo DS
27353,Dungeons 3,dungeons-3,74.0,3,76.8,26,2017,2010,"Real Time Strategy (RTS), Role-playing (RPG), Simulator, Strategy, Adventure","PlayStation 4, Linux, PC (Microsoft Windows), Mac, Xbox One"
6982,Dynasty Warriors: Gundam 3,dynasty-warriors-gundam-3,74.0,3,60.2,5,2010,2010,"Role-playing (RPG), Hack and slash/Beat 'em up","PlayStation 3, Xbox 360"
393932,Echoes of Aincrad,echoes-of-aincrad,74.0,3,,,2026,2020,"Role-playing (RPG), Adventure","Xbox Series X|S, PC (Microsoft Windows), PlayStation 5"
1509,Epic Mickey,epic-mickey,74.0,6,75.9,37,2010,2010,"Platform, Adventure",Wii
194203,Exoprimal,exoprimal,74.0,6,60.3,11,2023,2020,"Shooter, Hack and slash/Beat 'em up","Xbox Series X|S, PlayStation 4, PC (Microsoft Windows), PlayStation 5, Xbox One"
26857,Graceful Explosion Machine,graceful-explosion-machine,74.0,8,80.0,3,2017,2010,"Shooter, Indie, Arcade","PlayStation 4, PC (Microsoft Windows), Nintendo Switch"
3943,Harry Potter and the Prisoner of Azkaban,harry-potter-and-the-prisoner-of-azkaban,74.0,6,74.4,189,2004,2000,"Platform, Adventure",PC (Microsoft Windows)
5871,Jurassic Park: Operation Genesis,jurassic-park-operation-genesis,74.0,3,72.2,50,2003,2000,"Simulator, Strategy","Xbox, PC (Microsoft Windows), PlayStation 2"
305003,LEGO Horizon Adventures,lego-horizon-adventures,74.0,6,67.1,27,2024,2020,"Puzzle, Adventure","PC (Microsoft Windows), PlayStation 5, Nintendo Switch"
19489,Leo's Fortune,leos-fortune,74.0,7,70.4,16,2014,2010,"Platform, Puzzle, Adventure, Indie","PlayStation 4, Android, PC (Microsoft Windows), iOS, Mac, Xbox One"
2707,Mario & Sonic at the Olympic Winter Games,mario-and-sonic-at-the-olympic-winter-games,74.0,5,68.9,37,2009,2000,Sport,Wii
267011,MechWarrior 5: Clans,mechwarrior-5-clans,74.0,4,78.5,6,2024,2020,"Shooter, Simulator","Xbox Series X|S, PC (Microsoft Windows), PlayStation 5"
1614,Mortal Kombat: Shaolin Monks,mortal-kombat-shaolin-monks,74.0,3,68.6,77,2005,2000,"Fighting, Hack and slash/Beat 'em up","Xbox, PlayStation 2"
2825,Ninjatown,ninjatown,74.0,5,77.0,3,2008,2000,"Real Time Strategy (RTS), Strategy",Nintendo DS
19545,Observer,observer,74.0,12,75.5,164,2017,2010,"Adventure, Indie","PlayStation 4, Linux, PC (Microsoft Windows), Mac, Xbox One, Nintendo Switch"
8944,Penumbra: Overture,penumbra-overture,74.0,4,75.5,94,2007,2000,"Puzzle, Adventure, Indie","Linux, PC (Microsoft Windows), Mac"
2288,Pokémon Conquest,pokemon-conquest,74.0,6,78.2,55,2012,2010,"Role-playing (RPG), Strategy, Turn-based strategy (TBS)",Nintendo DS
191931,Pokémon Scarlet,pokemon-scarlet,74.0,3,72.0,103,2022,2020,"Role-playing (RPG), Turn-based strategy (TBS), Adventure","Nintendo Switch 2, Nintendo Switch"
121173,Project CARS 3,project-cars-3,74.0,5,66.8,14,2020,2020,Racing,"PlayStation 4, PC (Microsoft Windows), SteamVR, Xbox One"
121714,Rock of Ages 3: Make & Break,rock-of-ages-3-make-and-break,74.0,4,59.6,10,2020,2020,"Racing, Strategy, Indie","Google Stadia, PlayStation 4, PC (Microsoft Windows), Xbox One, Nintendo Switch"
150005,Sonic Colors: Ultimate,sonic-colors-ultimate,74.0,4,72.7,9,2021,2020,"Platform, Adventure","PlayStation 4, PC (Microsoft Windows), Xbox One, Nintendo Switch"
17583,SpellForce 3,spellforce-3,74.0,7,68.1,23,2017,2010,"Real Time Strategy (RTS), Role-playing (RPG), Strategy",PC (Microsoft Windows)
553,Spider-Man: Shattered Dimensions,spider-man-shattered-dimensions,74.0,9,72.7,143,2010,2010,"Platform, Adventure","PlayStation 3, PC (Microsoft Windows), Xbox 360"
119057,Star Ocean: First Departure R,star-ocean-first-departure-r,74.0,3,73.4,5,2019,2010,"Role-playing (RPG), Adventure","PlayStation 4, Nintendo Switch"
141373,Submerged: Hidden Depths,submerged-hidden-depths,74.0,5,64.1,12,2020,2020,"Adventure, Indie","Google Stadia, Xbox Series X|S, PlayStation 4, PC (Microsoft Windows), PlayStation 5, Xbox One"
20764,Syphon Filter: Dark Mirror,syphon-filter-dark-mirror,74.0,4,62.7,7,2006,2000,Shooter,"PlayStation Portable, PlayStation 2"
36856,The Mummy: Demastered,the-mummy-demastered,74.0,5,72.8,22,2017,2010,"Shooter, Platform, Puzzle, Adventure","PlayStation 4, Linux, PC (Microsoft Windows), Xbox One, Nintendo Switch"
86477,The Surge 2,the-surge-2,74.0,12,74.8,47,2019,2010,"Role-playing (RPG), Adventure","PlayStation 4, PC (Microsoft Windows), Xbox One"
133773,WRC 9,wrc-9,74.0,5,71.1,10,2020,2020,"Racing, Simulator, Sport","Xbox Series X|S, PlayStation 4, PC (Microsoft Windows), PlayStation 5, Xbox One, Nintendo Switch"
187855,Zombie Rollerz: Pinball Heroes,zombie-rollerz-pinball-heroes,74.0,3,,,2022,2020,"Shooter, Role-playing (RPG), Simulator, Strategy, Pinball, Indie, Arcade","Xbox Series X|S, PC (Microsoft Windows), iOS, PlayStation 5, Nintendo Switch"
6860,One Piece: Unlimited World RED,one-piece-unlimited-world-red,73.9,9,63.8,12,2013,2010,Adventure,"PlayStation 3, Nintendo 3DS, Wii U, PlayStation Vita"
116414,Rad,rad,73.9,12,64.9,11,2019,2010,"Role-playing (RPG), Hack and slash/Beat 'em up, Adventure, Indie, Arcade","PlayStation 4, PC (Microsoft Windows), Xbox One, Nintendo Switch"
11215,Runbow,runbow,73.9,7,79.1,6,2015,2010,"Platform, Racing, Adventure, Indie","PlayStation 4, Nintendo 3DS, PC (Microsoft Windows), Mac, Wii U, New Nintendo 3DS, Xbox One, Nintendo Switch"
11197,Yo-kai Watch,yo-kai-watch,73.9,9,73.0,32,2013,2010,"Puzzle, Role-playing (RPG)",Nintendo 3DS
144153,Aliens: Fireteam Elite,aliens-fireteam-elite,73.8,10,66.2,38,2021,2020,Shooter,"Xbox Series X|S, PlayStation 4, PC (Microsoft Windows), PlayStation 5, Xbox One, Nintendo Switch"
12884,Bad Apple Wars,bad-apple-wars,73.8,5,,,2015,2010,"Adventure, Visual Novel",PlayStation Vita
8335,Blackguards 2,blackguards-2,73.8,5,69.5,14,2015,2010,"Role-playing (RPG), Strategy, Turn-based strategy (TBS), Adventure, Indie","PlayStation 4, PC (Microsoft Windows), Mac, Xbox One, Nintendo Switch"
121708,Bubble Bobble 4 Friends,bubble-bobble-4-friends,73.8,4,,,2019,2010,"Platform, Arcade",Nintendo Switch
949,Call of Duty 3,call-of-duty-3,73.8,5,71.4,326,2006,2000,Shooter,"Xbox, PlayStation 3, Wii, Xbox 360, PlayStation 2"
20154,Call of Duty: Black Ops II - Uprising,call-of-duty-black-ops-ii-uprising,73.8,4,,,2013,2010,Shooter,"PlayStation 3, PlayStation 4, PC (Microsoft Windows), PlayStation 5, Xbox 360"
6942,Condemned: Criminal Origins,condemned-criminal-origins,73.8,5,80.3,187,2005,2000,"Shooter, Puzzle, Adventure","PC (Microsoft Windows), Xbox 360"
116417,Creature in the Well,creature-in-the-well,73.8,4,82.7,24,2019,2010,"Fighting, Puzzle, Hack and slash/Beat 'em up, Pinball, Adventure, Indie, Arcade","PlayStation 4, PC (Microsoft Windows), Xbox One, Nintendo Switch"
17460,Dragon Quest Monsters: Joker,dragon-quest-monsters-joker,73.8,4,68.8,12,2006,2000,"Role-playing (RPG), Adventure",Nintendo DS
116021,Dungeon Defenders: Awakened,dungeon-defenders-awakened,73.8,4,57.0,5,2020,2020,"Role-playing (RPG), Strategy, Adventure, Indie","PlayStation 4, PC (Microsoft Windows), Xbox One, Nintendo Switch"
152245,Eiyuden Chronicle: Rising,eiyuden-chronicle-rising,73.8,4,70.8,33,2022,2020,"Role-playing (RPG), Adventure, Indie","Xbox Series X|S, PlayStation 4, PC (Microsoft Windows), PlayStation 5, Xbox One, Nintendo Switch"
204624,Ereban: Shadow Legacy,ereban-shadow-legacy,73.8,5,51.0,7,2024,2020,"Platform, Adventure, Indie","Xbox Series X|S, PC (Microsoft Windows), PlayStation 5"
9893,Fairy Fencer F,fairy-fencer-f,73.8,6,74.8,9,2013,2010,Role-playing (RPG),"PlayStation 3, PC (Microsoft Windows)"
8976,Football Manager 2015,football-manager-2015,73.8,5,80.4,46,2014,2010,"Simulator, Sport, Strategy","Linux, PC (Microsoft Windows), Mac"
7350,Get Even,get-even,73.8,10,69.9,39,2017,2010,"Shooter, Adventure","PlayStation 4, PC (Microsoft Windows), Xbox One"
1906,Gone Home,gone-home,73.8,12,74.0,546,2013,2010,"Puzzle, Adventure, Indie","Linux, PC (Microsoft Windows), iOS, Mac, Xbox One, Nintendo Switch"
1183,Guild Wars 2,guild-wars-2,73.8,9,80.0,322,2012,2010,"Role-playing (RPG), Adventure","PC (Microsoft Windows), Mac"
1226,Kingdom Hearts 3D: Dream Drop Distance,kingdom-hearts-3d-dream-drop-distance,73.8,6,75.3,77,2012,2010,Role-playing (RPG),Nintendo 3DS
21184,Klonoa,klonoa,73.8,4,86.9,17,2008,2000,"Platform, Puzzle",Wii
28815,LEGO Marvel Super Heroes 2,lego-marvel-super-heroes-2,73.8,13,70.2,53,2017,2010,"Platform, Puzzle, Hack and slash/Beat 'em up, Adventure","PlayStation 4, PC (Microsoft Windows), Mac, Xbox One, Nintendo Switch"
4991,Major League Baseball 2K10,major-league-baseball-2k10,73.8,4,69.9,5,2010,2010,Sport,"PlayStation 3, Wii, PC (Microsoft Windows), PlayStation Vita, PlayStation Portable, Xbox 360, PlayStation 2"
90714,Martha Is Dead,martha-is-dead,73.8,4,76.0,39,2022,2020,"Role-playing (RPG), Adventure, Indie","Xbox Series X|S, PlayStation 4, PC (Microsoft Windows), PlayStation 5, Xbox One"
113109,Marvel Ultimate Alliance 3: The Black Order,marvel-ultimate-alliance-3-the-black-order,73.8,11,66.6,39,2019,2010,"Role-playing (RPG), Hack and slash/Beat 'em up",Nintendo Switch
91298,Minecraft: Story Mode Season Two - Episode 1: Hero in Residence,minecraft-story-mode-season-two-episode-1-hero-in-residence,73.8,4,,,2017,2010,"Point-and-click, Adventure","PlayStation 4, Android, PC (Microsoft Windows), iOS, Mac, Xbox 360, Xbox One"
7079,MotoGP '07,motogp-07,73.8,4,76.1,5,2007,2000,"Racing, Simulator, Sport","PC (Microsoft Windows), Xbox 360"
26772,NBA 2K18,nba-2k18,73.8,10,65.5,48,2017,2010,"Simulator, Sport","PlayStation 4, Android, PC (Microsoft Windows), iOS, Xbox One, Nintendo Switch"
5063,NBA Live 09,nba-live-09,73.8,3,60.6,7,2008,2000,Sport,"PlayStation 3, Xbox 360"
5964,NHL 07,nhl-07,73.8,5,65.0,26,2006,2000,"Simulator, Sport","Xbox, PC (Microsoft Windows), PlayStation Portable, Xbox 360, PlayStation 2"
3225,No Man's Sky,no-man-s-sky,73.8,38,71.7,633,2016,2010,"Shooter, Simulator, Adventure, Indie, Arcade","Xbox Series X|S, PlayStation VR2, PlayStation 4, Nintendo Switch 2, PlayStation VR, PC (Microsoft Windows), SteamVR, PlayStation 5, Mac, Oculus Rift, Xbox One"
203516,Pokémon Scarlet and Pokémon Violet Double Pack,pokemon-scarlet-and-pokemon-violet-double-pack,73.8,4,,,2022,2020,"Role-playing (RPG), Adventure",Nintendo Switch
20392,Portal Knights,portal-knights,73.8,4,68.0,37,2017,2010,"Role-playing (RPG), Adventure, Indie","PlayStation 4, Android, PC (Microsoft Windows), iOS, Xbox One, Nintendo Switch"
116899,R-Type Final 2,r-type-final-2,73.8,4,77.3,7,2021,2020,"Shooter, Platform, Arcade","Xbox Series X|S, PlayStation 4, PC (Microsoft Windows), Xbox One, Nintendo Switch"
13197,Redout,redout,73.8,4,67.5,17,2016,2010,"Racing, Arcade","PC (Microsoft Windows), Nintendo Switch"
107237,Reigns: Game of Thrones,reigns-game-of-thrones,73.8,4,61.0,18,2018,2010,"Role-playing (RPG), Simulator, Strategy, Tactical, Adventure, Indie","Linux, Android, PC (Microsoft Windows), iOS, Mac, Nintendo Switch"
5969,Rochard,rochard,73.8,4,64.4,27,2011,2010,"Platform, Puzzle, Adventure, Indie","PlayStation 3, Linux, Android, PC (Microsoft Windows), Mac"
54521,Senran Kagura Peach Ball,senran-kagura-peach-ball,73.8,4,60.0,4,2018,2010,"Pinball, Arcade, Visual Novel","PC (Microsoft Windows), Nintendo Switch"
111667,Sinkr 2,sinkr-2,73.8,4,70.0,1,2018,2010,"Puzzle, Strategy, Indie","Linux, Android, PC (Microsoft Windows), iOS, Mac, Xbox One"
9464,Strike Vector,strike-vector,73.8,4,50.0,4,2014,2010,"Shooter, Indie",PC (Microsoft Windows)
37179,Sushi Striker: The Way of Sushido,sushi-striker-the-way-of-sushido,73.8,5,55.0,5,2018,2010,"Puzzle, Role-playing (RPG)","Nintendo 3DS, Nintendo Switch"
6074,The Incredible Adventures of Van Helsing II,the-incredible-adventures-of-van-helsing-ii,73.8,4,62.5,18,2014,2010,"Role-playing (RPG), Hack and slash/Beat 'em up, Adventure, Indie","PlayStation 4, PC (Microsoft Windows), Mac, Xbox One"
983,Tom Clancy's H.A.W.X,tom-clancy-s-h-a-w-x,73.8,6,73.7,58,2009,2000,"Shooter, Simulator","PlayStation 3, Android, PC (Microsoft Windows), iOS, Xbox 360"
5233,Top Spin 4,top-spin-4,73.8,4,89.1,21,2011,2010,"Simulator, Sport, Strategy","PlayStation 3, Wii, Xbox 360"
56969,Vaporum,vaporum,73.8,5,79.4,9,2017,2010,"Role-playing (RPG), Strategy, Adventure, Indie","PlayStation 4, Linux, PC (Microsoft Windows), Mac, Xbox One, Nintendo Switch"
171225,Wuchang: Fallen Feathers,wuchang-fallen-feathers,73.8,5,80.9,49,2025,2020,"Role-playing (RPG), Hack and slash/Beat 'em up, Adventure","Xbox Series X|S, PC (Microsoft Windows), PlayStation 5"
36814,Atelier Lydie & Suelle: The Alchemists and the Mysterious Paintings,atelier-lydie-and-suelle-the-alchemists-and-the-mysterious-paintings,73.7,6,74.6,7,2017,2010,"Role-playing (RPG), Adventure","PlayStation 4, PC (Microsoft Windows), PlayStation Vita, Nintendo Switch"
109456,Capcom Beat 'Em Up Bundle,capcom-beat-em-up-bundle,73.7,6,79.4,9,2018,2010,"Fighting, Hack and slash/Beat 'em up, Arcade","PlayStation 4, PC (Microsoft Windows), Xbox One, Nintendo Switch"
576,DC Universe Online,dc-universe-online,73.7,7,63.9,67,2011,2010,"Fighting, Role-playing (RPG), Hack and slash/Beat 'em up, Adventure, Indie","Xbox Series X|S, PlayStation 3, PlayStation 4, PC (Microsoft Windows), PlayStation 5, Xbox One, Nintendo Switch"
1216,Dead Space 3,dead-space-3,73.7,15,72.5,436,2013,2010,"Shooter, Puzzle, Adventure","PlayStation 3, PC (Microsoft Windows), Xbox 360, Xbox One"
5618,Hell Yeah! Wrath of the Dead Rabbit,hell-yeah-wrath-of-the-dead-rabbit,73.7,6,66.1,27,2012,2010,"Platform, Puzzle, Strategy, Quiz/Trivia, Adventure, Arcade","PlayStation 3, PC (Microsoft Windows), Xbox 360"
119357,Immortals Fenyx Rising,immortals-fenyx-rising,73.7,10,73.9,145,2020,2020,"Puzzle, Role-playing (RPG), Adventure","Google Stadia, Xbox Series X|S, PlayStation 4, PC (Microsoft Windows), PlayStation 5, Xbox One, Nintendo Switch"
4843,Kingdom Come: Deliverance,kingdom-come-deliverance,73.7,11,78.6,471,2018,2010,"Role-playing (RPG), Adventure","Xbox Series X|S, PlayStation 4, PC (Microsoft Windows), PlayStation 5, Xbox One, Nintendo Switch"
2336,Mario Party 9,mario-party-9,73.7,3,67.0,60,2012,2010,"Puzzle, Adventure, Card & Board Game",Wii
109422,Marvel's Spider-Man: Silver Lining,marvels-spider-man-silver-lining,73.7,3,72.0,44,2018,2010,"Hack and slash/Beat 'em up, Adventure",PlayStation 4
5911,MechAssault 2: Lone Wolf,mechassault-2-lone-wolf,73.7,3,93.3,10,2004,2000,"Shooter, Simulator",Xbox
28692,Mulaka,mulaka,73.7,7,66.6,8,2018,2010,"Platform, Adventure, Indie","PlayStation 4, PC (Microsoft Windows), Mac, Xbox One, Nintendo Switch"
314499,NHL 25,nhl-25,73.7,3,,,2024,2020,"Simulator, Sport","Xbox Series X|S, PlayStation 5"
330283,Onimusha 2: Samurai's Destiny,onimusha-2-samurais-destiny--1,73.7,3,69.1,5,2025,2020,"Role-playing (RPG), Adventure","PlayStation 4, PC (Microsoft Windows), Xbox One, Nintendo Switch"
21527,Orcs & Elves,orcs-and-elves,73.7,3,70.2,8,2006,2000,Role-playing (RPG),"Nintendo DS, Legacy Mobile Device"
154775,RoboCop: Rogue City,robocop-rogue-city,73.7,6,73.4,141,2023,2020,"Shooter, Role-playing (RPG), Adventure","Xbox Series X|S, PC (Microsoft Windows), PlayStation 5, Mac"
24838,Shu,shu,73.7,10,70.0,4,2016,2010,"Platform, Adventure, Indie, Arcade","PlayStation 4, PC (Microsoft Windows), PlayStation Vita, Nintendo Switch"
121715,The Eternal Cylinder,the-eternal-cylinder,73.7,3,57.5,9,2021,2020,Adventure,"Xbox Series X|S, PlayStation 4, PC (Microsoft Windows), PlayStation 5, Xbox One"
8765,The Witcher: Adventure Game,the-witcher-adventure-game,73.7,3,56.0,26,2014,2010,"Role-playing (RPG), Strategy, Turn-based strategy (TBS), Quiz/Trivia, Adventure","Android, PC (Microsoft Windows), iOS, Mac"
21116,The Wizard of Oz: Beyond the Yellow Brick Road,the-wizard-of-oz-beyond-the-yellow-brick-road,73.7,3,76.0,0,2008,2000,Role-playing (RPG),Nintendo DS
20573,Tom Clancy's Splinter Cell Trilogy HD,tom-clancys-splinter-cell-trilogy-hd,73.7,3,74.3,5,2011,2010,"Shooter, Adventure",PlayStation 3
137948,Transformers: Battlegrounds,transformers-battlegrounds,73.7,3,,,2020,2020,"Strategy, Arcade","Google Stadia, PlayStation 4, PC (Microsoft Windows), Xbox One, Nintendo Switch"
4225,Ultimate Spider-Man,ultimate-spider-man,73.7,6,75.6,175,2005,2000,Hack and slash/Beat 'em up,"Xbox, Nintendo GameCube, PC (Microsoft Windows), PlayStation 2"
27513,We. The Revolution,we-the-revolution,73.7,3,72.1,12,2019,2010,"Point-and-click, Puzzle, Role-playing (RPG), Simulator, Strategy, Adventure, Indie","PlayStation 4, Linux, PC (Microsoft Windows), Mac, Xbox One, Nintendo Switch"
20910,World War Z,world-war-z,73.7,12,71.7,125,2019,2010,"Shooter, Adventure","PlayStation 4, PC (Microsoft Windows), Xbox One, Nintendo Switch"
131868,Blue Fire,blue-fire,73.6,8,63.3,25,2021,2020,"Platform, Role-playing (RPG), Hack and slash/Beat 'em up, Adventure, Indie","Google Stadia, PlayStation 4, Android, PC (Microsoft Windows), iOS, Xbox One, Nintendo Switch"
13361,Brigador,brigador,73.6,5,81.2,15,2016,2010,"Shooter, Strategy, Tactical, Indie","Linux, PC (Microsoft Windows), Mac"
2033,Call of Duty: Ghosts,call-of-duty-ghosts,73.6,23,64.9,720,2013,2010,Shooter,"PlayStation 3, PlayStation 4, PC (Microsoft Windows), Wii U, Xbox 360, Xbox One"
20398,Chrono Trigger,chrono-trigger--1,73.6,4,91.9,52,2008,2000,Role-playing (RPG),Nintendo DS
4848,Max: The Curse of Brotherhood,max-the-curse-of-brotherhood,73.6,15,69.9,49,2013,2010,"Platform, Puzzle, Adventure","PlayStation 4, PC (Microsoft Windows), Xbox 360, Xbox One, Nintendo Switch"
110474,Minecraft Dungeons,minecraft-dungeons,73.6,12,68.2,149,2020,2020,"Role-playing (RPG), Hack and slash/Beat 'em up, Adventure","PlayStation 4, PC (Microsoft Windows), Xbox One, Nintendo Switch"
299862,Nintendo World Championships: NES Edition,nintendo-world-championships-nes-edition,73.6,5,,,2024,2020,"Platform, Racing",Nintendo Switch
4788,Octodad: Dadliest Catch,octodad-dadliest-catch,73.6,11,70.8,97,2014,2010,"Platform, Simulator, Adventure, Indie","PlayStation 4, Linux, Android, PC (Microsoft Windows), iOS, Mac, Wii U, PlayStation Vita, Xbox One, Nintendo Switch"
5033,Scribblenauts Unmasked: A DC Comics Adventure,scribblenauts-unmasked-a-dc-comics-adventure,73.6,9,68.8,31,2013,2010,"Puzzle, Strategy, Adventure","PlayStation 4, Nintendo 3DS, Windows Phone, PC (Microsoft Windows), Wii U, Xbox One, Nintendo Switch"
28574,Surviving Mars,surviving-mars,73.6,7,70.5,97,2018,2010,"Simulator, Strategy","PlayStation 4, Linux, PC (Microsoft Windows), Mac, Xbox One"
6940,The Club,the-club,73.6,5,59.4,23,2008,2000,Shooter,"PlayStation 3, PC (Microsoft Windows), Xbox 360"
26381,TheHunter: Call of the Wild,thehunter-call-of-the-wild,73.6,5,69.4,68,2017,2010,"Shooter, Simulator, Sport, Strategy, Adventure","Xbox Series X|S, PlayStation 4, PC (Microsoft Windows), PlayStation 5, Xbox One"
114432,WRC 8,wrc-8,73.6,8,69.4,15,2019,2010,"Racing, Simulator, Sport, Arcade","PlayStation 4, PC (Microsoft Windows), Xbox One, Nintendo Switch"
125625,West of Dead,west-of-dead,73.6,5,62.5,18,2020,2020,"Shooter, Tactical, Adventure, Indie, Arcade","PlayStation 4, PC (Microsoft Windows), Xbox One, Nintendo Switch"
26422,Airheart: Tales of Broken Wings,airheart-tales-of-broken-wings,73.5,4,70.0,0,2018,2010,"Shooter, Simulator, Adventure, Indie, Arcade","PlayStation 4, PC (Microsoft Windows), Mac, Xbox One, Nintendo Switch"
305159,Atomfall,atomfall,73.5,4,72.3,36,2025,2020,"Shooter, Role-playing (RPG), Adventure","Xbox Series X|S, PlayStation 4, PC (Microsoft Windows), PlayStation 5, Xbox One"
8437,Block N Load,block-n-load,73.5,4,71.5,11,2015,2010,"Shooter, Strategy",PC (Microsoft Windows)
2252,Dragon Ball Z: Budokai Tenkaichi 2,dragon-ball-z-budokai-tenkaichi-2,73.5,4,79.2,116,2006,2000,Fighting,PlayStation 2
19449,Dragon Ball: Xenoverse 2,dragon-ball-xenoverse-2,73.5,22,73.4,120,2016,2010,"Fighting, Role-playing (RPG), Simulator, Adventure","Google Stadia, Xbox Series X|S, PlayStation 4, PC (Microsoft Windows), PlayStation 5, Xbox One, Nintendo Switch"
4898,Groovin' Blocks,groovin-blocks,73.5,4,,,2008,2000,"Music, Puzzle","PlayStation 3, Wii, iOS, PlayStation Vita"
251471,Hot Wheels Unleashed 2: Turbocharged,hot-wheels-unleashed-2-turbocharged,73.5,4,65.2,15,2023,2020,"Racing, Simulator, Sport, Arcade","Xbox Series X|S, PlayStation 4, PC (Microsoft Windows), PlayStation 5, Xbox One, Nintendo Switch"
3966,Killer7,killer7,73.5,4,82.0,66,2005,2000,"Shooter, Puzzle, Adventure","Nintendo GameCube, PC (Microsoft Windows), PlayStation 2"
4651,Pro Evolution Soccer 2012,pro-evolution-soccer-2012,73.5,4,70.5,74,2011,2010,"Simulator, Sport","PlayStation 3, PC (Microsoft Windows), Xbox 360"
22798,Strike Vector EX,strike-vector-ex,73.5,8,68.7,10,2016,2010,"Shooter, Indie","PlayStation 4, PC (Microsoft Windows)"
7144,The Inner World,the-inner-world,73.5,4,72.0,33,2013,2010,"Point-and-click, Adventure, Indie","PlayStation 4, Linux, Android, PC (Microsoft Windows), iOS, Mac, Xbox One, Nintendo Switch"
2903,Warframe,warframe,73.5,11,74.6,526,2013,2010,"Shooter, Role-playing (RPG), Adventure","Xbox Series X|S, PlayStation 4, Nintendo Switch 2, Android, PC (Microsoft Windows), iOS, PlayStation 5, Xbox One, Nintendo Switch"
2186,Wii Fit,wii-fit,73.5,4,61.0,62,2007,2000,"Simulator, Sport",Wii
7689,Batman: Arkham Origins Blackgate,batman-arkham-origins-blackgate,73.4,5,68.7,53,2013,2010,"Shooter, Hack and slash/Beat 'em up, Adventure","Nintendo 3DS, PlayStation Vita"
502,Brink,brink,73.4,8,44.3,79,2011,2010,Shooter,"PlayStation 3, PC (Microsoft Windows), Xbox 360"
103269,Dead or Alive 6,dead-or-alive-6,73.4,11,66.2,41,2019,2010,Fighting,"PlayStation 4, PC (Microsoft Windows), Xbox One"
5585,Earth Defense Force 2025,earth-defense-force-2025,73.4,10,79.9,10,2013,2010,Shooter,"PlayStation 3, Xbox 360"
41047,Gorn,gorn,73.4,5,79.9,22,2018,2010,"Fighting, Simulator, Hack and slash/Beat 'em up, Indie","Meta Quest 2, PlayStation VR2, PlayStation 4, PlayStation VR, PC (Microsoft Windows), SteamVR, Oculus Rift, Oculus Quest"
7892,Guardians of Middle-earth,guardians-of-middle-earth,73.4,8,41.1,12,2012,2010,"Real Time Strategy (RTS), Strategy, Hack and slash/Beat 'em up, Arcade, MOBA","PlayStation 3, PC (Microsoft Windows), Xbox 360"
25901,My Friend Pedro,my-friend-pedro,73.4,9,74.3,191,2019,2010,"Shooter, Platform, Adventure, Indie, Arcade","PlayStation 4, PC (Microsoft Windows), Xbox One, Nintendo Switch"
107140,Othercide,othercide,73.4,5,78.2,12,2020,2020,"Role-playing (RPG), Strategy, Turn-based strategy (TBS), Tactical, Adventure, Indie","PlayStation 4, PC (Microsoft Windows), Xbox One, Nintendo Switch"
1796,Ratchet & Clank: All 4 One,ratchet-clank-all-4-one,73.4,5,59.5,59,2011,2010,"Shooter, Platform, Adventure",PlayStation 3
18006,The Swindle,the-swindle,73.4,8,60.0,10,2015,2010,"Platform, Role-playing (RPG), Adventure, Indie, Arcade","PlayStation 3, PlayStation 4, PC (Microsoft Windows), Mac, Wii U, PlayStation Vita, Xbox One, Nintendo Switch"
117500,#Blud,number-blud,73.3,3,,,2024,2020,"Role-playing (RPG), Hack and slash/Beat 'em up, Adventure, Indie","PlayStation 4, PC (Microsoft Windows), Xbox One, Nintendo Switch"
20085,After Burner Climax,after-burner-climax,73.3,3,80.4,6,2006,2000,"Shooter, Simulator, Arcade","Arcade, PlayStation 3, Android, iOS, Xbox 360"
113434,Angry Birds VR: Isle of Pigs,angry-birds-vr-isle-of-pigs,73.3,3,70.0,3,2019,2010,Puzzle,"Oculus VR, Meta Quest 2, PlayStation VR2, PlayStation VR, SteamVR, Oculus Quest"
139595,Antonball Deluxe,antonball-deluxe,73.3,3,,,2021,2020,"Platform, Puzzle, Adventure, Indie, Arcade","PC (Microsoft Windows), Nintendo Switch"
123473,Arietta of Spirits,arietta-of-spirits,73.3,3,79.4,6,2021,2020,"Role-playing (RPG), Adventure, Indie, Visual Novel","PlayStation 4, PC (Microsoft Windows), PlayStation 5, Xbox One, Nintendo Switch"
11260,Armello,armello,73.3,6,70.2,46,2015,2010,"Role-playing (RPG), Simulator, Strategy, Turn-based strategy (TBS), Quiz/Trivia, Adventure, Indie, Card & Board Game","PlayStation 4, Linux, Android, PC (Microsoft Windows), iOS, Mac, Xbox One, Nintendo Switch"
14879,Attack on Titan,attack-on-titan,73.3,16,69.3,41,2016,2010,Hack and slash/Beat 'em up,"PlayStation 3, PlayStation 4, PC (Microsoft Windows), PlayStation Vita, Xbox One"
152202,Avatar: Frontiers of Pandora,avatar-frontiers-of-pandora,73.3,6,73.2,54,2023,2020,Adventure,"Xbox Series X|S, PC (Microsoft Windows), PlayStation 5"
19563,Batman: Arkham VR,batman-arkham-vr,73.3,14,73.0,30,2016,2010,"Puzzle, Adventure","PlayStation VR, PC (Microsoft Windows), SteamVR, Oculus Rift"
7087,Beatbuddy: Tale of the Guardians,beatbuddy-tale-of-the-guardians,73.3,3,63.0,13,2013,2010,"Music, Platform, Puzzle, Adventure, Indie","Linux, PC (Microsoft Windows), Mac, Wii U, Xbox One, Nintendo Switch"
1921,Black & White 2,black-white-2,73.3,3,75.4,77,2005,2000,"Real Time Strategy (RTS), Role-playing (RPG), Simulator, Strategy, Adventure","PC (Microsoft Windows), Mac"
6441,BlazBlue: Calamity Trigger,blazblue-calamity-trigger,73.3,3,77.1,55,2008,2000,"Fighting, Arcade","Arcade, PlayStation 3, PC (Microsoft Windows), Xbox 360"
20153,Call of Duty: Black Ops II - Revolution,call-of-duty-black-ops-ii-revolution,73.3,3,67.1,4,2013,2010,Shooter,"PlayStation 3, PlayStation 4, PC (Microsoft Windows), PlayStation 5, Xbox 360"
20854,Call of Duty: Black Ops II - Vengeance,call-of-duty-black-ops-ii-vengeance,73.3,3,,,2013,2010,Shooter,"PlayStation 3, PlayStation 4, PC (Microsoft Windows), PlayStation 5, Xbox 360"
2125,DarkStar One,darkstar-one,73.3,3,76.1,13,2006,2000,Simulator,"PC (Microsoft Windows), Xbox 360"
11398,Dead Synchronicity: Tomorrow Comes Today,dead-synchronicity-tomorrow-comes-today,73.3,4,76.2,33,2015,2010,"Point-and-click, Puzzle, Adventure, Indie","PlayStation 4, Linux, Android, PC (Microsoft Windows), iOS, Mac, Nintendo Switch"
6963,Deathsmiles,deathsmiles,73.3,3,70.9,8,2007,2000,"Shooter, Indie, Arcade","Arcade, Android, PC (Microsoft Windows), iOS, Xbox 360"
153054,Demon Slayer: Kimetsu no Yaiba - The Hinokami Chronicles,demon-slayer-kimetsu-no-yaiba-the-hinokami-chronicles,73.3,3,67.2,23,2021,2020,"Fighting, Adventure","Xbox Series X|S, PlayStation 4, PC (Microsoft Windows), PlayStation 5, Xbox One, Nintendo Switch"
1872,Descent,descent,73.3,3,74.0,69,1995,1990,"Shooter, Simulator","Panasonic M2, PC (Microsoft Windows), Mac, DOS, PlayStation"
24465,Deus Ex: Mankind Divided - System Rift,deus-ex-mankind-divided-system-rift,73.3,3,79.5,20,2016,2010,Role-playing (RPG),"PlayStation 4, Linux, PC (Microsoft Windows), Mac, Xbox One"
27920,Digimon Story: Cyber Sleuth - Hacker's Memory,digimon-story-cyber-sleuth-hackers-memory,73.3,8,69.9,19,2017,2010,"Role-playing (RPG), Adventure","PlayStation 4, PC (Microsoft Windows), PlayStation Vita, Nintendo Switch"
145232,EA Sports PGA Tour,ea-sports-pga-tour,73.3,3,,,2023,2020,"Role-playing (RPG), Simulator, Sport","Xbox Series X|S, PC (Microsoft Windows), PlayStation 5"
5583,Earth Defense Force 2017,earth-defense-force-2017,73.3,6,70.0,15,2006,2000,Shooter,"Xbox 360, Xbox One"
8715,Element4l,element4l,73.3,3,74.1,7,2013,2010,"Platform, Puzzle, Indie","PlayStation 4, Linux, PC (Microsoft Windows), PlayStation Vita"
518,F.E.A.R. Extraction Point,f-e-a-r-extraction-point,73.3,3,79.3,117,2006,2000,Shooter,"PC (Microsoft Windows), Xbox 360"
5832,FIFA Street,fifa-street,73.3,11,76.7,69,2005,2000,Sport,"Xbox, Nintendo GameCube, PlayStation 2"
36777,Farming Simulator: Nintendo Switch Edition,farming-simulator-nintendo-switch-edition,73.3,3,76.0,1,2017,2010,Simulator,Nintendo Switch
59573,Fight'N Rage,fightn-rage,73.3,3,78.8,14,2017,2010,"Fighting, Hack and slash/Beat 'em up, Indie, Arcade","Xbox Series X|S, PlayStation 4, PC (Microsoft Windows), PlayStation 5, Xbox One, Nintendo Switch"
55196,Floor Kids,floor-kids,73.3,3,77.0,2,2017,2010,"Music, Sport, Indie","Google Stadia, PlayStation 4, PC (Microsoft Windows), Mac, Xbox One, Nintendo Switch"
146215,Fly Together!,fly-together,73.3,3,,,2021,2020,Puzzle,Nintendo Switch
133059,Fobia: St. Dinfna Hotel,fobia-st-dinfna-hotel,73.3,3,77.5,16,2022,2020,"Puzzle, Adventure, Indie","Xbox Series X|S, PlayStation 4, Linux, PC (Microsoft Windows), PlayStation 5, Xbox One"
130076,Gestalt: Steam & Cinder,gestalt-steam-and-cinder,73.3,3,76.0,9,2024,2020,"Platform, Role-playing (RPG), Adventure, Indie",PC (Microsoft Windows)
4890,Ghost Squad,ghost-squad,73.3,3,66.4,8,2004,2000,"Shooter, Arcade","Arcade, Wii"
50290,Glyph,glyph,73.3,3,,,2021,2020,"Music, Platform, Puzzle, Adventure, Indie","PC (Microsoft Windows), Nintendo Switch"
1594,Gran Turismo,gran-turismo,73.3,3,82.0,289,1997,1990,"Racing, Simulator",PlayStation
21810,GripShift,gripshift,73.3,5,,,2005,2000,"Puzzle, Racing","PlayStation 3, PlayStation Portable, Xbox 360"
20245,Haunt,haunt,73.3,3,,,2012,2010,Adventure,Xbox 360
21537,Hot Shots Tennis,hot-shots-tennis,73.3,3,67.3,6,2006,2000,Sport,"PlayStation 4, PlayStation Portable, PlayStation 2"
142848,Immortals Fenyx Rising: A New God,immortals-fenyx-rising-a-new-god,73.3,3,,,2021,2020,"Puzzle, Role-playing (RPG), Adventure","Xbox Series X|S, PlayStation 4, PC (Microsoft Windows), PlayStation 5, Xbox One, Nintendo Switch"
14551,Impossible Creatures,impossible-creatures,73.3,3,76.6,23,2002,2000,"Real Time Strategy (RTS), Simulator, Strategy",PC (Microsoft Windows)
7034,Karaoke Revolution,karaoke-revolution,73.3,4,,,2009,2000,"Music, Simulator","PlayStation 3, Wii, Xbox 360"
18026,Kinect Sports: Season Two,kinect-sports-season-two,73.3,6,60.6,12,2011,2010,Sport,Xbox 360
7050,Lips,lips,73.3,3,50.3,5,2008,2000,Music,Xbox 360
8186,LittleBigPlanet Karting,littlebigplanet-karting,73.3,6,62.0,37,2012,2010,"Racing, Arcade",PlayStation 3
28080,Marvel Heroes Omega,marvel-heroes-omega,73.3,3,59.9,12,2017,2010,Role-playing (RPG),"PlayStation 4, PC (Microsoft Windows), Mac, Xbox One"
13185,Mayan Death Robots,mayan-death-robots,73.3,3,70.0,1,2015,2010,"Strategy, Indie, Arcade","Linux, PC (Microsoft Windows), Mac"
26227,MechWarrior 5: Mercenaries,mechwarrior-5-mercenaries,73.3,7,80.3,12,2019,2010,"Fighting, Shooter, Simulator, Tactical","Xbox Series X|S, PlayStation 4, PC (Microsoft Windows), PlayStation 5, Xbox One"
1616,Mortal Kombat: Armageddon,mortal-kombat-armageddon,73.3,3,73.0,125,2006,2000,"Fighting, Racing, Hack and slash/Beat 'em up","Xbox, Wii, PlayStation 2"
115821,Mutropolis,mutropolis,73.3,3,,,2021,2020,"Point-and-click, Puzzle, Adventure, Indie","Linux, Android, PC (Microsoft Windows), iOS, Mac, Nintendo Switch"
20276,Mystery Case Files: MillionHeir,mystery-case-files-millionheir,73.3,3,57.0,0,2008,2000,"Puzzle, Adventure",Nintendo DS
157446,NBA 2K22,nba-2k22,73.3,7,60.8,26,2021,2020,"Simulator, Sport","Xbox Series X|S, PlayStation 4, PC (Microsoft Windows), PlayStation 5, Xbox One, Nintendo Switch"
255788,NBA 2K24,nba-2k24,73.3,3,47.3,24,2023,2020,"Simulator, Sport","Xbox Series X|S, PlayStation 4, PC (Microsoft Windows), PlayStation 5, Xbox One, Nintendo Switch"
5069,NHL 2K10,nhl-2k10,73.3,3,75.0,2,2009,2000,"Simulator, Sport","PlayStation 3, Xbox 360"
36626,Necrosphere,necrosphere,73.3,3,80.0,2,2017,2010,"Platform, Adventure, Indie","Linux, Android, PC (Microsoft Windows), iOS, Mac, Xbox One"
14828,Nexus: The Jupiter Incident,nexus-the-jupiter-incident--1,73.3,3,78.1,7,2004,2000,"Role-playing (RPG), Simulator, Strategy, Tactical, Indie",PC (Microsoft Windows)
28366,Nioh: Dragon of the North,nioh-dragon-of-the-north,73.3,3,72.8,8,2017,2010,"Role-playing (RPG), Hack and slash/Beat 'em up, Adventure","PlayStation 4, PC (Microsoft Windows), PlayStation 5"
23372,Pang Adventures,pang-adventures,73.3,3,73.3,12,2016,2010,"Shooter, Platform, Puzzle, Strategy, Arcade","PlayStation 4, PC (Microsoft Windows), Xbox One, Nintendo Switch"
11324,Phantom Breaker: Battle Grounds,phantom-breaker-battle-grounds,73.3,3,58.0,9,2013,2010,"Fighting, Hack and slash/Beat 'em up","PC (Microsoft Windows), PlayStation Vita, Xbox 360, Xbox One"
76032,Professor Lupo and his Horrible Pets,professor-lupo-and-his-horrible-pets,73.3,3,,,2019,2010,"Puzzle, Strategy, Adventure, Indie, Card & Board Game","Linux, PC (Microsoft Windows), Mac, Nintendo Switch"
21008,Ragnarok Odyssey,ragnarok-odyssey,73.3,3,59.7,5,2012,2010,Role-playing (RPG),PlayStation Vita
24433,River City: Tokyo Rumble,river-city-tokyo-rumble,73.3,6,77.0,2,2013,2010,"Fighting, Role-playing (RPG), Adventure",Nintendo 3DS
7180,SBK X: Superbike World Championship,sbk-x-superbike-world-championship,73.3,3,85.0,3,2010,2010,"Racing, Sport","PlayStation 3, PC (Microsoft Windows), Xbox 360"
19450,Serial Cleaner,serial-cleaner,73.3,6,69.2,35,2017,2010,"Puzzle, Role-playing (RPG), Simulator, Adventure, Indie","PlayStation 4, Linux, Android, PC (Microsoft Windows), iOS, Mac, Xbox One, Nintendo Switch"
136084,Shredders,shredders,73.3,3,66.2,7,2022,2020,"Simulator, Sport","Xbox Series X|S, PC (Microsoft Windows), PlayStation 5"
116466,Sniper Elite VR,sniper-elite-vr,73.3,4,,,2021,2020,"Shooter, Adventure","Meta Quest 2, PlayStation VR, PC (Microsoft Windows), SteamVR, Oculus Quest"
152,Star Wars: Jedi Knight II - Jedi Outcast,star-wars-jedi-knight-ii-jedi-outcast,73.3,3,84.1,322,2002,2000,"Shooter, Adventure","Xbox, PlayStation 4, Nintendo GameCube, PC (Microsoft Windows), Mac, Nintendo Switch"
134957,Star Wars: Tales from the Galaxy's Edge,star-wars-tales-from-the-galaxys-edge,73.3,3,,,2020,2020,Adventure,"Oculus VR, Meta Quest 2, Oculus Quest"
8818,Starpoint Gemini 2,starpoint-gemini-2,73.3,3,80.0,3,2014,2010,"Role-playing (RPG), Simulator, Strategy","PC (Microsoft Windows), Xbox One"
28984,Strong Bad's Cool Game for Attractive People Episode 1: Homestar Ruiner,strong-bads-cool-game-for-attractive-people-episode-1-homestar-ruiner--1,73.3,3,52.1,6,2008,2000,Adventure,"PlayStation 3, Wii, PC (Microsoft Windows), Mac"
2783,Stuntman: Ignition,stuntman-ignition,73.3,3,63.9,13,2007,2000,Racing,"PlayStation 3, Xbox 360, PlayStation 2"
20489,Super Monkey Ball Touch & Roll,super-monkey-ball-touch-and-roll,73.3,3,64.3,7,2005,2000,"Platform, Puzzle, Strategy",Nintendo DS
7216,Test Drive Unlimited 2,test-drive-unlimited-2,73.3,3,69.9,79,2011,2010,Racing,"PlayStation 3, PC (Microsoft Windows), Xbox 360"
52190,The LEGO Ninjago Movie Video Game,the-lego-ninjago-movie-video-game,73.3,4,69.4,39,2017,2010,"Shooter, Hack and slash/Beat 'em up, Adventure","PlayStation 4, PC (Microsoft Windows), Xbox One, Nintendo Switch"
144508,The Magnificent Trufflepigs,the-magnificent-trufflepigs,73.3,3,,,2021,2020,"Adventure, Indie","PC (Microsoft Windows), Nintendo Switch"
20488,The Rub Rabbits!,the-rub-rabbits,73.3,3,73.0,4,2005,2000,Puzzle,Nintendo DS
3158,The Sims 3: University Life,the-sims-3-university-life-9a9e27ab-4a50-4e3b-87fa-140a2c8542c9,73.3,3,79.2,21,2013,2010,"Role-playing (RPG), Simulator, Adventure","PC (Microsoft Windows), Mac"
6643,Tony Hawk's American Sk8land,tony-hawk-s-american-sk8land,73.3,3,61.4,9,2005,2000,Sport,Nintendo DS
5295,WWE '13,wwe-13,73.3,6,74.8,47,2012,2010,"Fighting, Platform, Sport, Strategy","PlayStation 3, Wii, Xbox 360"
21239,War Front: Turning Point,war-front-turning-point,73.3,3,,,2007,2000,"Real Time Strategy (RTS), Strategy",PC (Microsoft Windows)
2072,Warlock: Master of the Arcane,warlock-master-of-the-arcane,73.3,3,55.8,11,2012,2010,"Strategy, Turn-based strategy (TBS)",PC (Microsoft Windows)
20478,X-Men Origins: Wolverine Uncaged Edition,x-men-origins-wolverine-uncaged-edition,73.3,8,80.5,35,2009,2000,"Hack and slash/Beat 'em up, Adventure","PlayStation 3, PC (Microsoft Windows), Xbox 360"
69987,Zoo Keeper,zoo-keeper--2,73.3,3,78.8,9,2004,2000,Puzzle,Nintendo DS
120407,Evan's Remains,evans-remains,73.2,6,69.1,19,2020,2020,"Platform, Puzzle, Adventure, Indie, Visual Novel","PlayStation 4, Android, PC (Microsoft Windows), iOS, Mac, Xbox One, Nintendo Switch"
7349,Mass Effect: Andromeda,mass-effect-andromeda--1,73.2,23,70.4,533,2017,2010,"Shooter, Role-playing (RPG), Adventure","PlayStation 4, PC (Microsoft Windows), Xbox One"
1908,Neverwinter,neverwinter,73.2,11,65.0,85,2013,2010,"Role-playing (RPG), Adventure","PlayStation 4, PC (Microsoft Windows), Xbox One"
21000,Ninja Gaiden Sigma 2 Plus,ninja-gaiden-sigma-2-plus,73.2,5,,,2013,2010,"Hack and slash/Beat 'em up, Adventure",PlayStation Vita
252501,Shadows of the Damned: Hella Remastered,shadows-of-the-damned-hella-remastered,73.2,5,,,2024,2020,"Shooter, Puzzle, Adventure","Xbox Series X|S, PlayStation 4, PC (Microsoft Windows), PlayStation 5, Xbox One, Nintendo Switch"
2484,Winning Eleven: Pro Evolution Soccer 2007,winning-eleven-pro-evolution-soccer-2007--3,73.2,4,76.9,140,2006,2000,"Simulator, Sport","PC (Microsoft Windows), PlayStation 2"
1987,XIII,xiii,73.2,5,78.9,143,2003,2000,"Shooter, Puzzle","Xbox, Nintendo GameCube, PC (Microsoft Windows), Mac, PlayStation 2"
7600,Alienation,alienation,73.1,8,77.2,37,2016,2010,Shooter,PlayStation 4
7687,Battleborn,battleborn,73.1,16,62.0,32,2016,2010,"Shooter, Real Time Strategy (RTS), Role-playing (RPG), Strategy, Hack and slash/Beat 'em up","PlayStation 4, PC (Microsoft Windows), Xbox One"
54842,Biomutant,biomutant,73.1,19,59.2,80,2021,2020,"Role-playing (RPG), Adventure","Xbox Series X|S, PlayStation 4, PC (Microsoft Windows), PlayStation 5, Xbox One, Nintendo Switch"
1012,Gotham City Impostors,gotham-city-impostors,73.1,7,68.9,41,2012,2010,Shooter,"PlayStation 3, PC (Microsoft Windows), Xbox 360"
127342,Hellblade II: Senua's Saga,hellblade-ii-senuas-saga,73.1,7,78.1,188,2024,2020,Adventure,"Xbox Series X|S, PC (Microsoft Windows), PlayStation 5"
7338,Kirby and the Rainbow Curse,kirby-and-the-rainbow-curse,73.1,8,77.4,20,2015,2010,"Platform, Adventure",Wii U
5297,WWE 2K14,wwe-2k14,73.1,9,76.1,39,2013,2010,"Fighting, Sport","PlayStation 3, Xbox 360"
21991,Acorn Assault: Rodent Revolution,acorn-assault-rodent-revolution,73.0,4,80.0,0,2016,2010,"Puzzle, Strategy, Turn-based strategy (TBS), Indie","PC (Microsoft Windows), Mac, Xbox One"
2141,Amplitude,amplitude,73.0,5,80.1,6,2003,2000,"Music, Adventure",PlayStation 2
68282,Ashes Cricket,ashes-cricket,73.0,5,60.0,2,2017,2010,"Sport, Indie","PlayStation 4, PC (Microsoft Windows), Xbox One"
617,Brothers in Arms: Earned in Blood,brothers-in-arms-earned-in-blood,73.0,4,71.8,72,2005,2000,"Shooter, Strategy, Tactical","Xbox, PC (Microsoft Windows), Mac, PlayStation 2"
19136,CastleStorm,castlestorm,73.0,5,69.4,13,2013,2010,"Shooter, Strategy, Tactical, Adventure, Indie","PlayStation 3, PlayStation 4, PC (Microsoft Windows), iOS, Wii U, PlayStation Vita, Xbox 360, Xbox One, Nintendo Switch"
7897,Chariot,chariot,73.0,3,79.6,5,2014,2010,"Platform, Puzzle, Strategy, Adventure, Indie","PlayStation 3, PlayStation 4, PC (Microsoft Windows), Wii U, Xbox One"
44650,Deception IV: The Nightmare Princess,deception-iv-the-nightmare-princess,73.0,5,,,2015,2010,"Role-playing (RPG), Strategy, Tactical, Adventure","PlayStation 3, PlayStation 4, PlayStation Vita"
4827,EA Sports Active 2,ea-sports-active-2,73.0,5,70.0,1,2010,2010,Sport,"PlayStation 3, Wii, Xbox 360"
19533,Fallout 4: Vault-Tec Workshop,fallout-4-vault-tec-workshop,73.0,4,68.0,29,2016,2010,"Shooter, Role-playing (RPG), Adventure","PlayStation 4, PC (Microsoft Windows), Xbox One"
8803,God Hand,god-hand,73.0,3,82.0,78,2006,2000,Hack and slash/Beat 'em up,"PlayStation 3, PlayStation 2"
121881,King's Bounty II,kings-bounty-ii,73.0,4,68.5,12,2021,2020,"Role-playing (RPG), Strategy, Turn-based strategy (TBS), Adventure","Xbox Series X|S, PlayStation 4, PC (Microsoft Windows), PlayStation 5, Xbox One, Nintendo Switch"
4964,Kung Fu Panda,kung-fu-panda,73.0,4,67.9,55,2008,2000,"Platform, Hack and slash/Beat 'em up, Adventure","PlayStation 3, Wii, PC (Microsoft Windows), Xbox 360, PlayStation 2"
113432,Life Is Strange 2: Episode 2 - Rules,life-is-strange-2-episode-2-rules,73.0,4,79.9,7,2019,2010,Adventure,"PlayStation 4, Linux, PC (Microsoft Windows), Mac, Xbox One"
91295,Minecraft: Story Mode - Episode 5: Order Up!,minecraft-story-mode-episode-5-order-up,73.0,5,,,2016,2010,"Point-and-click, Adventure","PlayStation 3, PlayStation 4, Android, PC (Microsoft Windows), iOS, Mac, Xbox 360, Xbox One"
21707,Minutes,minutes,73.0,3,,,2014,2010,"Puzzle, Arcade","PlayStation 4, PlayStation Vita"
18328,Pac 'n Roll,pac-n-roll,73.0,3,63.3,7,2005,2000,Platform,Nintendo DS
100359,Pro Evolution Soccer 2019,pro-evolution-soccer-2019,73.0,6,59.5,76,2018,2010,"Simulator, Sport","PlayStation 4, PC (Microsoft Windows), Xbox One"
7459,SOCOM 4: U.S. Navy SEALs,socom-4-u-s-navy-seals,73.0,5,69.9,6,2011,2010,"Shooter, Tactical",PlayStation 3
171219,SpongeBob SquarePants: The Cosmic Shake,spongebob-squarepants-the-cosmic-shake,73.0,5,73.5,32,2023,2020,"Platform, Adventure","Xbox Series X|S, PlayStation 4, Android, PC (Microsoft Windows), iOS, PlayStation 5, Xbox One, Nintendo Switch"
5200,Super Monkey Ball: Banana Blitz,super-monkey-ball-banana-blitz,73.0,5,86.3,9,2006,2000,"Puzzle, Racing",Wii
7201,Supreme Commander 2,supreme-commander-2,73.0,5,72.1,41,2010,2010,"Real Time Strategy (RTS), Simulator, Strategy","PC (Microsoft Windows), Mac, Xbox 360"
4715,The Bigs,the-bigs,73.0,5,80.0,2,2007,2000,Sport,"PlayStation 3, Wii, PlayStation Portable, Xbox 360, PlayStation 2"
5156,The Sims 2: Castaway,the-sims-2-castaway,73.0,6,71.5,37,2007,2000,"Simulator, Strategy, Adventure","Wii, PlayStation 2"
28168,Code Vein,code-vein,72.9,11,72.3,196,2019,2010,"Role-playing (RPG), Adventure","PlayStation 4, PC (Microsoft Windows), Xbox One"
23158,Dark Souls III: Ashes of Ariandel,dark-souls-iii-ashes-of-ariandel,72.9,13,86.3,87,2016,2010,"Role-playing (RPG), Adventure","PlayStation 4, PC (Microsoft Windows), Xbox One"
68283,Dragon's Crown Pro,dragons-crown-pro,72.9,7,,,2018,2010,"Role-playing (RPG), Hack and slash/Beat 'em up, Adventure",PlayStation 4
11159,Edge of Nowhere,edge-of-nowhere,72.9,6,,,2016,2010,Adventure,"Oculus VR, Oculus Rift"
117778,Kingdom Hearts III: Re Mind,kingdom-hearts-iii-re-mind,72.9,7,77.9,24,2020,2020,"Role-playing (RPG), Hack and slash/Beat 'em up, Adventure","Xbox Series X|S, PlayStation 4, Nintendo Switch 2, PC (Microsoft Windows), PlayStation 5, Xbox One"
46800,Maneater,maneater,72.9,14,72.7,107,2020,2020,"Role-playing (RPG), Adventure, Indie","Xbox Series X|S, PlayStation 4, PC (Microsoft Windows), PlayStation 5, Xbox One, Nintendo Switch"
18975,Oceanhorn: Monster of Uncharted Seas,oceanhorn-monster-of-uncharted-seas,72.9,12,73.2,24,2015,2010,"Role-playing (RPG), Adventure, Indie","PlayStation 4, Android, PC (Microsoft Windows), Mac, PlayStation Vita, Xbox One, Nintendo Switch"
10906,Pokémon Super Mystery Dungeon,pokemon-super-mystery-dungeon--1,72.9,7,72.3,50,2015,2010,"Role-playing (RPG), Tactical, Adventure",Nintendo 3DS
7725,Resident Evil: Revelations 2,resident-evil-revelations-2,72.9,12,72.1,242,2015,2010,"Shooter, Adventure","PlayStation 3, PlayStation 4, PC (Microsoft Windows), PlayStation Vita, Xbox 360, Xbox One, Nintendo Switch"
15556,Sonic Boom: Fire & Ice,sonic-boom-fire-and-ice,72.9,10,49.6,5,2016,2010,"Platform, Adventure",Nintendo 3DS
141,Star Wars: Battlefront,star-wars-battlefront,72.9,5,80.5,362,2004,2000,Shooter,"Xbox, PC (Microsoft Windows), Mac, PlayStation 2"
19554,Steep,steep,72.9,19,76.7,132,2016,2010,"Simulator, Sport, Adventure","PlayStation 4, PC (Microsoft Windows), Xbox One, Nintendo Switch"
36832,Strange Brigade,strange-brigade,72.9,12,69.9,40,2018,2010,"Shooter, Puzzle, Adventure","Google Stadia, PlayStation 4, PC (Microsoft Windows), Xbox One, Nintendo Switch"
103339,Super Mario Party,super-mario-party,72.9,11,67.4,161,2018,2010,Card & Board Game,Nintendo Switch
25680,The Little Acre,the-little-acre,72.9,7,70.0,20,2016,2010,"Point-and-click, Puzzle, Role-playing (RPG), Adventure, Indie","PlayStation 4, Linux, PC (Microsoft Windows), iOS, Mac, Xbox One, Nintendo Switch"
107114,The Walking Dead: The Final Season - Episode 1: Done Running,the-walking-dead-the-final-season-episode-1-done-running,72.9,7,79.9,5,2018,2010,"Point-and-click, Adventure","PlayStation 4, PC (Microsoft Windows), Xbox One, Nintendo Switch"
11455,Tokyo Xanadu,tokyo-xanadu,72.9,8,,,2015,2010,Role-playing (RPG),PlayStation Vita
11171,Tom Clancy's Ghost Recon: Wildlands,tom-clancys-ghost-recon-wildlands,72.9,20,72.5,286,2017,2010,"Shooter, Tactical, Adventure","Google Stadia, Xbox Series X|S, PlayStation 4, PC (Microsoft Windows), PlayStation 5, Xbox One"
1184,World of Tanks,world-of-tanks,72.9,11,77.1,299,2011,2010,"Shooter, Simulator, Strategy, Arcade",PC (Microsoft Windows)
19440,Agents of Mayhem,agents-of-mayhem,72.8,19,65.9,40,2017,2010,"Shooter, Adventure","PlayStation 4, PC (Microsoft Windows), Xbox One"
1881,Arma 3,arma-3,72.8,5,77.4,136,2013,2010,"Shooter, Simulator, Strategy, Tactical","Linux, PC (Microsoft Windows), Mac"
113208,Conan Unconquered,conan-unconquered,72.8,4,50.0,3,2019,2010,"Real Time Strategy (RTS), Strategy",PC (Microsoft Windows)
7336,Dreadnought,dreadnought,72.8,4,70.7,5,2017,2010,"Shooter, Simulator","PlayStation 4, PC (Microsoft Windows)"
28010,God Eater 3,god-eater-3,72.8,8,60.1,17,2018,2010,"Role-playing (RPG), Adventure","PlayStation 4, PC (Microsoft Windows), Nintendo Switch"
16992,Human: Fall Flat,human-fall-flat,72.8,13,68.9,260,2016,2010,"Platform, Puzzle, Simulator, Adventure, Indie","Google Stadia, Xbox Series X|S, PlayStation 4, Linux, Nintendo Switch 2, Android, PC (Microsoft Windows), iOS, PlayStation 5, Mac, Xbox One, Nintendo Switch"
9918,LEGO Jurassic World,lego-jurassic-world,72.8,15,76.1,107,2015,2010,"Puzzle, Adventure","PlayStation 3, PlayStation 4, Nintendo 3DS, PC (Microsoft Windows), iOS, Mac, Wii U, PlayStation Vita, Xbox 360, Xbox One, Nintendo Switch"
26950,Marvel's Avengers,marvels-avengers,72.8,13,60.0,170,2020,2020,"Role-playing (RPG), Hack and slash/Beat 'em up, Adventure","Google Stadia, Xbox Series X|S, PlayStation 4, PC (Microsoft Windows), PlayStation 5, Xbox One"
7107,NBA Live 10,nba-live-10,72.8,4,67.1,5,2009,2000,"Simulator, Sport","PlayStation 3, iOS, PlayStation Portable, Xbox 360"
21849,Paperbound,paperbound,72.8,4,,,2015,2010,"Fighting, Platform, Indie","PlayStation 4, PC (Microsoft Windows)"
36766,Q.U.B.E. 2,qube-2,72.8,6,74.7,54,2018,2010,"Platform, Puzzle, Adventure, Indie","PlayStation 4, PC (Microsoft Windows), Xbox One, Nintendo Switch"
5153,Shaun White Snowboarding: World Stage,shaun-white-snowboarding-world-stage,72.8,3,,,2009,2000,Sport,Wii
18514,Soft Body,soft-body,72.8,5,70.0,0,2016,2010,"Puzzle, Indie","PlayStation 4, PC (Microsoft Windows), PlayStation Vita"
7533,Tera,tera,72.8,5,68.2,99,2011,2010,"Role-playing (RPG), Adventure","PlayStation 4, PC (Microsoft Windows), Xbox One"
2844,The Simpsons: Hit & Run,the-simpsons-hit-run,72.8,5,76.9,328,2003,2000,"Platform, Racing, Adventure","Xbox, Nintendo GameCube, PC (Microsoft Windows), PlayStation 2"
119234,Zombie Army 4: Dead War,zombie-army-4-dead-war,72.8,9,65.3,39,2020,2020,"Shooter, Arcade","Google Stadia, Xbox Series X|S, PlayStation 4, PC (Microsoft Windows), PlayStation 5, Xbox One, Nintendo Switch"
116149,Attack on Titan 2: Final Battle,attack-on-titan-2-final-battle,72.7,3,79.9,6,2019,2010,"Shooter, Role-playing (RPG)","Google Stadia, PlayStation 4, PC (Microsoft Windows), Xbox One, Nintendo Switch"
23212,Aven Colony,aven-colony,72.7,7,63.3,30,2017,2010,"Simulator, Strategy, Indie","PlayStation 4, PC (Microsoft Windows), Xbox One"
7081,Battlefield Hardline,battlefield-hardline,72.7,14,67.8,318,2015,2010,Shooter,"PlayStation 3, PlayStation 4, PC (Microsoft Windows), Xbox 360, Xbox One"
20890,Call of Duty: Advanced Warfare - Ascendance,call-of-duty-advanced-warfare-ascendance,72.7,3,,,2015,2010,Shooter,"PlayStation 3, PlayStation 4, PC (Microsoft Windows), Xbox 360, Xbox One"
4820,Drawn to Life: The Next Chapter,drawn-to-life-the-next-chapter,72.7,3,82.4,12,2009,2000,"Platform, Adventure",Nintendo DS
26548,Her Majesty's Spiffing,her-majestys-spiffing,72.7,3,80.0,3,2016,2010,"Point-and-click, Puzzle, Strategy, Adventure, Indie","PlayStation 4, Linux, PC (Microsoft Windows), Mac, Xbox One, Nintendo Switch"
119258,Immortal Realms: Vampire Wars,immortal-realms-vampire-wars,72.7,3,,,2020,2020,"Role-playing (RPG), Strategy, Turn-based strategy (TBS), Tactical","PlayStation 4, PC (Microsoft Windows), Xbox One, Nintendo Switch"
211738,Noreya: The Gold Project,noreya-the-gold-project,72.7,3,,,2024,2020,"Platform, Adventure, Indie","Linux, PC (Microsoft Windows), PlayStation 5, Mac, Nintendo Switch"
20396,Savage Moon,savage-moon,72.7,3,,,2008,2000,"Real Time Strategy (RTS), Strategy",PlayStation 3
206807,Super Bomberman R 2,super-bomberman-r-2,72.7,3,,,2023,2020,"Puzzle, Role-playing (RPG), Strategy, Adventure, Arcade","Xbox Series X|S, PlayStation 4, PC (Microsoft Windows), PlayStation 5, Xbox One, Nintendo Switch"
8635,Alone With You,alone-with-you,72.6,9,67.0,8,2016,2010,"Puzzle, Adventure, Indie","PlayStation 4, Android, PC (Microsoft Windows), iOS, Mac, PlayStation Vita, Nintendo Switch"
1882,Amnesia: A Machine for Pigs,amnesia-a-machine-for-pigs,72.6,8,67.2,254,2013,2010,"Puzzle, Adventure, Indie","PlayStation 4, Linux, PC (Microsoft Windows), Mac, Xbox One, Nintendo Switch"
7278,Atelier Ayesha: The Alchemist of Dusk,atelier-ayesha-the-alchemist-of-dusk,72.6,7,87.7,8,2012,2010,"Role-playing (RPG), Adventure",PlayStation 3
26402,Cyberdimension Neptunia: 4 Goddesses Online,cyberdimension-neptunia-4-goddesses-online,72.6,5,82.6,5,2017,2010,Role-playing (RPG),"PlayStation 4, PC (Microsoft Windows)"
18849,Ghost Song,ghost-song,72.6,5,75.8,22,2022,2020,"Platform, Role-playing (RPG), Adventure, Indie","Xbox Series X|S, PlayStation 4, PC (Microsoft Windows), PlayStation 5, Xbox One, Nintendo Switch"
3939,Gun,gun,72.6,4,68.2,145,2005,2000,Adventure,"Xbox, Nintendo GameCube, PC (Microsoft Windows), PlayStation 2"
40,Mafia II,mafia-ii,72.6,6,81.5,1259,2010,2010,"Shooter, Racing, Adventure","PlayStation 3, PC (Microsoft Windows), Xbox 360"
6655,Mother Russia Bleeds,mother-russia-bleeds,72.6,8,66.7,49,2016,2010,"Fighting, Hack and slash/Beat 'em up, Indie, Arcade","PlayStation 4, Linux, PC (Microsoft Windows), Mac, Nintendo Switch"
5090,Pandora's Tower,pandora-s-tower,72.6,7,70.3,21,2011,2010,"Role-playing (RPG), Adventure","Wii, Wii U"
7621,RiME,rime,72.6,15,75.5,237,2017,2010,"Platform, Puzzle, Adventure, Indie","PlayStation 4, PC (Microsoft Windows), Xbox One, Nintendo Switch"
4101,Second Sight,second-sight,72.6,4,79.9,46,2004,2000,"Shooter, Adventure","Xbox, Nintendo GameCube, PC (Microsoft Windows), PlayStation 2"
7455,Sengoku Basara: Samurai Heroes,sengoku-basara-samurai-heroes,72.6,5,69.9,10,2010,2010,"Hack and slash/Beat 'em up, Adventure","PlayStation 3, Wii"
11218,Super Stardust Ultra,super-stardust-ultra,72.6,5,79.7,6,2015,2010,"Shooter, Arcade","PlayStation 4, PlayStation VR"
36798,The Swords of Ditto,the-swords-of-ditto,72.6,9,68.3,16,2018,2010,"Role-playing (RPG), Hack and slash/Beat 'em up, Adventure, Indie, Arcade","PlayStation 4, Linux, Android, PC (Microsoft Windows), iOS, Mac, Nintendo Switch"
7272,Aquapazza: Aquaplus Dream Match,aquapazza-aquaplus-dream-match,72.5,4,,,2011,2010,"Fighting, Arcade","Arcade, PlayStation 3, PC (Microsoft Windows)"
1281,Awesomenauts,awesomenauts,72.5,8,65.8,74,2012,2010,"Platform, Strategy, Indie, MOBA","PlayStation 3, Linux, PC (Microsoft Windows), Mac, Xbox 360"
133306,Call of the Sea,call-of-the-sea,72.5,6,71.6,130,2020,2020,"Platform, Puzzle, Adventure, Indie","Xbox Series X|S, PlayStation 4, PC (Microsoft Windows), PlayStation 5, Xbox One, Nintendo Switch"
6883,Devil Summoner: Soul Hackers,devil-summoner-soul-hackers,72.5,6,80.0,18,1997,1990,"Role-playing (RPG), Adventure","Sega Saturn, PlayStation"
14572,Dishonored: Dunwall City Trials,dishonored-dunwall-city-trials,72.5,4,67.9,27,2012,2010,Adventure,"PlayStation 3, PlayStation 4, PC (Microsoft Windows), Xbox 360, Xbox One"
10501,Expeditions: Viking,expeditions-viking,72.5,4,70.3,10,2017,2010,"Role-playing (RPG), Strategy, Turn-based strategy (TBS), Tactical, Indie",PC (Microsoft Windows)
118871,Grid,grid,72.5,8,73.0,45,2019,2010,"Racing, Simulator, Sport","Google Stadia, PlayStation 4, PC (Microsoft Windows), Xbox One"
154692,Hot Shots Golf: Out of Bounds,hot-shots-golf-out-of-bounds,72.5,4,,,2007,2000,Sport,PlayStation 3
9059,Imperial Glory,imperial-glory,72.5,4,76.3,13,2005,2000,"Real Time Strategy (RTS), Strategy, Tactical","PC (Microsoft Windows), Mac"
96278,Inked,inked,72.5,4,70.0,4,2018,2010,"Point-and-click, Platform, Puzzle, Adventure, Indie","Xbox Series X|S, PlayStation 4, Android, PC (Microsoft Windows), iOS, PlayStation 5, Mac, Xbox One, Nintendo Switch"
3255,Just Dance 4,just-dance-4,72.5,4,80.1,31,2012,2010,Music,"PlayStation 3, Wii, Wii U, Xbox 360"
19089,Knee Deep,knee-deep,72.5,4,80.0,2,2015,2010,"Adventure, Indie","PlayStation 4, Linux, PC (Microsoft Windows), Mac, Xbox One"
125631,Last Stop,last-stop,72.5,6,71.0,30,2021,2020,"Adventure, Indie","Xbox Series X|S, PlayStation 4, PC (Microsoft Windows), PlayStation 5, Xbox One, Nintendo Switch"
109419,Marvel's Spider-Man: The Heist,marvels-spider-man-the-heist,72.5,6,68.5,49,2018,2010,"Hack and slash/Beat 'em up, Adventure",PlayStation 4
1051,Mirror's Edge,mirror-s-edge,72.5,6,77.1,972,2008,2000,"Platform, Puzzle, Adventure","PlayStation 3, PC (Microsoft Windows), Xbox 360"
21039,Mutant Mudds,mutant-mudds,72.5,4,69.7,10,2012,2010,"Platform, Adventure, Indie, Arcade","Nintendo 3DS, PC (Microsoft Windows), iOS"
5074,Nights: Journey of Dreams,nights-journey-of-dreams,72.5,4,69.5,9,2007,2000,"Platform, Adventure",Wii
5088,Order Up!!,order-up,72.5,4,,,2008,2000,"Puzzle, Simulator, Strategy","PlayStation 3, Nintendo 3DS, Wii, Android, iOS"
4063,Pac-Man World 2,pac-man-world-2,72.5,4,77.7,26,2002,2000,"Platform, Adventure","Xbox, Nintendo GameCube, PC (Microsoft Windows), PlayStation 2"
1381,Payday: The Heist,payday-the-heist,72.5,4,70.0,146,2011,2010,Shooter,"PlayStation 3, PC (Microsoft Windows)"
135164,Pokémon Sword: The Isle of Armor,pokemon-sword-the-isle-of-armor,72.5,4,65.7,18,2020,2020,"Role-playing (RPG), Adventure",Nintendo Switch
5331,Powerstar Golf,powerstar-golf,72.5,4,70.0,1,2013,2010,Sport,Xbox One
8409,Pure Pool,pure-pool,72.5,4,79.8,9,2014,2010,"Simulator, Sport","PlayStation 4, PC (Microsoft Windows), Xbox One, Nintendo Switch"
8063,Retro City Rampage,retro-city-rampage,72.5,6,65.8,17,2012,2010,"Shooter, Puzzle, Racing, Adventure, Indie, Arcade","PlayStation 3, Nintendo 3DS, Wii, PC (Microsoft Windows), PlayStation Vita, Xbox 360"
3020,Shadowrun Returns,shadowrun-returns,72.5,8,75.4,189,2013,2010,"Role-playing (RPG), Strategy, Turn-based strategy (TBS), Adventure, Indie","Xbox Series X|S, PlayStation 4, Linux, Android, PC (Microsoft Windows), iOS, PlayStation 5, Mac, Xbox One, Nintendo Switch"
233576,Strayed Lights,strayed-lights,72.5,4,,,2023,2020,"Fighting, Role-playing (RPG), Adventure, Indie","Xbox Series X|S, PlayStation 4, PC (Microsoft Windows), PlayStation 5, Xbox One, Nintendo Switch"
20078,Super Motherload,super-motherload,72.5,6,72.0,5,2013,2010,"Puzzle, Role-playing (RPG), Adventure, Indie","PlayStation 3, PlayStation 4, PC (Microsoft Windows)"
127065,The Walking Dead: A New Frontier - Episode 4: Thicker Than Water,the-walking-dead-a-new-frontier-episode-4-thicker-than-water,72.5,11,79.9,5,2017,2010,"Point-and-click, Adventure","PlayStation 4, Android, PC (Microsoft Windows), iOS, Xbox One"
5240,Toy Story 3: The Video Game,toy-story-3-the-video-game,72.5,6,72.7,51,2010,2010,"Platform, Adventure","PlayStation 3, Wii, PC (Microsoft Windows), Mac, Xbox 360"
200551,Zenless Zone Zero,zenless-zone-zero,72.5,4,69.3,164,2024,2020,"Role-playing (RPG), Hack and slash/Beat 'em up, Adventure","Xbox Series X|S, Android, PC (Microsoft Windows), iOS, PlayStation 5"
1040,Alice: Madness Returns,alice-madness-returns,72.4,5,74.2,329,2011,2010,"Platform, Puzzle, Hack and slash/Beat 'em up, Adventure","PlayStation 3, PC (Microsoft Windows), Xbox 360"
5494,Armored Core: Verdict Day,armored-core-verdict-day,72.4,5,75.0,1,2013,2010,"Shooter, Real Time Strategy (RTS), Simulator, Strategy","PlayStation 3, Xbox 360"
14759,Brut@l,brut-at-l,72.4,7,50.0,0,2016,2010,"Fighting, Role-playing (RPG), Adventure","PlayStation 4, PC (Microsoft Windows)"
134101,FIFA 21,fifa-21,72.4,8,68.6,123,2020,2020,"Simulator, Sport","Google Stadia, Xbox Series X|S, PlayStation 4, PC (Microsoft Windows), PlayStation 5, Xbox One"
113111,Far Cry New Dawn,far-cry-new-dawn,72.4,11,65.0,251,2019,2010,"Shooter, Adventure","Google Stadia, Xbox Series X|S, PlayStation 4, PC (Microsoft Windows), PlayStation 5, Xbox One"
17295,Fenix Rage,fenix-rage,72.4,5,70.0,1,2014,2010,"Adventure, Indie","PlayStation 4, PC (Microsoft Windows), Xbox One"
152064,Jurassic World Evolution 2,jurassic-world-evolution-2,72.4,5,70.9,50,2021,2020,"Simulator, Strategy","Xbox Series X|S, PlayStation 4, PC (Microsoft Windows), PlayStation 5, Xbox One"
15488,Klaus,klaus,72.4,5,70.0,2,2016,2010,"Platform, Puzzle, Adventure, Indie, Arcade","PlayStation 4, PC (Microsoft Windows), Mac, PlayStation Vita, Nintendo Switch"
4844,LEGO The Hobbit,lego-the-hobbit,72.4,11,70.6,123,2014,2010,"Puzzle, Role-playing (RPG), Adventure","PlayStation 3, PlayStation 4, Nintendo 3DS, PC (Microsoft Windows), Mac, Wii U, PlayStation Vita, Xbox 360, Xbox One"
103319,Neo Cab,neo-cab,72.4,8,78.9,18,2019,2010,"Role-playing (RPG), Adventure, Indie","Linux, PC (Microsoft Windows), iOS, Mac, Nintendo Switch"
191408,Nintendo Switch Sports,nintendo-switch-sports,72.4,7,72.3,43,2022,2020,"Simulator, Sport",Nintendo Switch
26233,Patapon Remastered,patapon-remastered,72.4,5,70.1,6,2017,2010,"Music, Platform, Strategy, Adventure",PlayStation 4
27011,Serious Sam 4,serious-sam-4,72.4,9,65.5,57,2020,2020,"Shooter, Adventure, Indie","Google Stadia, Xbox Series X|S, Linux, PC (Microsoft Windows), PlayStation 5, Mac"
116589,Shantae and the Seven Sirens,shantae-and-the-seven-sirens,72.4,5,76.3,29,2020,2020,"Platform, Adventure","PlayStation 4, Android, PC (Microsoft Windows), iOS, PlayStation 5, Mac, Xbox One, Nintendo Switch"
9559,Titan Souls,titan-souls,72.4,8,72.1,99,2015,2010,"Role-playing (RPG), Adventure, Indie","PlayStation 4, Android, PC (Microsoft Windows), Mac, PlayStation Vita"
3211,Tropico 5,tropico-5,72.4,14,73.5,117,2014,2010,"Role-playing (RPG), Simulator, Strategy","PlayStation 4, Linux, PC (Microsoft Windows), Mac, Xbox 360, Xbox One"
6913,Binary Domain,binary-domain,72.3,6,77.1,109,2012,2010,"Shooter, Puzzle","PlayStation 3, PC (Microsoft Windows), Xbox 360"
56697,Coffee Crisis,coffee-crisis,72.3,3,70.0,5,2017,2010,"Fighting, Hack and slash/Beat 'em up, Indie, Arcade","Web browser, PlayStation 4, Linux, Sega Mega Drive/Genesis, PC (Microsoft Windows), Mac, Xbox One, Nintendo Switch"
6780,Dance Dance Revolution Supernova 2,dance-dance-revolution-supernova-2,72.3,3,80.0,7,2007,2000,"Music, Arcade","Arcade, PlayStation 2"
3082,Dear Esther,dear-esther,72.3,4,71.6,182,2012,2010,"Adventure, Indie","Linux, PC (Microsoft Windows), Mac"
69348,Frantics,frantics,72.3,3,78.9,9,2018,2010,"Fighting, Racing, Tactical, Arcade",PlayStation 4
24985,Golf With Your Friends,golf-with-your-friends,72.3,4,73.6,137,2020,2020,"Simulator, Sport, Strategy, Tactical, Indie","Google Stadia, PlayStation 4, Linux, PC (Microsoft Windows), Mac, Xbox One, Nintendo Switch"
94876,LEGO The Incredibles,lego-the-incredibles,72.3,7,71.7,35,2018,2010,"Platform, Puzzle, Hack and slash/Beat 'em up, Adventure","PlayStation 4, PC (Microsoft Windows), Mac, Xbox One, Nintendo Switch"
141568,Myst,myst--1,72.3,4,80.2,32,2020,2020,"Puzzle, Adventure, Indie","Oculus VR, Meta Quest 2, Xbox Series X|S, PlayStation VR2, PlayStation 4, PC (Microsoft Windows), SteamVR, PlayStation 5, Mac, Oculus Rift, Xbox One, Oculus Quest"
5941,ObsCure,obscure,72.3,4,74.2,89,2004,2000,Adventure,"Xbox, PC (Microsoft Windows), PlayStation 2"
6027,Samurai Warriors,samurai-warriors,72.3,4,73.9,11,2004,2000,Hack and slash/Beat 'em up,"Xbox, PlayStation 2"
2756,Snoopy vs. The Red Baron,snoopy-vs-the-red-baron,72.3,3,,,2006,2000,Simulator,"PC (Microsoft Windows), PlayStation Portable, PlayStation 2"
152250,Stranger of Paradise: Final Fantasy Origin,stranger-of-paradise-final-fantasy-origin,72.3,8,74.7,44,2022,2020,"Role-playing (RPG), Adventure","Xbox Series X|S, PlayStation 4, PC (Microsoft Windows), PlayStation 5, Xbox One"
119178,The Complex,the-complex,72.3,3,66.1,17,2020,2020,Adventure,"PlayStation 4, PC (Microsoft Windows), PlayStation 5, Mac, Xbox One, Nintendo Switch"
198560,The Jackbox Party Pack 9,the-jackbox-party-pack-9,72.3,3,77.9,12,2022,2020,"Puzzle, Strategy, Indie","Amazon Fire TV, Xbox Series X|S, PlayStation 4, Linux, Android, PC (Microsoft Windows), iOS, PlayStation 5, Mac, Xbox One, Nintendo Switch"
24568,The Legend of Dark Witch,the-legend-of-dark-witch,72.3,3,60.0,3,2014,2010,"Shooter, Platform, Role-playing (RPG), Adventure, Indie","Nintendo 3DS, PC (Microsoft Windows), PlayStation Vita"
81143,The World Ends with You: Final Remix,the-world-ends-with-you-final-remix,72.3,7,59.5,17,2018,2010,"Role-playing (RPG), Adventure",Nintendo Switch
118044,Tohu,tohu,72.3,4,59.1,11,2021,2020,"Point-and-click, Puzzle, Adventure, Indie","Google Stadia, Xbox Series X|S, PlayStation 4, Android, PC (Microsoft Windows), iOS, Xbox One, Nintendo Switch"
266683,Tomb Raider I•II•III Remastered,tomb-raider-i-star-ii-star-iii-remastered,72.3,6,78.0,34,2024,2020,"Shooter, Puzzle, Strategy, Adventure","Xbox Series X|S, PlayStation 4, Nintendo Switch 2, Android, PC (Microsoft Windows), iOS, PlayStation 5, Xbox One, Nintendo Switch"
1163,Tomb Raider: Underworld,tomb-raider-underworld,72.3,4,74.3,259,2008,2000,"Shooter, Platform, Adventure","Web browser, OnLive Game System, PlayStation 3, PC (Microsoft Windows), Mac, Xbox 360"
11,Vampire: The Masquerade - Bloodlines,vampire-the-masquerade-bloodlines,72.3,3,85.7,621,2004,2000,Role-playing (RPG),PC (Microsoft Windows)
26180,Warriors All-Stars,warriors-all-stars,72.3,6,80.0,3,2017,2010,Hack and slash/Beat 'em up,"PlayStation 4, PC (Microsoft Windows), PlayStation Vita"
8263,Assassin's Creed Syndicate,assassins-creed-syndicate,72.2,19,74.7,829,2015,2010,Adventure,"Google Stadia, Xbox Series X|S, PlayStation 4, PC (Microsoft Windows), PlayStation 5, Xbox One"
75242,Blood & Truth,blood-and-truth,72.2,9,79.4,9,2019,2010,"Shooter, Adventure",PlayStation VR
119349,Cris Tales,cris-tales,72.2,6,67.0,16,2021,2020,"Role-playing (RPG), Adventure, Indie","Google Stadia, Xbox Series X|S, PlayStation 4, PC (Microsoft Windows), PlayStation 5, Xbox One, Nintendo Switch"
23907,Dead Rising: Triple Pack,dead-rising-triple-pack,72.2,11,70.0,1,2016,2010,"Simulator, Hack and slash/Beat 'em up, Adventure","PlayStation 4, PC (Microsoft Windows), Xbox One"
85308,Nintendo Labo: Toy-Con 01 - Variety Kit,nintendo-labo-toy-con-01-variety-kit,72.2,5,50.5,5,2018,2010,Simulator,Nintendo Switch
2943,Scribblenauts Unlimited,scribblenauts-unlimited,72.2,10,72.8,133,2012,2010,"Platform, Puzzle, Strategy, Adventure","Nintendo 3DS, Android, PC (Microsoft Windows), iOS, Wii U"
19220,Snake Pass,snake-pass,72.2,12,73.4,58,2017,2010,"Platform, Puzzle, Simulator, Adventure, Indie, Arcade","PlayStation 4, PC (Microsoft Windows), Xbox One, Nintendo Switch"
25213,Songbringer,songbringer,72.2,6,77.5,6,2017,2010,"Role-playing (RPG), Adventure, Indie","PlayStation 4, Linux, PC (Microsoft Windows), iOS, Mac, Xbox One, Nintendo Switch"
119298,Blair Witch,blair-witch,72.1,11,73.0,115,2019,2010,"Adventure, Indie","PlayStation 4, PC (Microsoft Windows), Xbox One, Nintendo Switch"
3042,Dying Light,dying-light,72.1,17,79.5,1057,2015,2010,"Shooter, Role-playing (RPG), Adventure","Xbox Series X|S, PlayStation 4, Linux, PC (Microsoft Windows), PlayStation 5, Mac, Xbox One"
68286,Earth Defense Force: Iron Rain,earth-defense-force-iron-rain,72.1,9,60.4,6,2019,2010,Shooter,"PlayStation 4, PC (Microsoft Windows)"
91024,Hitman: Episode 5 - Colorado,hitman-episode-5-colorado,72.1,7,,,2016,2010,"Shooter, Tactical, Adventure","PlayStation 4, Linux, PC (Microsoft Windows), Mac, Xbox One"
14763,Hob,hob,72.1,8,80.2,72,2017,2010,"Platform, Puzzle, Adventure, Indie","PlayStation 4, PC (Microsoft Windows)"
4999,Marvel: Ultimate Alliance,marvel-ultimate-alliance,72.1,7,77.4,175,2006,2000,"Role-playing (RPG), Adventure","PlayStation 3, PlayStation 4, Wii, PC (Microsoft Windows), Xbox 360, Xbox One"
11719,Rebel Galaxy,rebel-galaxy,72.1,7,73.0,33,2015,2010,"Role-playing (RPG), Simulator, Strategy, Adventure, Indie","PlayStation 4, PC (Microsoft Windows), Mac, Xbox One"
17003,Romance of the Three Kingdoms XIII,romance-of-the-three-kingdoms-xiii--1,72.1,7,69.9,6,2016,2010,"Simulator, Strategy","PlayStation 4, PC (Microsoft Windows), Xbox One, Nintendo Switch"
16136,The Final Station,the-final-station,72.1,11,74.1,62,2016,2010,"Shooter, Platform, Role-playing (RPG), Simulator, Adventure, Indie","PlayStation 4, Linux, PC (Microsoft Windows), Mac, Xbox One, Nintendo Switch"
1064,The Secret World,the-secret-world,72.1,7,74.9,25,2012,2010,"Puzzle, Role-playing (RPG), Adventure",PC (Microsoft Windows)
11590,The Surge,the-surge,72.1,11,71.3,108,2017,2010,"Role-playing (RPG), Adventure","PlayStation 4, PC (Microsoft Windows), Xbox One"
7467,Tokyo Jungle,tokyo-jungle,72.1,7,73.3,31,2012,2010,"Role-playing (RPG), Simulator, Strategy, Adventure",PlayStation 3
5973,Broforce,broforce,72.0,9,76.0,369,2015,2010,"Shooter, Platform, Indie, Arcade","PlayStation 4, Linux, PC (Microsoft Windows), Mac, Xbox One, Nintendo Switch"
20160,Burnout Crash!,burnout-crash,72.0,5,70.1,5,2011,2010,"Puzzle, Racing, Arcade","PlayStation 3, iOS, Xbox 360"
2358,Chivalry: Medieval Warfare,chivalry-medieval-warfare,72.0,4,69.6,144,2012,2010,"Fighting, Hack and slash/Beat 'em up, Indie","PlayStation 3, PlayStation 4, Linux, PC (Microsoft Windows), Mac, Xbox 360, Xbox One"
2897,Crackdown 2,crackdown-2,72.0,3,67.6,44,2010,2010,"Shooter, Adventure",Xbox 360
171214,Destroy All Humans! 2: Reprobed,destroy-all-humans-2-reprobed,72.0,3,65.6,14,2022,2020,"Shooter, Puzzle, Adventure","Xbox Series X|S, PlayStation 4, Nintendo Switch 2, PC (Microsoft Windows), PlayStation 5, Xbox One"
2569,Dragon Ball Z: Burst Limit,dragon-ball-z-burst-limit,72.0,4,48.6,29,2008,2000,Fighting,"PlayStation 3, Xbox 360"
27910,Everything,everything,72.0,9,71.3,64,2017,2010,"Role-playing (RPG), Simulator, Adventure, Indie","PlayStation 4, Linux, PC (Microsoft Windows), Mac, PlayStation Vita, Nintendo Switch"
141547,Evil West,evil-west,72.0,4,66.9,75,2022,2020,"Shooter, Hack and slash/Beat 'em up, Adventure","Xbox Series X|S, PlayStation 4, PC (Microsoft Windows), PlayStation 5, Xbox One"
121531,Gamedec,gamedec,72.0,4,78.4,19,2021,2020,"Point-and-click, Puzzle, Role-playing (RPG), Adventure, Indie","PC (Microsoft Windows), PlayStation 5, Nintendo Switch"
17994,Hard Reset: Redux,hard-reset-redux,72.0,4,60.3,22,2016,2010,"Shooter, Adventure, Indie","PlayStation 4, PC (Microsoft Windows), Xbox 360, Xbox One"
21593,Lords of the Fallen,lords-of-the-fallen--2,72.0,7,72.3,88,2023,2020,"Role-playing (RPG), Adventure","Xbox Series X|S, PC (Microsoft Windows), PlayStation 5"
2552,Mad Max,mad-max,72.0,15,75.3,573,2015,2010,"Racing, Hack and slash/Beat 'em up, Adventure","PlayStation 4, Linux, PC (Microsoft Windows), Mac, Xbox One"
7105,NASCAR '14,nascar-14,72.0,4,,,2014,2010,"Racing, Simulator","PlayStation 3, PC (Microsoft Windows), Xbox 360"
153876,Nuclear Blaze,nuclear-blaze,72.0,3,,,2021,2020,"Platform, Adventure, Indie","PlayStation 4, PC (Microsoft Windows), PlayStation 5, Xbox One, Nintendo Switch"
58479,Out of Line,out-of-line,72.0,4,69.0,17,2021,2020,"Platform, Puzzle, Adventure, Indie","PlayStation 4, PC (Microsoft Windows), Xbox One, Nintendo Switch"
6862,Pilotwings Resort,pilotwings-resort,72.0,5,67.0,17,2011,2010,Simulator,Nintendo 3DS
5983,Pirates: The Legend of Black Kat,pirates-the-legend-of-black-kat,72.0,3,,,2002,2000,Adventure,"Xbox, PlayStation 2"
6871,Ridge Racer 3D,ridge-racer-3d,72.0,4,76.0,4,2011,2010,Racing,Nintendo 3DS
132097,Saints Row: The Third Remastered,saints-row-the-third-remastered,72.0,5,79.3,35,2020,2020,"Shooter, Racing, Adventure","Google Stadia, Xbox Series X|S, PlayStation 4, PC (Microsoft Windows), PlayStation 5, Xbox One"
191738,Soul Hackers 2,soul-hackers-2,72.0,4,78.2,19,2022,2020,Role-playing (RPG),"Xbox Series X|S, PlayStation 4, PC (Microsoft Windows), PlayStation 5, Xbox One"
9062,Strafe,strafe,72.0,5,59.2,13,2017,2010,"Shooter, Indie, Arcade","PlayStation 4, Linux, PC (Microsoft Windows), Mac"
20413,Super Mutant Alien Assault,super-mutant-alien-assault,72.0,3,70.0,2,2016,2010,"Shooter, Platform, Indie, Arcade","PlayStation 4, PC (Microsoft Windows), PlayStation Vita, Xbox One, Nintendo Switch"
6181,The Suffering: Ties That Bind,the-suffering-ties-that-bind,72.0,3,71.4,36,2005,2000,Shooter,"Xbox, PC (Microsoft Windows), PlayStation 2"
145028,Thymesia,thymesia,72.0,4,71.4,41,2022,2020,"Role-playing (RPG), Hack and slash/Beat 'em up, Adventure","Xbox Series X|S, PC (Microsoft Windows), PlayStation 5"
20524,Uno,uno,72.0,6,73.7,8,2006,2000,"Strategy, Turn-based strategy (TBS), Card & Board Game",Xbox 360
119225,Vampire: The Masquerade - Coteries of New York,vampire-the-masquerade-coteries-of-new-york,72.0,3,68.4,20,2019,2010,"Role-playing (RPG), Adventure, Indie, Visual Novel","PlayStation 4, Linux, Android, PC (Microsoft Windows), iOS, Mac, Xbox One, Nintendo Switch"
9180,Victor Vran,victor-vran,72.0,6,64.7,49,2015,2010,"Role-playing (RPG), Hack and slash/Beat 'em up, Adventure, Indie","PlayStation 4, Linux, PC (Microsoft Windows), Mac, Xbox One"
7488,WWE Legends of WrestleMania,wwe-legends-of-wrestlemania,72.0,5,50.1,16,2009,2000,"Fighting, Sport","PlayStation 3, iOS, Xbox 360"
9046,Chroma Squad,chroma-squad,71.9,7,82.9,44,2015,2010,"Role-playing (RPG), Simulator, Strategy, Turn-based strategy (TBS), Adventure, Indie","PlayStation 4, Linux, PC (Microsoft Windows), Mac, Xbox One, Nintendo Switch"
104232,Dangerous Driving,dangerous-driving,71.9,7,,,2019,2010,Racing,"PlayStation 4, PC (Microsoft Windows), Xbox One"
11858,God Eater Resurrection,god-eater-resurrection,71.9,8,68.5,15,2015,2010,"Role-playing (RPG), Hack and slash/Beat 'em up","PlayStation 4, PC (Microsoft Windows), PlayStation Vita"
530,Hitman: Absolution,hitman-absolution,71.9,16,75.0,675,2012,2010,"Shooter, Tactical, Adventure","PlayStation 3, Android, PC (Microsoft Windows), iOS, Mac, Xbox 360, Nintendo Switch"
10088,Hohokum,hohokum,71.9,9,70.1,22,2014,2010,"Music, Adventure, Indie","PlayStation 3, PlayStation 4, PC (Microsoft Windows), PlayStation Vita"
20041,Payday 2: Crimewave Edition,payday-2-crimewave-edition,71.9,9,69.9,5,2015,2010,"Shooter, Arcade","PlayStation 4, Xbox One"
11536,Senran Kagura: Shinovi Versus,senran-kagura-shinovi-versus,71.9,8,62.2,21,2013,2010,"Fighting, Hack and slash/Beat 'em up","PC (Microsoft Windows), PlayStation Vita"
121709,The Falconeer: Revolution Remaster,the-falconeer-revolution-remaster,71.9,7,78.2,12,2020,2020,"Shooter, Role-playing (RPG), Simulator, Adventure, Indie","Xbox Series X|S, Linux, PC (Microsoft Windows), SteamVR, Xbox One"
11194,The Legend of Zelda: Tri Force Heroes,the-legend-of-zelda-tri-force-heroes,71.9,8,63.9,48,2015,2010,"Puzzle, Adventure",Nintendo 3DS
2359,Total War: Rome II,total-war-rome-ii,71.9,11,78.4,197,2013,2010,"Real Time Strategy (RTS), Role-playing (RPG), Strategy, Turn-based strategy (TBS)","PC (Microsoft Windows), Mac"
214409,Atlas Fallen,atlas-fallen,71.8,4,70.2,29,2023,2020,"Role-playing (RPG), Adventure","Xbox Series X|S, PC (Microsoft Windows), PlayStation 5"
22397,Bear With Me,bear-with-me,71.8,3,77.5,16,2016,2010,"Point-and-click, Adventure, Indie","PlayStation 4, Linux, PC (Microsoft Windows), Mac, Xbox One, Nintendo Switch"
8211,Dead or Alive 5 Last Round,dead-or-alive-5-last-round,71.8,10,85.1,55,2015,2010,Fighting,"Arcade, PlayStation 3, PlayStation 4, PC (Microsoft Windows), Xbox 360, Xbox One"
75240,Erica,erica,71.8,4,61.3,77,2019,2010,Point-and-click,"PlayStation 4, PC (Microsoft Windows), iOS"
20459,Rick and Morty: Virtual Rick-ality,rick-and-morty-virtual-rick-ality,71.8,6,62.3,16,2017,2010,"Puzzle, Simulator, Adventure, Indie","Windows Mixed Reality, PlayStation VR, SteamVR, Oculus Rift"
233676,Road 96: Mile 0,road-96-mile-0,71.8,4,70.8,16,2023,2020,"Music, Puzzle, Adventure, Indie","Xbox Series X|S, PlayStation 4, PC (Microsoft Windows), PlayStation 5, Xbox One, Nintendo Switch"
150010,Sonic Frontiers,sonic-frontiers,71.8,8,73.0,84,2022,2020,"Platform, Adventure","Xbox Series X|S, PlayStation 4, Nintendo Switch 2, PC (Microsoft Windows), PlayStation 5, Xbox One, Nintendo Switch"
19519,Star Trek: Bridge Crew,star-trek-bridge-crew,71.8,6,80.0,3,2017,2010,"Role-playing (RPG), Simulator, Adventure","Meta Quest 2, Windows Mixed Reality, PlayStation 4, PlayStation VR, PC (Microsoft Windows), SteamVR, Oculus Rift, Oculus Quest"
26401,Star Wars Battlefront II,star-wars-battlefront-ii--1,71.8,17,70.5,563,2017,2010,"Shooter, Adventure","PlayStation 4, PC (Microsoft Windows), Xbox One"
8258,Street Fighter V,street-fighter-v,71.8,19,72.6,168,2016,2010,"Fighting, Arcade","PlayStation 4, PC (Microsoft Windows)"
13068,The Godfather,the-godfather,71.8,5,,,1991,1990,Shooter,Amiga
26773,Ultra Street Fighter II: The Final Challengers,ultra-street-fighter-ii-the-final-challengers,71.8,6,69.3,11,2017,2010,"Fighting, Arcade",Nintendo Switch
15454,Ys VI: The Ark of Napishtim,ys-vi-the-ark-of-napishtim,71.8,8,80.0,32,2003,2000,"Role-playing (RPG), Hack and slash/Beat 'em up, Adventure","PC (Microsoft Windows), Legacy Mobile Device, PlayStation 2"
15860,A Kingdom for Keflings,a-kingdom-for-keflings,71.7,3,59.9,9,2008,2000,"Simulator, Strategy, Tactical, Arcade","PC (Microsoft Windows), Xbox 360"
21017,Aero Porter,aero-porter,71.7,3,71.0,1,2012,2010,"Puzzle, Simulator",Nintendo 3DS
115072,Batman: The Telltale Series - Episode 5: City of Light,batman-the-telltale-series-episode-5-city-of-light,71.7,6,,,2016,2010,"Point-and-click, Adventure","PlayStation 4, PC (Microsoft Windows), Xbox One"
14790,Bound,bound,71.7,11,74.2,58,2016,2010,"Platform, Puzzle, Adventure","PlayStation 4, PlayStation VR"
154161,Bō: Path of the Teal Lotus,bo-path-of-the-teal-lotus,71.7,3,74.7,15,2024,2020,"Platform, Adventure","Xbox Series X|S, PC (Microsoft Windows), PlayStation 5, Nintendo Switch"
20701,Calling All Cars!,calling-all-cars,71.7,3,,,2007,2000,Arcade,PlayStation 3
8583,Champions Online,champions-online,71.7,3,51.1,11,2009,2000,"Role-playing (RPG), Adventure","Linux, PC (Microsoft Windows)"
58533,Damsel,damsel,71.7,3,70.0,0,2018,2010,"Platform, Indie, Arcade","PlayStation 4, Linux, PC (Microsoft Windows), Mac, Xbox One, Nintendo Switch"
21238,Dementium: The Ward,dementium-the-ward,71.7,3,60.6,9,2007,2000,"Shooter, Adventure",Nintendo DS
172428,Disney Magical World 2: Enchanted Edition,disney-magical-world-2-enchanted-edition,71.7,3,,,2021,2020,Simulator,Nintendo Switch
20868,Duke Nukem 3D: Megaton Edition,duke-nukem-3d-megaton-edition,71.7,3,75.2,25,2013,2010,Shooter,"PlayStation 3, Linux, PC (Microsoft Windows), Mac, PlayStation Vita"
21583,Earth Defense Force 2017 Portable,earth-defense-force-2017-portable,71.7,3,,,2012,2010,Shooter,PlayStation Vita
132328,Ever Forward,ever-forward,71.7,3,,,2020,2020,"Puzzle, Adventure, Indie","PlayStation 4, PC (Microsoft Windows), PlayStation 5, Xbox One, Nintendo Switch"
320144,FBC: Firebreak,fbc-firebreak,71.7,3,49.2,13,2025,2020,Shooter,"Xbox Series X|S, PC (Microsoft Windows), PlayStation 5"
55137,Fate/Extella Link,fate-slash-extella-link,71.7,3,56.7,5,2018,2010,Hack and slash/Beat 'em up,"PlayStation 4, Android, PC (Microsoft Windows), iOS, PlayStation Vita, Nintendo Switch"
8499,Five Nights at Freddy's,five-nights-at-freddys,71.7,3,65.8,179,2014,2010,"Point-and-click, Simulator, Strategy, Indie",PC (Microsoft Windows)
20426,Gran Turismo,gran-turismo--1,71.7,3,70.0,31,2009,2000,"Racing, Simulator",PlayStation Portable
18071,Grandia III,grandia-iii,71.7,3,80.0,12,2005,2000,"Role-playing (RPG), Adventure",PlayStation 2
2694,Green Day: Rock Band,green-day-rock-band,71.7,5,72.0,12,2010,2010,Music,"PlayStation 3, Wii, Xbox 360"
246166,Harry Potter: Quidditch Champions,harry-potter-quidditch-champions,71.7,3,69.9,16,2024,2020,"Sport, Arcade","Xbox Series X|S, PlayStation 4, PC (Microsoft Windows), PlayStation 5, Xbox One, Nintendo Switch"
21834,Hexic 2,hexic-2,71.7,3,,,2007,2000,Puzzle,Xbox 360
9871,Hyperdevotion Noire: Goddess Black Heart,hyperdevotion-noire-goddess-black-heart,71.7,3,80.0,3,2015,2010,"Role-playing (RPG), Strategy, Turn-based strategy (TBS)","PC (Microsoft Windows), PlayStation Vita, Nintendo Switch"
37067,Just Dance 2018,just-dance-2018,71.7,3,67.7,14,2017,2010,Music,"PlayStation 3, PlayStation 4, Wii, Wii U, Xbox 360, Xbox One, Nintendo Switch"
7029,Kameo: Elements of Power,kameo-elements-of-power,71.7,3,76.0,28,2005,2000,"Hack and slash/Beat 'em up, Adventure",Xbox 360
26194,Knack II,knack-ii,71.7,13,64.8,24,2017,2010,"Platform, Adventure",PlayStation 4
109233,Lapis x Labyrinth,lapis-x-labyrinth,71.7,3,87.0,0,2018,2010,"Platform, Role-playing (RPG)","PlayStation 4, Nintendo Switch"
8594,Mario vs. Donkey Kong: Tipping Stars,mario-vs-donkey-kong-tipping-stars,71.7,9,69.0,8,2015,2010,"Platform, Puzzle","Nintendo 3DS, Wii U"
23066,Monster Hunter Freedom 2,monster-hunter-freedom-2,71.7,3,70.2,14,2007,2000,"Role-playing (RPG), Strategy",PlayStation Portable
5965,NHL 2K6,nhl-2k6,71.7,3,69.0,8,2005,2000,Sport,"Xbox, Xbox 360, PlayStation 2"
259206,Nickelodeon All-Star Brawl 2,nickelodeon-all-star-brawl-2,71.7,3,76.7,8,2023,2020,"Fighting, Platform","Xbox Series X|S, PlayStation 4, PC (Microsoft Windows), PlayStation 5, Xbox One, Nintendo Switch"
19903,Nights Into Dreams,nights-into-dreams,71.7,3,78.4,15,2008,2000,"Platform, Adventure","PlayStation 3, PC (Microsoft Windows), Xbox 360, PlayStation 2"
13552,Nitroplus Blasterz: Heroines Infinite Duel,nitroplus-blasterz-heroines-infinite-duel,71.7,6,80.0,2,2015,2010,"Fighting, Arcade","Arcade, PlayStation 3, PlayStation 4, PC (Microsoft Windows)"
25238,Nobunaga's Ambition: Sphere of Influence - Ascension,nobunagas-ambition-sphere-of-influence-ascension,71.7,3,,,2016,2010,"Strategy, Turn-based strategy (TBS)","PlayStation 3, PlayStation 4, PC (Microsoft Windows), PlayStation Vita"
18275,Pac-Pix,pac-pix,71.7,3,61.0,4,2005,2000,"Puzzle, Strategy",Nintendo DS
9926,ParaWorld,paraworld,71.7,3,71.0,11,2006,2000,"Real Time Strategy (RTS), Sport, Strategy",PC (Microsoft Windows)
1465,Perfect Dark Zero,perfect-dark-zero,71.7,3,62.9,51,2005,2000,"Shooter, Tactical",Xbox 360
10602,PixelJunk Nom Nom Galaxy,pixeljunk-nom-nom-galaxy,71.7,3,78.2,9,2015,2010,"Platform, Strategy, Indie","PlayStation 4, PC (Microsoft Windows)"
20039,Pokémon Picross,pokemon-picross,71.7,3,67.8,26,2015,2010,"Puzzle, Strategy",Nintendo 3DS
23055,Pursuit Force: Extreme Justice,pursuit-force-extreme-justice,71.7,3,,,2007,2000,"Shooter, Racing",PlayStation Portable
109577,Puyo Puyo Champions,puyo-puyo-champions,71.7,3,43.4,5,2018,2010,Puzzle,"Arcade, PlayStation 4, PC (Microsoft Windows), Xbox One, Nintendo Switch"
19514,Ray's the Dead,rays-the-dead,71.7,3,,,2020,2020,"Puzzle, Strategy, Adventure, Indie","PlayStation 4, PC (Microsoft Windows), Nintendo Switch"
204721,Resident Evil Village: Winters' Expansion,resident-evil-village-winters-expansion,71.7,3,70.7,7,2022,2020,Shooter,"Xbox Series X|S, PlayStation 4, Nintendo Switch 2, PC (Microsoft Windows), PlayStation 5, Xbox One, Nintendo Switch"
8241,SOCOM 3: U.S. Navy SEALs,socom-3-us-navy-seals,71.7,3,70.0,6,2005,2000,"Shooter, Strategy, Tactical",PlayStation 2
7460,SOCOM: U.S. Navy SEALs Confrontation,socom-u-s-navy-seals-confrontation,71.7,3,,,2008,2000,Shooter,PlayStation 3
10819,Serious Sam: The Random Encounter,serious-sam-the-random-encounter,71.7,3,57.3,9,2011,2010,"Shooter, Puzzle, Role-playing (RPG), Indie",PC (Microsoft Windows)
15718,Silverfall,silverfall,71.7,3,50.1,8,2007,2000,"Role-playing (RPG), Hack and slash/Beat 'em up, Adventure","PC (Microsoft Windows), PlayStation Portable"
28315,Solo,solo,71.7,6,50.0,5,2018,2010,"Platform, Puzzle, Role-playing (RPG), Adventure, Indie","PlayStation 4, PC (Microsoft Windows), Xbox One, Nintendo Switch"
18312,Tastee Lethal Tactics,tastee-lethal-tactics,71.7,3,67.3,5,2016,2010,"Strategy, Turn-based strategy (TBS), Tactical, Indie",PC (Microsoft Windows)
136673,The Legend of Heroes: Trails into Reverie,the-legend-of-heroes-trails-into-reverie,71.7,3,,,2020,2020,"Role-playing (RPG), Turn-based strategy (TBS)","PlayStation 4, PlayStation VR, PC (Microsoft Windows), SteamVR, PlayStation 5, Nintendo Switch"
10995,The Masterplan,the-masterplan,71.7,3,50.0,0,2015,2010,"Strategy, Indie","Linux, PC (Microsoft Windows), Mac"
5414,Twisted Metal: Head-On,twisted-metal-head-on,71.7,3,67.7,10,2005,2000,"Shooter, Racing",PlayStation Portable
7230,Universe at War: Earth Assault,universe-at-war-earth-assault,71.7,3,69.3,6,2007,2000,"Real Time Strategy (RTS), Strategy","PC (Microsoft Windows), Xbox 360"
37026,Unruly Heroes,unruly-heroes,71.7,3,66.1,13,2019,2010,"Fighting, Platform, Puzzle, Adventure, Indie","PlayStation 4, Android, PC (Microsoft Windows), iOS, Xbox One, Nintendo Switch"
22165,Vietcong: Purple Haze,vietcong-purple-haze,71.7,3,,,2004,2000,Shooter,"Xbox, PC (Microsoft Windows), PlayStation 2"
26914,White Day: A Labyrinth Named School,white-day-a-labyrinth-named-school,71.7,9,73.3,8,2017,2010,"Adventure, Indie","Xbox Series X|S, PlayStation 4, PC (Microsoft Windows), PlayStation 5, Xbox One, Nintendo Switch"
24839,Butcher,butcher,71.6,5,78.9,13,2016,2010,"Shooter, Platform, Indie, Arcade","PlayStation 4, Linux, PC (Microsoft Windows), Mac, Xbox One, Nintendo Switch"
1149,Castlevania: Lords of Shadow - Mirror of Fate,castlevania-lords-of-shadow-mirror-of-fate,71.6,10,65.8,34,2013,2010,"Platform, Adventure",Nintendo 3DS
26947,Ghost Blade HD,ghost-blade-hd,71.6,5,70.0,1,2017,2010,"Shooter, Indie, Arcade","PlayStation 4, Linux, PC (Microsoft Windows), Mac, Wii U, Xbox One, Nintendo Switch"
114094,Kunai,kunai,71.6,5,67.2,7,2020,2020,"Platform, Adventure, Indie","PC (Microsoft Windows), Nintendo Switch"
102805,WWE 2K19,wwe-2k19,71.6,8,75.1,44,2018,2010,"Simulator, Sport","PlayStation 4, PC (Microsoft Windows), Xbox One"
7276,Atelier Totori: The Adventurer of Arland,atelier-totori-the-adventurer-of-arland,71.5,4,73.9,16,2010,2010,Role-playing (RPG),PlayStation 3
76747,Atomic Heart,atomic-heart,71.5,4,69.1,228,2023,2020,"Shooter, Role-playing (RPG), Adventure","Xbox Series X|S, PlayStation 4, PC (Microsoft Windows), PlayStation 5, Xbox One"
37032,Blade Strangers,blade-strangers,71.5,4,60.0,1,2018,2010,"Fighting, Arcade","PlayStation 4, PC (Microsoft Windows), Nintendo Switch"
24474,Masquerada: Songs and Shadows,masquerada-songs-and-shadows,71.5,8,80.3,13,2016,2010,"Role-playing (RPG), Strategy, Tactical, Indie","PlayStation 4, PC (Microsoft Windows), Mac, Xbox One, Nintendo Switch"
11288,Mega Coin Squad,mega-coin-squad,71.5,4,70.0,0,2014,2010,"Fighting, Platform, Indie, Arcade","PlayStation 4, Linux, PC (Microsoft Windows), Mac, Xbox One"
20069,Sparkle 2,sparkle-2,71.5,4,72.2,16,2014,2010,"Puzzle, Adventure, Indie, Arcade","PlayStation 3, PlayStation 4, PC (Microsoft Windows), PlayStation 5, PlayStation Vita, Xbox One, Nintendo Switch"
55047,The Dark Pictures Anthology: Man of Medan,the-dark-pictures-anthology-man-of-medan,71.5,13,67.7,283,2019,2010,Adventure,"Xbox Series X|S, PlayStation 4, PC (Microsoft Windows), PlayStation 5, Xbox One, Nintendo Switch"
9332,Worms,worms--6,71.5,4,62.2,16,2007,2000,"Simulator, Strategy, Turn-based strategy (TBS), Arcade","PlayStation 3, iOS, Xbox 360"
3851,Catwoman,catwoman,71.4,8,58.0,20,2004,2000,Adventure,"Xbox, Nintendo GameCube, PC (Microsoft Windows), PlayStation 2"
9864,Cloudberry Kingdom,cloudberry-kingdom,71.4,7,60.1,14,2013,2010,"Platform, Puzzle, Adventure, Indie","PlayStation 3, PlayStation 4, PC (Microsoft Windows), PlayStation 5, Wii U, Xbox 360, Nintendo Switch"
16999,Conan Exiles,conan-exiles,71.4,11,69.9,106,2018,2010,"Fighting, Role-playing (RPG), Simulator, Strategy, Adventure","PlayStation 4, PC (Microsoft Windows), Xbox One"
2354,Deadlight,deadlight,71.4,7,69.7,131,2012,2010,"Platform, Puzzle, Adventure, Indie","PC (Microsoft Windows), Xbox 360"
19587,Destiny: Rise of Iron,destiny-rise-of-iron,71.4,23,70.5,19,2016,2010,"Shooter, Role-playing (RPG), Adventure","PlayStation 4, Xbox One"
6976,Dynasty Warriors 8,dynasty-warriors-8,71.4,7,70.3,18,2013,2010,"Hack and slash/Beat 'em up, Adventure","PlayStation 3, Xbox 360"
11193,Hyrule Warriors: Legends,hyrule-warriors-legends,71.4,11,71.4,14,2016,2010,"Strategy, Hack and slash/Beat 'em up",Nintendo 3DS
28323,Mega Man Legacy Collection 2,mega-man-legacy-collection-2,71.4,10,95.1,12,2017,2010,"Shooter, Platform","PlayStation 4, PC (Microsoft Windows), Xbox One, Nintendo Switch"
2173,New Super Luigi U,new-super-luigi-u,71.4,8,75.3,34,2013,2010,"Platform, Adventure",Wii U
127035,The Walking Dead: Michonne - Episode 3: What We Deserve,the-walking-dead-michonne-episode-3-what-we-deserve,71.4,5,70.0,7,2016,2010,"Point-and-click, Adventure","PlayStation 3, PlayStation 4, Android, PC (Microsoft Windows), iOS, Mac, Xbox 360, Xbox One"
17555,Black the Fall,black-the-fall,71.3,4,70.4,26,2017,2010,"Platform, Puzzle, Adventure, Indie","PlayStation 4, Linux, PC (Microsoft Windows), Mac, Xbox One, Nintendo Switch"
26725,Bleed 2,bleed-2,71.3,3,70.1,13,2017,2010,"Fighting, Shooter, Platform, Adventure, Indie, Arcade","PlayStation 4, Linux, PC (Microsoft Windows), Mac, Xbox One, Nintendo Switch"
10056,Blood of the Werewolf,blood-of-the-werewolf,71.3,4,50.0,3,2013,2010,"Platform, Indie","PlayStation 3, PC (Microsoft Windows), Wii U, PlayStation Vita, Xbox 360"
11176,Crossing Souls,crossing-souls,71.3,6,77.8,23,2018,2010,"Role-playing (RPG), Adventure, Indie, Arcade","PlayStation 4, Linux, PC (Microsoft Windows), Mac, PlayStation Vita, Nintendo Switch"
122035,Cyber Hook,cyber-hook,71.3,3,73.0,12,2020,2020,"Shooter, Platform, Racing, Indie, Arcade","PlayStation 4, PC (Microsoft Windows), Nintendo Switch"
6968,Doom 3: BFG Edition,doom-3-bfg-edition,71.3,3,77.8,87,2012,2010,Shooter,"PlayStation 3, Android, PC (Microsoft Windows), Xbox 360"
38045,Dream Daddy: A Dad Dating Simulator,dream-daddy-a-dad-dating-simulator,71.3,4,66.0,22,2017,2010,"Simulator, Adventure, Indie, Visual Novel","Linux, PC (Microsoft Windows), Mac, Nintendo Switch"
8261,Fractured Soul,fractured-soul,71.3,4,70.0,0,2012,2010,"Shooter, Platform, Adventure, Indie, Arcade","Nintendo 3DS, PC (Microsoft Windows)"
2126,Hotline Miami 2: Wrong Number,hotline-miami-2-wrong-number,71.3,13,78.4,463,2015,2010,"Shooter, Indie, Arcade","Google Stadia, Xbox Series X|S, PlayStation 3, PlayStation 4, Linux, PC (Microsoft Windows), PlayStation 5, Mac, PlayStation Vita, Xbox One, Nintendo Switch"
228531,Immortals of Aveum,immortals-of-aveum,71.3,6,69.9,31,2023,2020,"Shooter, Adventure","Xbox Series X|S, PC (Microsoft Windows), PlayStation 5"
10354,Killer Instinct,killer-instinct--1,71.3,8,82.1,45,2013,2010,Fighting,"PC (Microsoft Windows), Xbox One"
22362,Laser Disco Defenders,laser-disco-defenders,71.3,3,,,2016,2010,"Shooter, Indie, Arcade","PlayStation 4, PC (Microsoft Windows), Mac, PlayStation Vita"
2183,Mario Kart Wii,mario-kart-wii,71.3,4,79.9,598,2008,2000,Racing,Wii
51411,Marvel: Powers United VR,marvel-powers-united-vr,71.3,3,,,2018,2010,"Shooter, Hack and slash/Beat 'em up","PC (Microsoft Windows), Oculus Rift"
31430,Oh My Godheads,oh-my-godheads--1,71.3,3,50.0,0,2017,2010,"Fighting, Indie","PlayStation 4, PC (Microsoft Windows), Xbox One"
194837,One Piece Odyssey,one-piece-odyssey,71.3,7,83.7,15,2023,2020,"Role-playing (RPG), Adventure","Xbox Series X|S, PlayStation 4, PC (Microsoft Windows), PlayStation 5, Nintendo Switch"
15842,Perfect Universe,perfect-universe,71.3,3,70.0,0,2016,2010,"Sport, Indie","PlayStation 4, PC (Microsoft Windows)"
5113,Puzzle Kingdoms,puzzle-kingdoms,71.3,4,50.0,3,2009,2000,"Puzzle, Turn-based strategy (TBS)","Wii, PC (Microsoft Windows)"
971,Resident Evil: Dead Aim,resident-evil-dead-aim,71.3,3,58.8,40,2003,2000,Shooter,PlayStation 2
54775,Shadows: Awakening,shadows-awakening,71.3,4,69.8,20,2018,2010,"Role-playing (RPG), Hack and slash/Beat 'em up","PlayStation 4, PC (Microsoft Windows), Xbox One"
121481,Tasomachi: Behind the Twilight,tasomachi-behind-the-twilight,71.3,4,,,2021,2020,"Platform, Adventure","PlayStation 4, PC (Microsoft Windows), Xbox One, Nintendo Switch"
103018,Team Sonic Racing,team-sonic-racing,71.3,9,69.9,46,2019,2010,"Racing, Arcade","PlayStation 4, PC (Microsoft Windows), Xbox One, Nintendo Switch"
2346,The Last Tinker: City of Colors,the-last-tinker-city-of-colors,71.3,8,73.9,14,2014,2010,"Platform, Adventure, Indie","PlayStation 4, Linux, PC (Microsoft Windows), Mac"
5535,The Sims 2: Open for Business,the-sims-2-open-for-business,71.3,3,79.9,25,2006,2000,"Role-playing (RPG), Simulator, Strategy","PC (Microsoft Windows), Mac"
13143,The Sims 4: Get to Work,the-sims-4-get-to-work,71.3,3,77.5,22,2015,2010,"Role-playing (RPG), Simulator, Adventure","Xbox Series X|S, PlayStation 4, PC (Microsoft Windows), PlayStation 5, Mac, Xbox One"
51524,The Walking Dead: The Final Season,the-walking-dead-the-final-season,71.3,5,78.9,278,2018,2010,"Point-and-click, Adventure","PlayStation 4, PC (Microsoft Windows), Xbox One, Nintendo Switch"
2700,Tony Hawk's Proving Ground,tony-hawk-s-proving-ground,71.3,4,58.4,19,2007,2000,Sport,"PlayStation 3, Xbox 360"
76878,Vacation Simulator,vacation-simulator,71.3,3,76.3,6,2019,2010,"Puzzle, Simulator, Adventure","Meta Quest 2, PlayStation VR2, Windows Mixed Reality, PlayStation VR, visionOS, SteamVR, Oculus Rift, Oculus Quest"
152177,We Are OFK,we-are-ofk--1,71.3,4,,,2022,2020,"Point-and-click, Music, Simulator, Adventure, Indie, Visual Novel","PlayStation 4, PC (Microsoft Windows), PlayStation 5, Mac, Nintendo Switch"
103301,Wolfenstein: Youngblood,wolfenstein-youngblood,71.3,12,61.7,169,2019,2010,"Shooter, Adventure","Google Stadia, PlayStation 4, PC (Microsoft Windows), Xbox One, Nintendo Switch"
21444,Yu-Gi-Oh! World Championship 2007,yu-gi-oh-world-championship-2007,71.3,3,60.1,5,2007,2000,"Strategy, Turn-based strategy (TBS), Card & Board Game",Nintendo DS
8423,Jon Shafer's At the Gates,jon-shafers-at-the-gates,71.2,6,50.0,1,2019,2010,"Strategy, Turn-based strategy (TBS), Indie","Linux, PC (Microsoft Windows), iOS, Mac"
133307,The Ascent,the-ascent,71.2,9,71.8,89,2021,2020,"Shooter, Role-playing (RPG), Adventure, Indie","Xbox Series X|S, PlayStation 4, PC (Microsoft Windows), PlayStation 5, Xbox One"
2003,Batman: Arkham Origins,batman-arkham-origins,71.1,17,75.4,819,2013,2010,"Hack and slash/Beat 'em up, Adventure","PlayStation 3, PC (Microsoft Windows), Wii U, Xbox 360"
19534,Fallout 4: Nuka World,fallout-4-nuka-world,71.1,9,56.1,48,2016,2010,"Shooter, Role-playing (RPG)","PlayStation 4, PC (Microsoft Windows), Xbox One"
19525,Fe,fe,71.1,11,70.0,33,2018,2010,"Platform, Adventure","PlayStation 4, PC (Microsoft Windows), Xbox One, Nintendo Switch"
19518,Maize,maize,71.1,9,61.0,11,2016,2010,"Puzzle, Adventure, Indie","PlayStation 4, PC (Microsoft Windows), Xbox One"
19687,Star Fox Guard,star-fox-guard,71.1,7,70.0,6,2016,2010,"Shooter, Puzzle, Strategy",Wii U
996,Army of Two,army-of-two,71.0,5,66.1,110,2008,2000,"Shooter, Tactical","PlayStation 3, Xbox 360"
96018,Call of Duty: WWII - The War Machine DLC Pack 2,call-of-duty-wwii-the-war-machine-dlc-pack-2,71.0,3,,,2018,2010,Shooter,"PlayStation 4, PC (Microsoft Windows), Xbox One"
266684,Contra: Operation Galuga,contra-operation-galuga,71.0,5,70.3,9,2024,2020,"Shooter, Platform, Arcade","Xbox Series X|S, PlayStation 4, PC (Microsoft Windows), PlayStation 5, Xbox One, Nintendo Switch"
153824,Crash Drive 3,crash-drive-3,71.0,3,,,2021,2020,"Racing, Simulator, Sport, Indie, Arcade","Xbox Series X|S, PlayStation 4, Linux, Android, PC (Microsoft Windows), iOS, PlayStation 5, Mac, Xbox One, Nintendo Switch"
20839,Crimson Shroud,crimson-shroud,71.0,5,,,2012,2010,"Role-playing (RPG), Strategy, Adventure",Nintendo 3DS
198506,Disney Dreamlight Valley,disney-dreamlight-valley,71.0,4,79.7,42,2023,2020,"Role-playing (RPG), Simulator, Adventure","Xbox Series X|S, PlayStation 4, Nintendo Switch 2, PC (Microsoft Windows), iOS, PlayStation 5, Mac, Xbox One, Nintendo Switch"
9835,Draugen,draugen,71.0,5,66.8,38,2019,2010,"Puzzle, Adventure, Indie","PlayStation 4, PC (Microsoft Windows), Xbox One"
1651,GoldenEye 007: Reloaded,goldeneye-007-reloaded,71.0,5,77.1,21,2011,2010,Shooter,"PlayStation 3, Xbox 360"
27514,Gravel,gravel,71.0,4,74.2,20,2018,2010,"Racing, Simulator, Sport, Arcade","PlayStation 4, PC (Microsoft Windows), Xbox One"
86504,In Other Waters,in-other-waters,71.0,4,69.5,20,2020,2020,"Puzzle, Simulator, Adventure, Indie","PC (Microsoft Windows), Mac, Nintendo Switch"
75227,It's Quiz Time,its-quiz-time,71.0,3,70.0,1,2017,2010,"Strategy, Indie","PlayStation 4, PC (Microsoft Windows), Xbox One"
20079,King Oddball,king-oddball,71.0,5,70.5,9,2012,2010,"Puzzle, Indie","Xbox Series X|S, PlayStation 3, PlayStation 4, Linux, Windows Phone, Android, PC (Microsoft Windows), iOS, PlayStation 5, Mac, PlayStation Vita, Xbox One, Nintendo Switch"
24362,Letter Quest Remastered: Grimm's Journey,letter-quest-remastered-grimms-journey,71.0,4,77.0,4,2014,2010,"Puzzle, Role-playing (RPG), Strategy, Indie","PlayStation 4, PC (Microsoft Windows), Wii U, PlayStation Vita, Xbox One, Nintendo Switch"
5010,MLB Power Pros 2008,mlb-power-pros-2008,71.0,3,99.4,12,2008,2000,"Simulator, Sport","Wii, Nintendo DS, PlayStation 2"
204621,Minecraft: Legends,minecraft-legends,71.0,5,60.0,22,2023,2020,"Strategy, Arcade","Xbox Series X|S, PlayStation 4, PC (Microsoft Windows), PlayStation 5, Xbox One, Nintendo Switch"
120487,NASCAR Heat 4,nascar-heat-4,71.0,4,60.0,1,2019,2010,"Racing, Simulator","PlayStation 4, PC (Microsoft Windows), Xbox One"
171215,Outcast: A New Beginning,outcast-a-new-beginning,71.0,4,69.6,9,2024,2020,"Shooter, Role-playing (RPG), Adventure","Xbox Series X|S, PC (Microsoft Windows), PlayStation 5"
20532,Point Blank DS,point-blank-ds,71.0,3,73.0,2,2006,2000,Shooter,Nintendo DS
8980,Puzzle Quest: Galactrix,puzzle-quest-galactrix,71.0,5,50.1,7,2009,2000,"Puzzle, Role-playing (RPG), Strategy, Turn-based strategy (TBS)","PlayStation 3, PC (Microsoft Windows), Xbox 360, Nintendo DS"
7182,"Scene It? Lights, Camera, Action",scene-it-lights-camera-action,71.0,3,75.0,4,2007,2000,Quiz/Trivia,Xbox 360
8816,Screencheat,screencheat,71.0,4,77.8,17,2014,2010,"Shooter, Indie","PlayStation 4, Linux, PC (Microsoft Windows), Mac, Xbox One"
9231,Sid Meier's Pirates!,sid-meiers-pirates,71.0,4,75.3,39,1987,1980,"Role-playing (RPG), Simulator, Strategy, Adventure, Arcade","Apple IIGS, Commodore C64/128/MAX, Atari ST/STE, PC (Microsoft Windows), Mac, DOS, Amiga, Apple II, Amstrad CPC, Nintendo Entertainment System"
15177,SingStar: Country,singstar-country,71.0,3,,,2008,2000,Music,PlayStation 2
21235,Soul Nomad & the World Eaters,soul-nomad-and-the-world-eaters,71.0,3,,,2007,2000,"Role-playing (RPG), Strategy, Tactical","PlayStation 3, PC (Microsoft Windows), Nintendo Switch, PlayStation 2"
9244,Tembo the Badass Elephant,tembo-the-badass-elephant,71.0,11,72.0,7,2015,2010,"Platform, Adventure, Indie","PlayStation 4, PC (Microsoft Windows), Xbox One"
224,The Sims 2,the-sims-2,71.0,7,79.1,545,2004,2000,"Role-playing (RPG), Simulator, Strategy","PC (Microsoft Windows), Mac"
2347,Warp,warp,71.0,5,78.4,13,2012,2010,"Puzzle, Turn-based strategy (TBS), Adventure, Indie","PlayStation 3, PC (Microsoft Windows), iOS, Xbox 360"
20871,Zombie Army Trilogy,zombie-army-trilogy,71.0,5,65.2,40,2015,2010,"Shooter, Tactical, Adventure","PlayStation 4, PC (Microsoft Windows), Xbox One, Nintendo Switch"
7570,Assassin's Creed Rogue,assassins-creed-rogue,70.9,12,72.5,577,2014,2010,"Role-playing (RPG), Adventure","PlayStation 3, PC (Microsoft Windows), Xbox 360, Nintendo Switch"
5606,Assassin's Creed Unity,assassins-creed-unity,70.9,15,71.7,974,2014,2010,"Role-playing (RPG), Adventure","Google Stadia, Xbox Series X|S, PlayStation 4, PC (Microsoft Windows), PlayStation 5, Xbox One"
73262,Batman: The Enemy Within - Episode 2: The Pact,batman-the-enemy-within-episode-2-the-pact,70.9,8,,,2017,2010,"Point-and-click, Adventure","PlayStation 4, Android, PC (Microsoft Windows), iOS, Mac, Xbox One"
1277,Plants vs. Zombies,plants-vs-zombies,70.9,10,79.0,668,2009,2000,"Puzzle, Real Time Strategy (RTS), Strategy, Tactical","PlayStation 3, Windows Phone, Android, PC (Microsoft Windows), iOS, Mac, PlayStation Vita, Xbox 360, Nintendo DSi"
14360,1979 Revolution: Black Friday,1979-revolution-black-friday,70.8,4,79.2,32,2016,2010,"Adventure, Indie","PlayStation 4, Android, PC (Microsoft Windows), iOS, Mac, Xbox One, Nintendo Switch"
5749,Black,black,70.8,4,78.3,107,2006,2000,Shooter,"Xbox, PlayStation 2"
103338,Daemon X Machina,daemon-x-machina,70.8,10,70.0,67,2019,2010,"Shooter, Hack and slash/Beat 'em up, Adventure","PC (Microsoft Windows), Nintendo Switch"
194740,Deliver Us Mars,deliver-us-mars,70.8,4,74.8,38,2023,2020,"Platform, Adventure, Indie","Xbox Series X|S, PlayStation 4, PC (Microsoft Windows), PlayStation 5, Xbox One"
59853,Lichtspeer: Double Speer Edition,lichtspeer-double-speer-edition,70.8,5,73.0,0,2017,2010,"Shooter, Platform, Adventure, Indie, Arcade","Linux, PC (Microsoft Windows), Mac, Xbox One, Nintendo Switch"
2683,Mercenaries: Playground of Destruction,mercenaries-playground-of-destruction,70.8,4,75.0,51,2005,2000,Shooter,"Xbox, PlayStation 2"
5068,NHL 2K9,nhl-2k9,70.8,4,70.0,1,2008,2000,"Simulator, Sport","PlayStation 3, Wii, Xbox 360, PlayStation 2"
116797,Olympic Games Tokyo 2020: The Official Video Game,olympic-games-tokyo-2020-the-official-video-game,70.8,4,69.9,9,2019,2010,Sport,"Google Stadia, Xbox Series X|S, PlayStation 4, PC (Microsoft Windows), Xbox One, Nintendo Switch"
121618,Plants vs. Zombies: Battle for Neighborville,plants-vs-zombies-battle-for-neighborville,70.8,8,64.6,36,2019,2010,"Shooter, Strategy, Tactical","PlayStation 4, PC (Microsoft Windows), Xbox One, Nintendo Switch"
527,Serious Sam 3: BFE,serious-sam-3-bfe,70.8,6,70.0,177,2011,2010,"Shooter, Puzzle, Indie","PlayStation 3, Linux, PC (Microsoft Windows), Mac, Xbox 360"
12815,Stories: The Path of Destinies,stories-the-path-of-destinies,70.8,8,69.4,89,2016,2010,"Role-playing (RPG), Adventure, Indie","PlayStation 4, PC (Microsoft Windows), Xbox One"
2992,The Elder Scrolls V: Skyrim - Dawnguard,the-elder-scrolls-v-skyrim-dawnguard,70.8,8,78.1,113,2012,2010,Role-playing (RPG),"PlayStation 3, PC (Microsoft Windows), Xbox 360"
11703,The Incredible Adventures of Van Helsing III,the-incredible-adventures-of-van-helsing-iii,70.8,4,62.7,14,2015,2010,"Role-playing (RPG), Adventure, Indie","PlayStation 4, PC (Microsoft Windows), Mac, Xbox One"
555,Transformers: War for Cybertron,transformers-war-for-cybertron,70.8,8,73.9,76,2010,2010,"Shooter, Adventure","PlayStation 3, PC (Microsoft Windows), Xbox 360"
122635,Agent Intercept,agent-intercept,70.7,3,,,2019,2010,"Shooter, Racing, Arcade","Xbox Series X|S, PlayStation 4, PC (Microsoft Windows), iOS, PlayStation 5, Mac, Xbox One, Nintendo Switch"
151844,Alfred Hitchcock: Vertigo,alfred-hitchcock-vertigo,70.7,3,69.5,13,2021,2020,"Puzzle, Adventure, Visual Novel","Xbox Series X|S, PlayStation 4, PC (Microsoft Windows), PlayStation 5, Mac, Xbox One, Nintendo Switch"
23954,Assassin's Creed: The Ezio Collection,assassins-creed-the-ezio-collection,70.7,9,89.1,52,2016,2010,"Puzzle, Adventure","PlayStation 4, Xbox One, Nintendo Switch"
2924,Broken Sword 5: The Serpent's Curse,broken-sword-5-the-serpents-curse,70.7,14,72.4,80,2013,2010,"Point-and-click, Puzzle, Role-playing (RPG), Adventure","PlayStation 4, Linux, PC (Microsoft Windows), Mac, PlayStation Vita, Xbox One, Nintendo Switch"
18821,Capcom Arcade Cabinet,capcom-arcade-cabinet,70.7,3,,,2013,2010,"Platform, Arcade","PlayStation 3, Xbox 360"
8598,Citizens of Earth,citizens-of-earth,70.7,7,59.3,5,2015,2010,Role-playing (RPG),"PlayStation 4, Linux, Nintendo 3DS, PC (Microsoft Windows), Wii U, PlayStation Vita"
1973,Defiance,defiance,70.7,10,51.1,23,2013,2010,"Shooter, Role-playing (RPG), Strategy","PlayStation 3, PC (Microsoft Windows), Xbox 360"
250918,Farmagia,farmagia,70.7,3,,,2024,2020,"Role-playing (RPG), Adventure","PC (Microsoft Windows), PlayStation 5, Nintendo Switch"
19550,Just Dance 2017,just-dance-2017,70.7,7,76.7,30,2016,2010,Music,"PlayStation 3, PlayStation 4, Wii, PC (Microsoft Windows), Wii U, Xbox 360, Xbox One, Nintendo Switch"
134528,Kao the Kangaroo,kao-the-kangaroo--1,70.7,3,76.5,12,2022,2020,"Platform, Adventure, Arcade","Xbox Series X|S, PlayStation 4, PC (Microsoft Windows), PlayStation 5, Xbox One, Nintendo Switch"
10910,LEGO Worlds,lego-worlds,70.7,6,70.4,58,2017,2010,"Puzzle, Adventure","PlayStation 4, PC (Microsoft Windows), Xbox One, Nintendo Switch"
4989,Major League Baseball 2K8,major-league-baseball-2k8,70.7,3,,,2008,2000,"Simulator, Sport","PlayStation 3, Wii, PlayStation Portable, Xbox 360, PlayStation 2"
24867,Megatagmension Blanc + Neptune VS Zombies,megatagmension-blanc-plus-neptune-vs-zombies,70.7,3,69.9,5,2015,2010,Hack and slash/Beat 'em up,"PC (Microsoft Windows), PlayStation Vita"
228175,Starship Troopers: Extermination,starship-troopers-extermination,70.7,3,62.7,10,2024,2020,"Shooter, Indie","Xbox Series X|S, PC (Microsoft Windows), PlayStation 5"
13554,Styx: Shards of Darkness,styx-shards-of-darkness,70.7,14,73.9,39,2017,2010,"Role-playing (RPG), Adventure","PlayStation 4, PC (Microsoft Windows), Xbox One"
5202,Super Swing Golf,super-swing-golf,70.7,3,,,2006,2000,Sport,Wii
30264,The Station,the-station,70.7,3,49.4,9,2018,2010,"Puzzle, Simulator, Adventure, Indie","PlayStation 4, Linux, PC (Microsoft Windows), Mac, Xbox One, Nintendo Switch"
5232,Top Spin 3,top-spin-3,70.7,5,71.2,16,2008,2000,"Simulator, Sport","PlayStation 3, Xbox 360"
20963,Toto Temple Deluxe,toto-temple-deluxe,70.7,3,60.0,0,2014,2010,"Platform, Indie, Arcade","PlayStation 4, Ouya, PC (Microsoft Windows), Wii U, Xbox One"
19150,Vagante,vagante,70.7,3,80.5,16,2018,2010,"Platform, Role-playing (RPG), Adventure, Indie","PlayStation 4, Linux, PC (Microsoft Windows), Mac, Xbox One, Nintendo Switch"
26611,Birthdays the Beginning,birthdays-the-beginning,70.6,5,50.0,4,2017,2010,"Simulator, Strategy","PlayStation 4, PC (Microsoft Windows), Nintendo Switch"
11415,Blues and Bullets,blues-and-bullets,70.6,8,50.0,4,2015,2010,Adventure,"PlayStation 4, Linux, PC (Microsoft Windows), Mac, Xbox One"
27092,GreedFall,greedfall,70.6,11,73.0,190,2019,2010,"Role-playing (RPG), Strategy, Adventure","Xbox Series X|S, PlayStation 4, PC (Microsoft Windows), PlayStation 5, Xbox One"
542,LEGO Pirates of the Caribbean: The Video Game,lego-pirates-of-the-caribbean-the-video-game,70.6,5,76.2,133,2011,2010,"Platform, Puzzle, Adventure","PlayStation 3, Wii, PC (Microsoft Windows), Mac, Xbox 360"
7618,Never Alone: Kisima Ingitchuna,never-alone-kisima-ingitchuna,70.6,10,70.7,180,2014,2010,"Platform, Puzzle, Adventure, Indie","PlayStation 3, PlayStation 4, Linux, Android, PC (Microsoft Windows), iOS, Mac, Wii U, Xbox One"
11183,Ronin,ronin,70.6,7,69.2,14,2015,2010,"Platform, Puzzle, Strategy, Tactical, Indie, Arcade","PlayStation 4, Linux, PC (Microsoft Windows), Mac"
6057,Shadow Warrior,shadow-warrior-4a585c08-b9c8-4f94-9bed-4461ac7e6a4c,70.6,8,76.7,217,2013,2010,"Shooter, Puzzle, Adventure","PlayStation 4, Linux, PC (Microsoft Windows), Mac, Xbox One"
18614,Stikbold! A Dodgeball Adventure,stikbold-a-dodgeball-adventure,70.6,5,74.8,19,2016,2010,"Sport, Adventure, Indie","PlayStation 4, PC (Microsoft Windows), Mac, Xbox One"
9080,The Detail,the-detail,70.6,5,79.6,9,2014,2010,"Point-and-click, Adventure, Indie","PC (Microsoft Windows), Mac"
36707,The Fidelio Incident,the-fidelio-incident,70.6,5,70.3,13,2017,2010,"Adventure, Indie",PC (Microsoft Windows)
104231,Danger Zone 2,danger-zone-2,70.5,4,70.0,0,2018,2010,"Racing, Indie, Arcade","PlayStation 4, PC (Microsoft Windows), Xbox One"
25580,Forager,forager,70.5,4,74.7,96,2019,2010,"Puzzle, Role-playing (RPG), Simulator, Strategy, Adventure, Indie","PlayStation 4, Linux, Android, PC (Microsoft Windows), iOS, Xbox One, Nintendo Switch"
6517,JoJo's Bizarre Adventure: All Star Battle,jojo-s-bizarre-adventure-all-star-battle,70.5,6,85.6,21,2013,2010,"Fighting, Arcade",PlayStation 3
1915,Lost Planet 2,lost-planet-2,70.5,6,69.6,62,2010,2010,"Shooter, Adventure","PlayStation 3, Linux, PC (Microsoft Windows), Xbox 360"
1794,Ratchet & Clank Future: Quest for Booty,ratchet-clank-future-quest-for-booty,70.5,4,69.9,103,2008,2000,"Shooter, Platform, Adventure",PlayStation 3
854,Sam & Max: Beyond Time and Space,sam-max-beyond-time-and-space,70.5,4,79.9,31,2008,2000,"Point-and-click, Adventure","PlayStation 3, Wii, PC (Microsoft Windows), iOS, Xbox 360, Xbox One"
4164,Sphinx and the Cursed Mummy,sphinx-and-the-cursed-mummy,70.5,3,79.9,13,2003,2000,"Platform, Puzzle, Role-playing (RPG), Adventure","Xbox, Nintendo GameCube, Linux, PC (Microsoft Windows), Mac, PlayStation 2"
26922,Sublevel Zero: Redux,sublevel-zero-redux,70.5,4,80.0,1,2015,2010,"Shooter, Simulator, Adventure, Indie, Arcade","PlayStation 4, Linux, PC (Microsoft Windows), Mac, Xbox One, Nintendo Switch"
37024,Super Lucky's Tale,super-luckys-tale,70.5,6,70.2,31,2017,2010,"Platform, Adventure","PC (Microsoft Windows), Xbox One"
14366,Until Dawn: Rush of Blood,until-dawn-rush-of-blood,70.5,11,67.5,26,2016,2010,Shooter,PlayStation VR
8223,Assassin's Creed Chronicles: China,assassins-creed-chronicles-china--1,70.4,8,70.2,130,2015,2010,"Platform, Role-playing (RPG), Adventure","PlayStation 4, PC (Microsoft Windows), PlayStation Vita, Xbox One"
6959,Dark Sector,dark-sector,70.4,5,67.8,79,2008,2000,Shooter,"PlayStation 3, PC (Microsoft Windows), Xbox 360"
26972,Death Squared,death-squared,70.4,7,78.5,16,2017,2010,"Platform, Puzzle, Strategy, Tactical, Indie","PlayStation 4, Linux, Android, PC (Microsoft Windows), iOS, Mac, Xbox One, Nintendo Switch"
122311,Exit the Gungeon,exit-the-gungeon,70.4,5,63.4,12,2020,2020,"Shooter, Platform, Adventure, Indie, Arcade","Xbox Series X|S, PlayStation 4, Android, PC (Microsoft Windows), iOS, Xbox One, Nintendo Switch"
1827,Remember Me,remember-me,70.4,12,73.3,275,2013,2010,"Platform, Adventure","PlayStation 3, PC (Microsoft Windows), Xbox 360"
24017,The Bunker,the-bunker,70.4,11,59.2,26,2016,2010,"Simulator, Adventure, Indie","PlayStation 4, PC (Microsoft Windows), iOS, PlayStation 5, Mac, Xbox One, Nintendo Switch"
2175,The Cave,the-cave,70.4,11,71.5,79,2013,2010,"Platform, Puzzle, Adventure","PlayStation 3, Ouya, Linux, Android, PC (Microsoft Windows), iOS, Mac, Wii U, Xbox 360, Xbox One"
1081,The Elder Scrolls Online,the-elder-scrolls-online,70.4,16,71.9,358,2014,2010,"Role-playing (RPG), Adventure","Google Stadia, Xbox Series X|S, PlayStation 4, PC (Microsoft Windows), PlayStation 5, Mac, Xbox One"
9647,Volume,volume,70.4,10,69.8,15,2015,2010,"Puzzle, Tactical, Indie","PlayStation 4, PlayStation VR, PC (Microsoft Windows), Mac, PlayStation Vita"
11666,Ashes of the Singularity,ashes-of-the-singularity,70.3,6,69.9,8,2016,2010,"Real Time Strategy (RTS), Simulator, Strategy, Indie",PC (Microsoft Windows)
21712,Dynasty Warriors 8: Xtreme Legends Complete Edition,dynasty-warriors-8-xtreme-legends-complete-edition,70.3,4,88.4,6,2013,2010,Hack and slash/Beat 'em up,"PlayStation 3, PlayStation 4, PC (Microsoft Windows), PlayStation Vita"
7675,Hard West,hard-west,70.3,7,69.0,21,2015,2010,"Role-playing (RPG), Strategy, Turn-based strategy (TBS), Tactical, Adventure, Indie","PlayStation 4, Linux, PC (Microsoft Windows), Mac, Xbox One, Nintendo Switch"
2913,Leisure Suit Larry: Magna Cum Laude,leisure-suit-larry-magna-cum-laude,70.3,4,60.6,43,2004,2000,"Point-and-click, Simulator, Adventure","Xbox, PC (Microsoft Windows), PlayStation 2"
19919,Metrico,metrico,70.3,6,,,2014,2010,"Platform, Puzzle",PlayStation Vita
27192,My Memory of Us,my-memory-of-us,70.3,4,73.3,21,2018,2010,"Platform, Puzzle, Adventure, Indie","PlayStation 4, PC (Microsoft Windows), iOS, Xbox One, Nintendo Switch"
7119,NHL 2K8,nhl-2k8,70.3,4,62.8,5,2007,2000,Sport,"PlayStation 3, Xbox 360, PlayStation 2"
19626,Naruto: Ultimate Ninja 3,naruto-ultimate-ninja-3,70.3,3,72.7,64,2005,2000,Fighting,PlayStation 2
5317,Ninja Gaiden 3: Razor's Edge,ninja-gaiden-3-razor-s-edge,70.3,11,71.2,20,2012,2010,"Hack and slash/Beat 'em up, Adventure","PlayStation 3, PlayStation 4, PC (Microsoft Windows), Wii U, Xbox 360, Xbox One, Nintendo Switch"
141539,Open Roads,open-roads,70.3,4,68.6,28,2024,2020,"Adventure, Indie","Xbox Series X|S, PlayStation 4, PC (Microsoft Windows), PlayStation 5, Xbox One, Nintendo Switch"
155706,Potion Permit,potion-permit--1,70.3,3,38.8,15,2022,2020,"Puzzle, Role-playing (RPG), Simulator, Hack and slash/Beat 'em up, Adventure","Xbox Series X|S, PlayStation 4, Android, PC (Microsoft Windows), iOS, PlayStation 5, Xbox One, Nintendo Switch"
9721,Project X Zone 2,project-x-zone-2,70.3,6,77.9,13,2015,2010,"Role-playing (RPG), Strategy, Turn-based strategy (TBS)",Nintendo 3DS
11588,Quiplash,quiplash,70.3,3,79.6,25,2015,2010,"Strategy, Quiz/Trivia, Indie","Amazon Fire TV, PlayStation 3, PlayStation 4, Linux, PC (Microsoft Windows), Mac, Xbox One, Nintendo Switch"
15108,Resident Evil 0,resident-evil-0,70.3,18,73.2,218,2016,2010,"Shooter, Puzzle, Adventure","PlayStation 3, PlayStation 4, PC (Microsoft Windows), Xbox 360, Xbox One, Nintendo Switch"
21654,Resident Evil 5: Desperate Escape,resident-evil-5-desperate-escape,70.3,3,64.5,22,2010,2010,"Shooter, Adventure","PlayStation 3, PC (Microsoft Windows), Xbox 360"
26298,Sea of Solitude,sea-of-solitude,70.3,9,64.9,59,2019,2010,"Adventure, Indie","PlayStation 4, PC (Microsoft Windows), Xbox One"
9460,Stronghold 2,stronghold-2,70.3,3,71.7,63,2005,2000,"Real Time Strategy (RTS), Simulator, Strategy",PC (Microsoft Windows)
23796,Super Mario Run,super-mario-run,70.3,9,65.3,126,2016,2010,"Platform, Adventure, Arcade","Android, iOS"
135996,The Outer Worlds: Peril on Gorgon,the-outer-worlds-peril-on-gorgon,70.3,4,73.5,14,2020,2020,"Shooter, Role-playing (RPG)","Xbox Series X|S, PlayStation 4, PC (Microsoft Windows), Xbox One, Nintendo Switch"
464,Vietcong: Fist Alpha,vietcong-fist-alpha,70.3,3,70.2,14,2004,2000,Shooter,PC (Microsoft Windows)
15823,Where the Water Tastes Like Wine,where-the-water-tastes-like-wine,70.3,9,66.6,17,2018,2010,"Puzzle, Role-playing (RPG), Adventure, Indie","PlayStation 4, Linux, PC (Microsoft Windows), Mac, Xbox One, Nintendo Switch"
1919,Deadpool,deadpool,70.2,13,70.2,223,2013,2010,"Shooter, Hack and slash/Beat 'em up, Adventure","PlayStation 3, PlayStation 4, PC (Microsoft Windows), Xbox 360, Xbox One"
54580,Megaton Rainfall,megaton-rainfall,70.2,6,69.8,7,2017,2010,"Shooter, Simulator, Indie","PlayStation 4, PlayStation VR, PC (Microsoft Windows), SteamVR, Oculus Rift, Xbox One, Nintendo Switch"
22017,Metrico+,metrico-plus,70.2,5,50.0,4,2016,2010,"Music, Platform, Puzzle, Adventure, Indie","PlayStation 4, PC (Microsoft Windows), Mac, Xbox One"
43165,My Time at Portia,my-time-at-portia,70.2,10,79.2,113,2019,2010,"Role-playing (RPG), Simulator, Adventure, Indie","PlayStation 4, Android, PC (Microsoft Windows), iOS, Mac, Xbox One, Nintendo Switch"
86442,Smoke and Sacrifice,smoke-and-sacrifice,70.2,6,69.9,9,2018,2010,"Role-playing (RPG), Adventure, Indie","PlayStation 4, PC (Microsoft Windows), Xbox One, Nintendo Switch"
3057,Wet,wet,70.2,5,50.2,43,2009,2000,Shooter,"PlayStation 3, Xbox 360"
102321,LEGO DC Super-Villains,lego-dc-super-villains,70.1,9,76.3,42,2018,2010,"Puzzle, Hack and slash/Beat 'em up, Adventure","PlayStation 4, PC (Microsoft Windows), Mac, Xbox One, Nintendo Switch"
6045,Not a Hero,not-a-hero,70.1,11,69.7,44,2015,2010,"Shooter, Tactical, Adventure, Indie, Arcade","PlayStation 4, Linux, PC (Microsoft Windows), Mac, Xbox One"
44129,Super Meat Boy Forever,super-meat-boy-forever,70.1,7,76.4,25,2020,2020,"Platform, Puzzle, Adventure, Indie","PlayStation 4, Android, PC (Microsoft Windows), iOS, Xbox One, Nintendo Switch"
16745,101 Ways to Die,101-ways-to-die,70.0,3,60.0,0,2016,2010,"Platform, Puzzle, Strategy, Indie","PlayStation 4, PC (Microsoft Windows), Xbox One"
294453,A Quiet Place: The Road Ahead,a-quiet-place-the-road-ahead,70.0,4,69.7,15,2024,2020,Adventure,"Xbox Series X|S, PC (Microsoft Windows), PlayStation 5"
37059,Age of Empires: Definitive Edition,age-of-empires-definitive-edition,70.0,4,81.0,72,2018,2010,"Real Time Strategy (RTS), Simulator, Strategy, Adventure",PC (Microsoft Windows)
27031,Arelite Core,arelite-core,70.0,3,70.0,0,2017,2010,"Role-playing (RPG), Indie",PC (Microsoft Windows)
21177,Art Style: Rotohex,art-style-rotohex,70.0,3,,,2008,2000,Puzzle,Wii
18655,Assault Suit Leynos,assault-suit-leynos,70.0,3,,,2015,2010,"Shooter, Arcade","PlayStation 4, PC (Microsoft Windows)"
16265,Astro Tripper,astro-tripper,70.0,3,50.0,3,2008,2000,"Shooter, Indie, Arcade","PlayStation 3, Linux, PC (Microsoft Windows)"
4708,Battalion Wars 2,battalion-wars-2,70.0,3,75.0,3,2007,2000,"Shooter, Real Time Strategy (RTS), Simulator, Strategy",Wii
9068,Battle Princess of Arcadias,battle-princess-of-arcadias,70.0,6,,,2013,2010,"Fighting, Platform, Role-playing (RPG), Adventure",PlayStation 3
3038,Battlefield 3: Aftermath,battlefield-3-aftermath,70.0,3,77.9,25,2012,2010,Shooter,"PlayStation 3, PC (Microsoft Windows), Xbox 360"
4223,Battlestations: Midway,battlestations-midway,70.0,3,75.8,16,2007,2000,"Real Time Strategy (RTS), Simulator, Strategy","PC (Microsoft Windows), Mac, Xbox 360"
4222,Battlestations: Pacific,battlestations-pacific,70.0,4,80.5,9,2009,2000,"Real Time Strategy (RTS), Simulator, Strategy, Tactical","PC (Microsoft Windows), Mac, Xbox 360"
18860,Beat Cop,beat-cop,70.0,6,66.4,37,2017,2010,"Point-and-click, Puzzle, Simulator, Adventure, Indie","PlayStation 4, Linux, Android, PC (Microsoft Windows), iOS, Mac, Xbox One, Nintendo Switch"
18549,Big Bang Mini,big-bang-mini,70.0,3,83.0,3,2009,2000,"Shooter, Puzzle, Arcade",Nintendo DS
5753,Blitz: The League,blitz-the-league,70.0,3,70.0,7,2005,2000,Sport,"Xbox, Wii, PlayStation 2"
361820,Bubsy 4D,bubsy-4d,70.0,3,,,2026,2020,"Platform, Adventure, Indie","Xbox Series X|S, PlayStation 4, Nintendo Switch 2, PC (Microsoft Windows), PlayStation 5, Xbox One, Nintendo Switch"
81247,Candleman: The Complete Journey,candleman-the-complete-journey,70.0,3,72.9,9,2018,2010,"Platform, Puzzle, Role-playing (RPG), Adventure, Indie","PC (Microsoft Windows), Mac"
28075,Cars 3: Driven to Win,cars-3-driven-to-win,70.0,4,73.6,5,2017,2010,Racing,"PlayStation 3, PlayStation 4, Wii U, Xbox 360, Xbox One, Nintendo Switch"
3222,Chasm,chasm,70.0,8,68.6,51,2018,2010,"Platform, Role-playing (RPG), Adventure, Indie","PlayStation 4, Linux, PC (Microsoft Windows), Mac, PlayStation Vita, Xbox One, Nintendo Switch"
106847,Coffee Talk,coffee-talk,70.0,4,71.8,88,2020,2020,"Simulator, Adventure, Indie, Visual Novel","PlayStation 4, Android, PC (Microsoft Windows), iOS, PlayStation 5, Mac, Xbox One, Nintendo Switch"
10103,Concursion,concursion,70.0,3,70.0,1,2014,2010,"Shooter, Platform, Hack and slash/Beat 'em up, Indie","PC (Microsoft Windows), Mac"
334670,Cthulhu: The Cosmic Abyss,cthulhu-the-cosmic-abyss,70.0,3,,,2026,2020,Adventure,"Xbox Series X|S, PC (Microsoft Windows), PlayStation 5"
16470,Curses 'N Chaos,curses-n-chaos,70.0,4,50.0,3,2015,2010,"Hack and slash/Beat 'em up, Indie, Arcade","PlayStation 4, PC (Microsoft Windows), Mac, PlayStation Vita"
6779,Dance Dance Revolution Supernova,dance-dance-revolution-supernova,70.0,3,70.2,6,2006,2000,"Music, Arcade","Arcade, PlayStation 2"
118668,Dark Nights with Poe and Munro,dark-nights-with-poe-and-munro,70.0,3,65.2,8,2020,2020,"Adventure, Indie, Arcade","PlayStation 4, PC (Microsoft Windows), iOS, Xbox One, Nintendo Switch"
110503,Degrees of Separation,degrees-of-separation,70.0,3,76.4,11,2019,2010,"Platform, Puzzle, Adventure, Indie, Arcade","PlayStation 4, PC (Microsoft Windows), Xbox One, Nintendo Switch"
2651,Destroy All Humans!,destroy-all-humans,70.0,5,72.2,71,2005,2000,Adventure,"Xbox, PlayStation 4, PlayStation 2"
105417,Digimon Survive,digimon-survive,70.0,3,67.4,29,2022,2020,"Role-playing (RPG), Visual Novel","PlayStation 4, PC (Microsoft Windows), Xbox One, Nintendo Switch"
17734,Dokuro,dokuro,70.0,3,60.0,2,2012,2010,"Puzzle, Strategy, Adventure","PC (Microsoft Windows), PlayStation Vita, Nintendo Switch"
19314,Dragon Ball Fusions,dragon-ball-fusions,70.0,4,61.0,16,2016,2010,"Role-playing (RPG), Adventure",Nintendo 3DS
16585,Dragon Quest V: Hand of the Heavenly Bride,dragon-quest-v-hand-of-the-heavenly-bride,70.0,4,84.7,29,2008,2000,"Role-playing (RPG), Adventure","Android, iOS, Nintendo DS"
8768,Drakensang: The Dark Eye,drakensang-the-dark-eye,70.0,4,73.0,37,2008,2000,"Role-playing (RPG), Adventure",PC (Microsoft Windows)
2017,Dungeonland,dungeonland,70.0,4,50.0,3,2013,2010,"Role-playing (RPG), Strategy","PC (Microsoft Windows), Mac"
215894,Dust & Neon,dust-and-neon,70.0,3,,,2023,2020,"Shooter, Role-playing (RPG), Adventure, Indie","Xbox Series X|S, Android, PC (Microsoft Windows), iOS, PlayStation 5, Nintendo Switch"
6977,Dynasty Warriors: Gundam,dynasty-warriors-gundam,70.0,5,59.8,14,2007,2000,"Role-playing (RPG), Hack and slash/Beat 'em up, Adventure","PlayStation 3, Xbox 360, PlayStation 2"
255901,EA Sports UFC 5,ea-sports-ufc-5,70.0,3,73.6,13,2023,2020,"Fighting, Simulator, Sport","Xbox Series X|S, PlayStation 5"
5584,Earth Defense Force: Insect Armageddon,earth-defense-force-insect-armageddon,70.0,6,70.0,14,2011,2010,Shooter,"PlayStation 3, PC (Microsoft Windows), Xbox 360, Xbox One"
111866,Effie,effie,70.0,4,62.5,7,2019,2010,"Platform, Puzzle, Adventure, Indie","PlayStation 4, PC (Microsoft Windows), Xbox One, Nintendo Switch"
4833,Endless Ocean: Blue World,endless-ocean-blue-world,70.0,3,90.0,12,2009,2000,"Simulator, Adventure",Wii
145063,Epic Chef,epic-chef,70.0,3,,,2021,2020,"Simulator, Adventure, Indie","PlayStation 4, PC (Microsoft Windows), Xbox One, Nintendo Switch"
4837,F1 2009,f1-2009,70.0,4,60.2,9,2009,2000,"Racing, Simulator","Wii, iOS, PlayStation Vita, PlayStation Portable"
5311,F1 Race Stars,f1-race-stars,70.0,6,54.0,21,2012,2010,"Racing, Sport, Arcade","PlayStation 3, PC (Microsoft Windows), Wii U, Xbox 360"
41830,Final Fantasy Fables: Chocobo Tales,final-fantasy-fables-chocobo-tales,70.0,3,65.4,8,2006,2000,"Adventure, Card & Board Game",Nintendo DS
401,Final Fantasy: Crystal Chronicles - The Crystal Bearers,final-fantasy-crystal-chronicles-the-crystal-bearers,70.0,3,60.3,11,2009,2000,"Role-playing (RPG), Adventure",Wii
165479,Forgive Me Father,forgive-me-father,70.0,3,69.9,26,2021,2020,"Shooter, Indie","PlayStation 4, PC (Microsoft Windows), Xbox One, Nintendo Switch"
204360,Goat Simulator 3,goat-simulator-3,70.0,3,69.9,52,2022,2020,"Simulator, Adventure","Xbox Series X|S, PlayStation 4, Nintendo Switch 2, Android, PC (Microsoft Windows), iOS, PlayStation 5, Nintendo Switch"
988,Halo Wars,halo-wars,70.0,6,74.4,143,2009,2000,"Real Time Strategy (RTS), Strategy",Xbox 360
25240,HoPiKo,hopiko,70.0,3,70.0,0,2015,2010,"Platform, Indie, Arcade","PlayStation 4, PC (Microsoft Windows), iOS, Mac, Xbox One, Nintendo Switch"
252986,Just Dance 2024 Edition,just-dance-2024-edition,70.0,3,,,2023,2020,Music,"Xbox Series X|S, PlayStation 5, Nintendo Switch"
2705,Just Dance 3,just-dance-3,70.0,5,72.5,24,2011,2010,Music,"PlayStation 3, Xbox 360"
19544,Killing Floor: Incursion,killing-floor-incursion,70.0,5,50.0,3,2017,2010,"Shooter, Hack and slash/Beat 'em up","Oculus VR, PlayStation 4, PlayStation VR, PC (Microsoft Windows), SteamVR, Oculus Rift"
20286,Kingdom Hearts Re:Chain of Memories,kingdom-hearts-re-chain-of-memories,70.0,3,70.9,84,2007,2000,"Role-playing (RPG), Tactical, Card & Board Game",PlayStation 2
6844,LEGO Star Wars III: The Clone Wars,lego-star-wars-iii-the-clone-wars,70.0,3,74.1,129,2011,2010,"Platform, Hack and slash/Beat 'em up, Adventure","PlayStation 3, Wii, PC (Microsoft Windows), Mac, Xbox 360"
2449,Lightning Returns: Final Fantasy XIII,lightning-returns-final-fantasy-xiii,70.0,13,70.8,104,2013,2010,Role-playing (RPG),"PlayStation 3, PC (Microsoft Windows), Xbox 360"
20736,Little Deviants,little-deviants,70.0,3,60.1,5,2011,2010,"Shooter, Arcade",PlayStation Vita
9887,Lunar Knights,lunar-knights,70.0,3,54.3,9,2006,2000,Role-playing (RPG),Nintendo DS
15043,Making History: The Calm & The Storm,making-history-the-calm-and-the-storm,70.0,3,80.0,4,2007,2000,"Shooter, Simulator, Strategy",PC (Microsoft Windows)
15861,Massive Chalice,massive-chalice,70.0,3,60.2,17,2015,2010,"Simulator, Strategy, Turn-based strategy (TBS), Tactical, Adventure, Indie","Linux, PC (Microsoft Windows), Mac, Xbox One"
143858,Mayhem Brawler,mayhem-brawler,70.0,3,70.1,7,2021,2020,"Fighting, Hack and slash/Beat 'em up, Indie, Arcade","Xbox Series X|S, PlayStation 4, PC (Microsoft Windows), PlayStation 5, Xbox One, Nintendo Switch"
1166,Meteos: Disney Magic,meteos-disney-magic,70.0,3,64.0,3,2007,2000,Puzzle,Nintendo DS
54789,MudRunner,mudrunner,70.0,4,77.2,60,2017,2010,"Racing, Simulator, Strategy","Xbox Series X|S, PlayStation 4, Android, PC (Microsoft Windows), iOS, PlayStation 5, Xbox One, Nintendo Switch"
17123,Munin,munin,70.0,4,60.0,11,2014,2010,"Platform, Puzzle, Adventure, Indie","Linux, Android, PC (Microsoft Windows), iOS, Mac"
19889,Mystery Castle,mystery-castle,70.0,3,,,2016,2010,"Puzzle, Adventure, Indie","PC (Microsoft Windows), Mac, Xbox One"
18386,Naruto: Ultimate Ninja,naruto-ultimate-ninja,70.0,3,67.7,57,2003,2000,"Fighting, Hack and slash/Beat 'em up",PlayStation 2
20603,Okabu,okabu,70.0,3,,,2011,2010,"Puzzle, Adventure",PlayStation 3
20021,Operation Abyss: New Tokyo Legacy,operation-abyss-new-tokyo-legacy,70.0,7,60.0,0,2015,2010,"Role-playing (RPG), Adventure","PC (Microsoft Windows), PlayStation Vita"
21091,Phantasy Star 0,phantasy-star-0,70.0,3,58.3,5,2008,2000,"Role-playing (RPG), Hack and slash/Beat 'em up",Nintendo DS
2163,Proteus,proteus,70.0,4,58.2,36,2013,2010,"Adventure, Indie","PlayStation 3, Linux, PC (Microsoft Windows), Mac, PlayStation Vita"
970,Resident Evil Zero,resident-evil-zero,70.0,3,78.8,137,2002,2000,"Shooter, Puzzle, Adventure",Nintendo GameCube
116026,Resident Evil: Revelations 2 - Episode 3: Judgment,resident-evil-revelations-2-episode-3-judgment,70.0,4,79.5,5,2015,2010,"Shooter, Adventure","PlayStation 3, PlayStation 4, PC (Microsoft Windows), Xbox 360, Xbox One"
975,Resident Evil: The Umbrella Chronicles,resident-evil-the-umbrella-chronicles,70.0,3,68.3,70,2007,2000,Shooter,"PlayStation 3, Wii, Wii U"
121996,Resolutiion,resolutiion,70.0,3,,,2020,2020,"Fighting, Role-playing (RPG), Adventure, Indie","Linux, PC (Microsoft Windows), Mac, Nintendo Switch"
5130,Rooms: The Main Building,rooms-the-main-building,70.0,3,60.0,1,2008,2000,"Puzzle, Adventure, Indie","Wii, PC (Microsoft Windows), Mac, Nintendo DS"
8242,SOCOM: U.S. Navy SEALs - Combined Assault,socom-us-navy-seals-combined-assault,70.0,4,80.0,5,2006,2000,"Shooter, Strategy, Tactical",PlayStation 2
20340,Scrap Garden,scrap-garden,70.0,5,50.0,4,2016,2010,"Platform, Puzzle, Adventure, Indie","PlayStation 4, Linux, PC (Microsoft Windows), Mac, Xbox One, Nintendo Switch"
6585,Scurge: Hive,scurge-hive,70.0,3,77.0,3,2006,2000,Adventure,"Game Boy Advance, Nintendo DS"
27242,Shovel Knight Showdown,shovel-knight-showdown,70.0,4,,,2019,2010,"Fighting, Platform, Adventure, Indie","PlayStation 3, PlayStation 4, Linux, PC (Microsoft Windows), Mac, Wii U, Xbox One, Nintendo Switch"
20106,SimCity: Cities of Tomorrow,simcity-cities-of-tomorrow,70.0,3,,,2013,2010,"Real Time Strategy (RTS), Simulator","PC (Microsoft Windows), Mac"
107141,Spirit of the North,spirit-of-the-north,70.0,3,76.3,39,2019,2010,"Puzzle, Adventure, Indie","PlayStation 4, PC (Microsoft Windows), Nintendo Switch"
7191,Splatterhouse,splatterhouse,70.0,5,71.4,23,2010,2010,"Fighting, Hack and slash/Beat 'em up","PlayStation 3, Xbox 360"
174,Star Wars: Empire at War - Forces of Corruption,star-wars-empire-at-war-forces-of-corruption,70.0,4,79.8,20,2006,2000,"Real Time Strategy (RTS), Strategy",PC (Microsoft Windows)
17959,Stealth Inc 2: A Game of Clones,stealth-inc-2-a-game-of-clones,70.0,5,78.6,10,2014,2010,"Platform, Puzzle, Adventure, Indie","PlayStation 3, PlayStation 4, Windows Phone, Android, PC (Microsoft Windows), Wii U, PlayStation Vita, Xbox One"
19619,Steambot Chronicles,steambot-chronicles,70.0,3,95.5,9,2005,2000,"Role-playing (RPG), Adventure",PlayStation 2
138235,Super Mario Bros. 35,super-mario-bros-35,70.0,4,61.9,42,2020,2020,Platform,Nintendo Switch
19975,Swords & Soldiers II,swords-and-soldiers-ii,70.0,3,75.0,0,2015,2010,"Puzzle, Real Time Strategy (RTS), Strategy",Wii U
28592,Tesla vs Lovecraft,tesla-vs-lovecraft,70.0,5,79.9,13,2018,2010,"Shooter, Role-playing (RPG), Indie, Arcade","PlayStation 4, Linux, Android, PC (Microsoft Windows), iOS, Mac, Xbox One, Nintendo Switch"
9043,The Blackwell Legacy,the-blackwell-legacy,70.0,3,80.9,67,2006,2000,"Point-and-click, Puzzle, Adventure, Indie","Linux, Android, PC (Microsoft Windows), iOS, Mac"
4769,The Conduit,the-conduit,70.0,5,70.0,16,2009,2000,"Shooter, Puzzle","Wii, Android"
106296,The Council: Episode 3 - Ripples,the-council-episode-3-ripples,70.0,3,,,2018,2010,"Role-playing (RPG), Adventure","PlayStation 4, PC (Microsoft Windows), Xbox One"
6730,The Crow's Eye,the-crow-s-eye,70.0,3,70.0,2,2017,2010,"Puzzle, Adventure, Indie",PC (Microsoft Windows)
28067,The Fall Part 2: Unbound,the-fall-part-2-unbound,70.0,6,70.2,14,2018,2010,"Puzzle, Role-playing (RPG), Adventure, Indie","PlayStation 4, Linux, PC (Microsoft Windows), Mac, Wii U, Xbox One, Nintendo Switch"
19301,The Long Journey Home,the-long-journey-home,70.0,5,58.2,13,2017,2010,"Role-playing (RPG), Simulator, Strategy, Adventure, Indie","PlayStation 4, PC (Microsoft Windows), Mac, Xbox One, Nintendo Switch"
87499,The Missing: J.J. Macfield and the Island of Memories,the-missing-jj-macfield-and-the-island-of-memories,70.0,4,79.8,22,2018,2010,"Platform, Puzzle, Adventure, Indie","PlayStation 4, PC (Microsoft Windows), Xbox One, Nintendo Switch"
116413,The Red Lantern,the-red-lantern,70.0,4,59.4,6,2020,2020,"Simulator, Adventure, Indie","PC (Microsoft Windows), Nintendo Switch"
5532,The Sims: Superstar,the-sims-superstar,70.0,3,69.8,18,2003,2000,"Role-playing (RPG), Simulator, Strategy","PC (Microsoft Windows), Mac"
18225,The Sinking City,the-sinking-city,70.0,15,70.4,126,2019,2010,"Shooter, Puzzle, Role-playing (RPG), Adventure","Xbox Series X|S, PlayStation 4, PC (Microsoft Windows), PlayStation 5, Xbox One, Nintendo Switch"
5226,Tiger Woods PGA Tour 13,tiger-woods-pga-tour-13,70.0,6,70.0,2,2012,2010,"Simulator, Sport","PlayStation 3, Xbox 360"
7466,Time Crisis 4,time-crisis-4,70.0,3,61.0,9,2006,2000,Shooter,"Arcade, PlayStation 3"
37064,Transference,transference,70.0,5,66.3,16,2018,2010,"Puzzle, Adventure, Indie","PlayStation 4, PlayStation VR, PC (Microsoft Windows), SteamVR, Oculus Rift, Xbox One"
27529,Unbox: Newbie's Adventure,unbox-newbies-adventure,70.0,6,80.0,1,2017,2010,"Platform, Adventure, Indie","PlayStation 4, PC (Microsoft Windows), Xbox One, Nintendo Switch"
20310,Unmechanical: Extended Edition,unmechanical-extended-edition,70.0,3,60.6,16,2015,2010,"Platform, Puzzle","PlayStation 3, PlayStation 4, Linux, PC (Microsoft Windows), Mac, Xbox One"
7234,Viking: Battle for Asgard,viking-battle-for-asgard,70.0,3,70.8,36,2008,2000,"Hack and slash/Beat 'em up, Adventure","PlayStation 3, PC (Microsoft Windows), Xbox 360"
2265,WWE SmackDown vs. Raw 2011,wwe-smackdown-vs-raw-2011,70.0,4,70.6,82,2010,2010,"Fighting, Sport","PlayStation 3, Wii, PlayStation Portable, Xbox 360, PlayStation 2"
81634,War Party,war-party,70.0,3,70.0,3,2019,2010,"Real Time Strategy (RTS), Strategy","PlayStation 4, PC (Microsoft Windows), Mac, Xbox One, Nintendo Switch"
7045,"Warhammer 40,000: Kill Team",warhammer-40-000-kill-team,70.0,3,59.7,7,2011,2010,"Shooter, Hack and slash/Beat 'em up, Arcade","PlayStation 3, PC (Microsoft Windows), Xbox 360"
24878,Wayward Sky,wayward-sky,70.0,3,,,2016,2010,"Puzzle, Adventure, Indie",PlayStation VR
110486,Weedcraft Inc,weedcraft-inc,70.0,3,65.7,12,2019,2010,"Simulator, Strategy, Indie","Xbox Series X|S, PlayStation 4, PC (Microsoft Windows), PlayStation 5, Mac, Xbox One, Nintendo Switch"
2189,Wii Party,wii-party,70.0,3,69.8,58,2010,2010,Quiz/Trivia,Wii
22191,Wonderbook: Book of Spells,wonderbook-book-of-spells,70.0,3,59.9,8,2012,2010,Simulator,PlayStation 3
77957,Xenon Valkyrie+,xenon-valkyrie-plus,70.0,3,70.0,1,2017,2010,"Platform, Role-playing (RPG), Adventure, Indie, Arcade","PlayStation 4, PlayStation 5, PlayStation Vita, Xbox One, Nintendo Switch"
6008,Zen Pinball 2,zen-pinball-2,70.0,4,77.0,4,2012,2010,"Simulator, Strategy, Pinball, Arcade","PlayStation 3, PlayStation 4, Mac, Wii U, PlayStation Vita"
14414,Abyss Odyssey,abyss-odyssey,69.9,7,63.0,15,2014,2010,"Platform, Adventure, Indie","PlayStation 3, PlayStation 4, PC (Microsoft Windows), Xbox 360"
14550,Action Henk,action-henk,69.9,8,77.8,14,2015,2010,"Platform, Racing, Sport, Indie","PlayStation 3, PlayStation 4, Linux, PC (Microsoft Windows), Mac, Wii U, PlayStation Vita, Xbox One"
536,Dead Island,dead-island,69.9,8,71.4,547,2011,2010,"Shooter, Hack and slash/Beat 'em up","PlayStation 3, PC (Microsoft Windows), Xbox 360"
566,Ghostbusters: The Video Game,ghostbusters-the-video-game,69.9,7,75.0,61,2009,2000,"Shooter, Adventure","PlayStation 3, PC (Microsoft Windows), Xbox 360"
487,Silent Hill: Downpour,silent-hill-downpour,69.9,8,69.0,90,2012,2010,Adventure,"PlayStation 3, Xbox 360"
14524,StarCraft II: Nova Covert Ops,starcraft-ii-nova-covert-ops,69.9,8,70.4,21,2016,2010,"Real Time Strategy (RTS), Strategy","PC (Microsoft Windows), Mac"
11092,Anodyne,anodyne,69.8,5,69.6,36,2013,2010,"Platform, Adventure, Indie","PlayStation 4, Linux, Android, PC (Microsoft Windows), iOS, Mac, Xbox One, Nintendo Switch"
103373,Beyond Blue,beyond-blue,69.8,4,54.8,25,2020,2020,"Simulator, Adventure, Indie","PlayStation 4, PC (Microsoft Windows), iOS, Xbox One, Nintendo Switch"
1122,Call of Duty: Black Ops II,call-of-duty-black-ops-ii,69.8,18,73.8,918,2012,2010,Shooter,"PlayStation 3, PlayStation 4, PC (Microsoft Windows), PlayStation 5, Xbox 360"
25210,Disc Jam,disc-jam,69.8,4,73.4,27,2017,2010,"Sport, Indie, Arcade","PlayStation 4, PC (Microsoft Windows), Nintendo Switch"
18013,Dungeon Souls,dungeon-souls,69.8,4,63.2,19,2016,2010,"Role-playing (RPG), Hack and slash/Beat 'em up, Adventure, Indie","Linux, PC (Microsoft Windows), Mac"
141207,Gods Will Fall,gods-will-fall,69.8,5,,,2021,2020,"Fighting, Hack and slash/Beat 'em up, Adventure","Google Stadia, Xbox Series X|S, PlayStation 4, PC (Microsoft Windows), Xbox One, Nintendo Switch"
4937,Ivy the Kiwi?,ivy-the-kiwi,69.8,4,73.0,3,2009,2000,Platform,"Wii, Nintendo DS, Legacy Mobile Device"
21773,King's Quest: Chapter 2 - A Rubble Without a Cause,kings-quest-chapter-2-a-rubble-without-a-cause,69.8,6,,,2015,2010,"Point-and-click, Puzzle, Adventure","PlayStation 3, PlayStation 4, PC (Microsoft Windows), Xbox 360, Xbox One"
119161,Need for Speed: Heat,need-for-speed-heat,69.8,10,71.0,233,2019,2010,"Racing, Sport, Adventure","PlayStation 4, PC (Microsoft Windows), Xbox One"
23175,Outcast: Second Contact,outcast-second-contact,69.8,4,70.1,15,2017,2010,"Shooter, Role-playing (RPG), Adventure","PlayStation 4, PC (Microsoft Windows), Xbox One"
11453,Persona 2: Innocent Sin,persona-2-innocent-sin,69.8,4,79.1,68,1999,1990,Role-playing (RPG),PlayStation
12216,Rack N Ruin,rack-n-ruin,69.8,5,70.0,0,2015,2010,"Role-playing (RPG), Adventure, Indie, Arcade","PlayStation 4, PC (Microsoft Windows), Xbox One, Nintendo Switch"
30205,Regalia: Of Men and Monarchs,regalia-of-men-and-monarchs,69.8,4,60.0,4,2017,2010,"Role-playing (RPG), Simulator, Strategy, Turn-based strategy (TBS), Indie","PlayStation 4, Linux, PC (Microsoft Windows), Mac, Nintendo Switch"
25311,Star Control: Origins,star-control-origins,69.8,4,67.5,18,2018,2010,"Role-playing (RPG), Simulator, Strategy, Adventure, Indie",PC (Microsoft Windows)
140500,Story of Seasons: Pioneers of Olive Town,story-of-seasons-pioneers-of-olive-town,69.8,8,57.6,10,2021,2020,"Role-playing (RPG), Simulator, Strategy","PlayStation 4, PC (Microsoft Windows), Nintendo Switch"
217601,Synduality: Echo of Ada,synduality-echo-of-ada,69.8,4,,,2025,2020,Shooter,"Xbox Series X|S, PC (Microsoft Windows), PlayStation 5"
10031,Yooka-Laylee,yooka-laylee,69.8,22,67.0,108,2017,2010,"Platform, Adventure, Indie","PlayStation 4, Linux, PC (Microsoft Windows), Mac, Wii U, Xbox One, Nintendo Switch"
28245,Zanki Zero: Last Beginning,zanki-zero-last-beginning,69.8,4,69.6,7,2018,2010,"Role-playing (RPG), Adventure","PlayStation 4, PC (Microsoft Windows), PlayStation Vita"
1473,Zone of the Enders: The 2nd Runner,zone-of-the-enders-the-2nd-runner,69.8,5,79.9,32,2003,2000,"Shooter, Hack and slash/Beat 'em up",PlayStation 2
18637,Aaero,aaero,69.7,3,69.8,9,2017,2010,"Shooter, Music, Indie","PlayStation 4, PC (Microsoft Windows), Xbox One"
21147,Crimson Alliance,crimson-alliance,69.7,3,,,2011,2010,"Role-playing (RPG), Hack and slash/Beat 'em up",Xbox 360
11448,Dengeki Bunko: Fighting Climax,dengeki-bunko-fighting-climax,69.7,6,,,2014,2010,Fighting,"Arcade, PlayStation 3, PlayStation Vita"
191402,Disney Speedstorm,disney-speedstorm,69.7,3,57.4,35,2023,2020,"Racing, Simulator, Sport, Adventure, Arcade","Xbox Series X|S, PlayStation 4, Nintendo Switch 2, Android, PC (Microsoft Windows), iOS, PlayStation 5, Xbox One, Nintendo Switch"
386431,Life is Strange: Reunion,life-is-strange-reunion,69.7,3,74.3,10,2026,2020,Adventure,"Xbox Series X|S, PC (Microsoft Windows), PlayStation 5"
289698,Monster Jam Showdown,monster-jam-showdown,69.7,3,,,2024,2020,"Racing, Sport, Arcade","Xbox Series X|S, PlayStation 4, PC (Microsoft Windows), PlayStation 5, Xbox One, Nintendo Switch"
6046,Shattered Union,shattered-union,69.7,3,50.0,1,2005,2000,"Strategy, Turn-based strategy (TBS), Tactical","Xbox, PC (Microsoft Windows)"
108656,Shortest Trip to Earth,shortest-trip-to-earth,69.7,3,60.0,1,2018,2010,"Real Time Strategy (RTS), Simulator, Strategy, Adventure, Indie",PC (Microsoft Windows)
5179,Spider-Man: Edge of Time,spider-man-edge-of-time,69.7,6,64.3,33,2011,2010,"Platform, Adventure","PlayStation 3, Xbox 360"
5181,Spider-Man: Web of Shadows,spider-man-web-of-shadows,69.7,6,74.6,131,2008,2000,"Fighting, Platform, Hack and slash/Beat 'em up, Adventure","PlayStation 3, PC (Microsoft Windows), Xbox 360"
6403,Tomodachi Life,tomodachi-life,69.7,8,74.1,63,2013,2010,"Simulator, Adventure",Nintendo 3DS
2688,Animal Crossing: City Folk,animal-crossing-city-folk,69.6,5,78.5,89,2008,2000,Simulator,Wii
18853,Aragami,aragami,69.6,9,71.3,85,2016,2010,"Adventure, Indie","PlayStation 4, Linux, PC (Microsoft Windows), Mac, Xbox One, Nintendo Switch"
2684,Mercenaries 2: World in Flames,mercenaries-2-world-in-flames,69.6,5,62.5,62,2008,2000,Shooter,"PlayStation 3, PC (Microsoft Windows), Xbox 360, PlayStation 2"
127054,Minecraft: Story Mode - Episode 6: A Portal to Mystery,minecraft-story-mode-episode-6-a-portal-to-mystery,69.6,5,,,2016,2010,"Point-and-click, Adventure","PlayStation 3, PlayStation 4, Android, PC (Microsoft Windows), iOS, Mac, Xbox 360, Xbox One"
20622,Resident Evil Code: Veronica X HD,resident-evil-code-veronica-x-hd,69.6,5,72.5,13,2011,2010,"Shooter, Puzzle, Adventure","PlayStation 3, Xbox 360"
111813,Skatebird,skatebird,69.6,5,57.8,12,2021,2020,"Racing, Simulator, Sport, Indie","Xbox Series X|S, PlayStation 4, Linux, PC (Microsoft Windows), PlayStation 5, Mac, Xbox One, Nintendo Switch"
27931,The Occupation,the-occupation,69.6,10,70.3,7,2019,2010,"Puzzle, Adventure, Indie","PlayStation 4, PC (Microsoft Windows), Xbox One"
56914,Beautiful Desolation,beautiful-desolation,69.5,4,75.6,13,2020,2020,"Platform, Puzzle, Role-playing (RPG), Strategy, Adventure, Indie","PlayStation 4, Linux, PC (Microsoft Windows), Mac, Nintendo Switch"
532,Hard Reset,hard-reset,69.5,4,67.9,62,2011,2010,"Shooter, Puzzle, Indie",PC (Microsoft Windows)
204363,Layers of Fear,layers-of-fear--1,69.5,5,74.6,25,2023,2020,Puzzle,"Xbox Series X|S, PC (Microsoft Windows), PlayStation 5, Mac"
5040,Mystery Case Files: The Malgrave Incident,mystery-case-files-the-malgrave-incident,69.5,4,,,2011,2010,"Point-and-click, Puzzle, Adventure",Wii
7097,Namco Museum Virtual Arcade,namco-museum-virtual-arcade,69.5,4,,,2008,2000,"Shooter, Platform, Puzzle, Racing, Arcade",Xbox 360
325583,Shadow Labyrinth,shadow-labyrinth--1,69.5,4,,,2025,2020,"Platform, Adventure","Xbox Series X|S, Nintendo Switch 2, PC (Microsoft Windows), PlayStation 5, Nintendo Switch"
78547,The Council,the-council,69.5,5,77.7,74,2018,2010,"Role-playing (RPG), Adventure","PlayStation 4, PC (Microsoft Windows), Xbox One"
11122,ToeJam & Earl: Back in the Groove,toejam-and-earl-back-in-the-groove,69.5,12,57.2,6,2019,2010,"Music, Adventure, Indie","PlayStation 4, Linux, PC (Microsoft Windows), Mac, Xbox One, Nintendo Switch"
16925,Dex,dex,69.4,8,78.6,45,2015,2010,"Platform, Role-playing (RPG), Adventure, Indie","PlayStation 4, Linux, PC (Microsoft Windows), Mac, PlayStation Vita, Xbox One, Nintendo Switch"
11068,Dr. Mario: Miracle Cure,dr-mario-miracle-cure,69.4,5,79.7,5,2015,2010,Puzzle,Nintendo 3DS
19575,Farpoint,farpoint,69.4,5,70.2,11,2017,2010,"Shooter, Adventure",PlayStation VR
103261,Just Cause 4,just-cause-4,69.4,15,65.8,154,2018,2010,"Shooter, Adventure","PlayStation 4, PC (Microsoft Windows), Xbox One"
488,Kane & Lynch 2: Dog Days,kane-lynch-2-dog-days,69.4,7,67.2,133,2010,2010,"Shooter, Adventure","PlayStation 3, PC (Microsoft Windows), Xbox 360"
119387,No More Heroes III,no-more-heroes-iii,69.4,5,73.7,29,2021,2020,"Hack and slash/Beat 'em up, Adventure","Xbox Series X|S, PlayStation 4, PC (Microsoft Windows), PlayStation 5, Xbox One, Nintendo Switch"
47367,Sega Superstars Tennis,sega-superstars-tennis,69.4,5,70.7,15,2008,2000,Sport,"PlayStation 3, Wii, Mac, Xbox 360, PlayStation 2"
153,Star Wars: Jedi Knight - Jedi Academy,star-wars-jedi-knight-jedi-academy,69.4,5,83.8,422,2003,2000,"Shooter, Adventure","Xbox, PlayStation 4, PC (Microsoft Windows), Mac, Nintendo Switch"
80910,Batman: The Enemy Within - Episode 3: Fractured Mask,batman-the-enemy-within-episode-3-fractured-mask,69.3,7,,,2017,2010,"Point-and-click, Adventure","PlayStation 4, Android, PC (Microsoft Windows), iOS, Mac, Xbox One"
23508,Claire: Extended Cut,claire-extended-cut,69.3,3,60.0,5,2016,2010,"Platform, Adventure","PlayStation 4, PlayStation Vita, Xbox One, Nintendo Switch"
101152,Crystal Crisis,crystal-crisis,69.3,3,77.0,1,2019,2010,"Fighting, Puzzle, Indie, Arcade","PlayStation 4, PC (Microsoft Windows), Nintendo Switch"
91023,Hitman: Episode 4 - Bangkok,hitman-episode-4-bangkok,69.3,11,,,2016,2010,"Shooter, Tactical, Adventure","PlayStation 4, Linux, PC (Microsoft Windows), Mac, Xbox One"
4847,Lords of the Fallen,lords-of-the-fallen,69.3,12,65.6,165,2014,2010,"Role-playing (RPG), Hack and slash/Beat 'em up","PlayStation 4, PC (Microsoft Windows), Xbox One"
191398,Mario Strikers: Battle League,mario-strikers-battle-league,69.3,7,68.9,23,2022,2020,Sport,Nintendo Switch
6861,Pac-Man & Galaga Dimensions,pac-man-galaga-dimensions,69.3,4,72.0,1,2011,2010,"Shooter, Platform",Nintendo 3DS
27291,RPG Maker Fes,rpg-maker-fes,69.3,3,47.0,3,2016,2010,"Role-playing (RPG), Simulator, Adventure",Nintendo 3DS
2589,Ratchet & Clank: Into the Nexus,ratchet-clank-into-the-nexus,69.3,7,78.4,77,2013,2010,"Shooter, Platform, Strategy, Adventure",PlayStation 3
16953,Shadow Blade: Reload,shadow-blade-reload,69.3,3,80.0,3,2015,2010,"Platform, Indie","PlayStation 4, Linux, PC (Microsoft Windows), Mac, Nintendo Switch"
119191,Smelter,smelter,69.3,3,,,2021,2020,"Platform, Simulator, Strategy, Adventure, Indie, Arcade","Xbox Series X|S, PlayStation 4, PC (Microsoft Windows), PlayStation 5, Xbox One, Nintendo Switch"
117014,Spidersaurs,spidersaurs,69.3,3,,,2019,2010,"Shooter, Platform, Adventure, Arcade","Xbox Series X|S, PlayStation 4, PC (Microsoft Windows), iOS, PlayStation 5, Xbox One, Nintendo Switch"
119368,Stronghold: Warlords,stronghold-warlords,69.3,4,58.9,11,2021,2020,"Real Time Strategy (RTS), Simulator, Strategy",PC (Microsoft Windows)
20095,Super Ultra Dead Rising 3 Arcade Remix Hyper Edition EX Plus Alpha,super-ultra-dead-rising-3-arcade-remix-hyper-edition-ex-plus-alpha,69.3,4,,,2014,2010,"Hack and slash/Beat 'em up, Adventure",Xbox One
37141,That's You!,thats-you,69.3,4,72.2,25,2017,2010,Quiz/Trivia,PlayStation 4
91128,The Golf Club 2019 featuring PGA Tour,the-golf-club-2019-featuring-pga-tour,69.3,4,50.0,3,2018,2010,"Simulator, Sport, Strategy, Indie","PlayStation 4, PC (Microsoft Windows), Xbox One"
145787,The House of the Dead: Remake,the-house-of-the-dead-remake,69.3,3,55.6,17,2022,2020,"Shooter, Indie, Arcade","Xbox Series X|S, PlayStation 4, PC (Microsoft Windows), PlayStation 5, Xbox One, Nintendo Switch"
106120,The Sojourn,the-sojourn,69.3,7,56.2,5,2019,2010,"Puzzle, Adventure, Indie","PlayStation 4, PC (Microsoft Windows), Xbox One"
11225,Typoman,typoman,69.3,7,73.5,12,2015,2010,"Platform, Puzzle, Strategy, Adventure, Indie","PlayStation 4, Linux, PC (Microsoft Windows), Mac, Wii U, Xbox One, Nintendo Switch"
55197,Yono and the Celestial Elephants,yono-and-the-celestial-elephants,69.3,3,69.6,7,2017,2010,"Puzzle, Role-playing (RPG), Adventure, Indie","PC (Microsoft Windows), Nintendo Switch"
3195,Assassin's Creed III: Liberation,assassin-s-creed-iii-liberation,69.2,6,61.3,191,2012,2010,"Strategy, Hack and slash/Beat 'em up, Adventure",PlayStation Vita
6914,Bionic Commando,bionic-commando,69.2,6,69.6,60,2009,2000,"Shooter, Platform, Adventure","PlayStation 3, PC (Microsoft Windows), Xbox 360"
27435,Dandara,dandara,69.2,5,59.8,23,2018,2010,"Platform, Adventure, Indie, Arcade","PlayStation 4, Linux, Android, PC (Microsoft Windows), iOS, Mac, Xbox One, Nintendo Switch"
19799,Fate/Extella: The Umbral Star,fate-slash-extella-the-umbral-star,69.2,17,76.2,11,2016,2010,"Fighting, Hack and slash/Beat 'em up","PlayStation 4, Android, PC (Microsoft Windows), iOS, PlayStation Vita, Nintendo Switch"
21961,Fox n Forests,fox-n-forests,69.2,6,73.0,2,2018,2010,"Platform, Role-playing (RPG), Adventure, Indie, Arcade","PlayStation 4, Linux, PC (Microsoft Windows), Mac, Xbox One, Nintendo Switch"
141545,Ghosts 'n Goblins Resurrection,ghosts-n-goblins-resurrection--1,69.2,10,79.9,12,2021,2020,"Platform, Adventure","PlayStation 4, PC (Microsoft Windows), Xbox One, Nintendo Switch"
91296,Minecraft: Story Mode - Episode 3: The Last Place You Look,minecraft-story-mode-episode-3-the-last-place-you-look,69.2,6,,,2015,2010,"Point-and-click, Adventure","PlayStation 3, PlayStation 4, Android, PC (Microsoft Windows), iOS, Mac, Xbox 360, Xbox One"
2112,Mirror's Edge Catalyst,mirrors-edge-catalyst,69.2,27,69.5,301,2016,2010,"Platform, Adventure","PlayStation 4, PC (Microsoft Windows), Xbox One"
76428,My Hero One's Justice,my-hero-ones-justice,69.2,6,69.9,23,2018,2010,Fighting,"PlayStation 4, PC (Microsoft Windows), Xbox One, Nintendo Switch"
6401,NES Remix,nes-remix,69.2,6,70.1,7,2013,2010,"Platform, Puzzle, Racing, Sport, Adventure, Arcade",Wii U
1207,Tales of the Abyss,tales-of-the-abyss,69.2,5,81.5,67,2005,2000,Role-playing (RPG),PlayStation 2
244,The Bureau: XCOM Declassified,the-bureau-xcom-declassified,69.2,10,58.7,108,2013,2010,"Shooter, Strategy, Tactical","PlayStation 3, PC (Microsoft Windows), Mac, Xbox 360"
5182,The Spiderwick Chronicles,the-spiderwick-chronicles,69.2,5,50.0,4,2008,2000,Adventure,"Wii, PC (Microsoft Windows), Xbox 360, Nintendo DS, PlayStation 2"
2852,Thrillville,thrillville,69.2,5,77.6,10,2006,2000,"Simulator, Strategy","Xbox, PlayStation Portable, PlayStation 2"
7279,Atelier Escha & Logy: Alchemists of the Dusk Sky,atelier-escha-logy-alchemists-of-the-dusk-sky,69.1,9,,,2013,2010,"Role-playing (RPG), Adventure",PlayStation 3
125166,Battlefield 2042,battlefield-2042,69.1,9,57.9,143,2021,2020,Shooter,"Xbox Series X|S, PlayStation 4, PC (Microsoft Windows), PlayStation 5, Xbox One"
7380,Entwined,entwined,69.1,7,59.7,36,2014,2010,"Music, Arcade","PlayStation 3, PlayStation 4, PlayStation Vita"
507,I Am Alive,i-am-alive,69.1,8,67.0,93,2012,2010,"Platform, Adventure","PlayStation 3, PC (Microsoft Windows), Xbox 360"
26197,Marvel vs. Capcom: Infinite,marvel-vs-capcom-infinite,69.1,21,72.9,51,2017,2010,Fighting,"PlayStation 4, PC (Microsoft Windows), Xbox One"
96027,Red Faction: Guerrilla Re-Mars-tered,red-faction-guerrilla-re-mars-tered,69.1,8,68.8,21,2018,2010,"Shooter, Adventure, Arcade","PlayStation 4, PC (Microsoft Windows), Xbox One, Nintendo Switch"
5162,SNK Arcade Classics Vol. 1,snk-arcade-classics-vol-1,69.1,7,,,2008,2000,"Fighting, Shooter, Platform, Sport, Hack and slash/Beat 'em up, Arcade","Wii, PlayStation Portable, PlayStation 2"
12632,Sword Art Online: Hollow Realization,sword-art-online-hollow-realization,69.1,10,60.3,11,2016,2010,"Role-playing (RPG), Adventure","PlayStation 4, PlayStation Vita"
127066,The Walking Dead: A New Frontier - Episode 5: From the Gallows,the-walking-dead-a-new-frontier-episode-5-from-the-gallows,69.1,10,80.0,5,2017,2010,"Point-and-click, Adventure","PlayStation 4, Android, PC (Microsoft Windows), iOS, Xbox One"
228524,After Us,after-us,69.0,5,60.2,5,2023,2020,"Platform, Puzzle, Adventure","Xbox Series X|S, PC (Microsoft Windows), PlayStation 5"
18855,Armies of Exigo,armies-of-exigo,69.0,3,83.4,17,2004,2000,"Real Time Strategy (RTS), Strategy",PC (Microsoft Windows)
27337,Boor,boor,69.0,3,70.0,0,2017,2010,"Platform, Puzzle, Adventure, Indie","Linux, PC (Microsoft Windows), Mac"
7508,Caesar IV,caesar-iv,69.0,3,75.2,21,2006,2000,"Simulator, Strategy",PC (Microsoft Windows)
8349,Dead State,dead-state,69.0,3,78.3,6,2014,2010,"Role-playing (RPG), Strategy, Turn-based strategy (TBS), Indie",PC (Microsoft Windows)
134832,Destiny 2: Lightfall,destiny-2-lightfall,69.0,5,65.2,17,2023,2020,"Shooter, Adventure, Arcade","Xbox Series X|S, PlayStation 4, PC (Microsoft Windows), PlayStation 5, Xbox One"
20188,Dragon Age: Inquisition - The Descent,dragon-age-inquisition-the-descent,69.0,3,76.2,38,2015,2010,"Role-playing (RPG), Tactical, Adventure","PlayStation 4, PC (Microsoft Windows), Xbox One"
18009,Fortified,fortified,69.0,10,67.5,8,2016,2010,"Shooter, Simulator, Strategy, Indie","PC (Microsoft Windows), Xbox One"
16447,Full Mojo Rampage,full-mojo-rampage,69.0,7,56.5,7,2014,2010,"Shooter, Role-playing (RPG), Indie","PlayStation 4, PC (Microsoft Windows), Xbox One"
228522,Hellboy: Web of Wyrd,hellboy-web-of-wyrd,69.0,4,59.6,10,2023,2020,"Fighting, Adventure, Indie","Xbox Series X|S, PlayStation 4, PC (Microsoft Windows), PlayStation 5, Xbox One, Nintendo Switch"
204618,High on Life,high-on-life,69.0,5,71.9,190,2022,2020,"Shooter, Adventure","Xbox Series X|S, PlayStation 4, PC (Microsoft Windows), PlayStation 5, Xbox One, Nintendo Switch"
11206,Just Dance 2016,just-dance-2016,69.0,5,76.7,21,2015,2010,Music,"PlayStation 3, PlayStation 4, Wii, Wii U, Xbox 360, Xbox One"
189,LEGO Indiana Jones: The Original Adventures,lego-indiana-jones-the-original-adventures,69.0,5,73.2,226,2008,2000,"Platform, Puzzle, Adventure","PlayStation 3, Wii, PC (Microsoft Windows), Mac, PlayStation Portable, Xbox 360, PlayStation 2"
21012,Labyrinth Legends,labyrinth-legends,69.0,3,,,2012,2010,"Role-playing (RPG), Hack and slash/Beat 'em up, Arcade",PlayStation 3
1284,Lollipop Chainsaw,lollipop-chainsaw,69.0,9,70.9,73,2012,2010,Hack and slash/Beat 'em up,"PlayStation 3, Xbox 360"
26165,Marvel's Guardians of the Galaxy: The Telltale Series,marvels-guardians-of-the-galaxy-the-telltale-series,69.0,5,72.4,92,2017,2010,"Point-and-click, Role-playing (RPG), Adventure","PlayStation 4, Android, PC (Microsoft Windows), iOS, Mac, Xbox One"
49514,Mineko's Night Market,minekos-night-market,69.0,3,60.0,7,2023,2020,"Role-playing (RPG), Simulator, Adventure, Indie","Xbox Series X|S, PlayStation 4, PC (Microsoft Windows), PlayStation 5, Mac, Xbox One, Nintendo Switch"
7383,NBA 09: The Inside,nba-09-the-inside,69.0,4,,,2008,2000,Sport,"PlayStation 3, PlayStation Portable, PlayStation 2"
7120,NieR,nier,69.0,4,80.6,123,2010,2010,"Shooter, Role-playing (RPG), Simulator, Strategy, Adventure","PlayStation 3, Xbox 360, Xbox One"
206811,Pac-Man World Re-Pac,pac-man-world-re-pac,69.0,4,71.1,18,2022,2020,"Platform, Adventure, Arcade","Xbox Series X|S, PlayStation 4, PC (Microsoft Windows), PlayStation 5, Xbox One, Nintendo Switch"
27272,Samurai Warriors: Spirit of Sanada,samurai-warriors-spirit-of-sanada,69.0,5,80.0,3,2016,2010,Hack and slash/Beat 'em up,"PlayStation 3, PlayStation 4, PC (Microsoft Windows), PlayStation Vita, Nintendo Switch"
121761,Spacebase Startopia,spacebase-startopia,69.0,7,,,2021,2020,"Simulator, Strategy","Xbox Series X|S, PlayStation 4, Linux, PC (Microsoft Windows), PlayStation 5, Mac, Xbox One, Nintendo Switch"
6157,Stacked with Daniel Negreanu,stacked-with-daniel-negreanu,69.0,4,,,2006,2000,"Simulator, Sport, Turn-based strategy (TBS), Card & Board Game","Xbox, PC (Microsoft Windows), PlayStation Portable, PlayStation 2"
20123,State of Mind,state-of-mind,69.0,9,69.5,33,2018,2010,"Puzzle, Adventure, Indie","PlayStation 4, Linux, PC (Microsoft Windows), Mac, Xbox One, Nintendo Switch"
11839,Sword Art Online Re: Hollow Fragment,sword-art-online-re-hollow-fragment,69.0,5,60.3,8,2015,2010,Role-playing (RPG),"PlayStation 4, PC (Microsoft Windows)"
8440,The Bridge,the-bridge,69.0,5,70.2,85,2013,2010,"Platform, Puzzle, Strategy, Adventure, Indie, Arcade","PlayStation 3, PlayStation 4, Linux, PC (Microsoft Windows), Mac, Wii U, PlayStation Vita, Xbox 360, Xbox One, Nintendo Switch"
226,The Sims 2: Seasons,the-sims-2-seasons,69.0,3,78.7,25,2007,2000,"Role-playing (RPG), Simulator, Strategy","PC (Microsoft Windows), Mac"
1162,Tomb Raider: Anniversary,tomb-raider-anniversary,69.0,6,76.5,252,2007,2000,"Shooter, Platform, Simulator, Strategy, Adventure","OnLive Game System, PlayStation 3, PC (Microsoft Windows), Mac, PlayStation Portable, Xbox 360, PlayStation 2"
118357,Tools Up!,tools-up,69.0,4,70.0,13,2019,2010,"Simulator, Adventure, Indie, Arcade","PlayStation 4, PC (Microsoft Windows), Xbox One, Nintendo Switch"
9296,Zombie Tycoon 2: Brainhov's Revenge,zombie-tycoon-2-brainhovs-revenge,69.0,4,50.0,3,2013,2010,"Real Time Strategy (RTS), Strategy, Indie","PlayStation 3, PC (Microsoft Windows), PlayStation Vita"
10239,Ark: Survival Evolved,ark-survival-evolved,68.9,8,67.7,263,2017,2010,"Shooter, Role-playing (RPG), Simulator, Adventure, Indie","Google Stadia, Xbox Series X|S, PlayStation 4, Linux, Android, PC (Microsoft Windows), iOS, Mac, Xbox One, Nintendo Switch"
6960,Dead to Rights: Retribution,dead-to-rights-retribution,68.9,6,53.3,13,2010,2010,Shooter,"PlayStation 3, Xbox 360"
19454,Deadlight: Director's Cut,deadlight-directors-cut,68.9,7,70.1,41,2016,2010,"Platform, Adventure","PlayStation 4, PC (Microsoft Windows), Xbox One"
81272,Detective Pikachu,detective-pikachu,68.9,8,77.8,8,2018,2010,Adventure,Nintendo 3DS
10267,Dynasty Warriors 8: Xtreme Legends,dynasty-warriors-8-xtreme-legends,68.9,8,71.2,7,2013,2010,Hack and slash/Beat 'em up,"PlayStation 3, PlayStation 4, PC (Microsoft Windows), PlayStation Vita, Xbox 360, Xbox One, Nintendo Switch"
18029,Fallout 4: Automatron,fallout-4-automatron,68.9,9,66.8,49,2016,2010,"Shooter, Role-playing (RPG), Adventure","PlayStation 4, PC (Microsoft Windows), Xbox One"
12070,Party Hard,party-hard,68.9,10,68.6,77,2015,2010,"Fighting, Puzzle, Simulator, Strategy, Indie, Arcade","PlayStation 4, Linux, PC (Microsoft Windows), Mac, Xbox One, Nintendo Switch"
1586,Skylanders: Giants,skylanders-giants,68.9,9,71.9,40,2012,2010,"Role-playing (RPG), Hack and slash/Beat 'em up, Adventure","PlayStation 3, Wii, Wii U, Xbox 360"
16998,Song of the Deep,song-of-the-deep,68.9,17,75.6,29,2016,2010,"Puzzle, Adventure","PlayStation 4, PC (Microsoft Windows), Xbox One"
9241,The Escapists,the-escapists,68.9,11,62.2,99,2015,2010,"Puzzle, Role-playing (RPG), Simulator, Strategy, Tactical, Adventure, Indie","PlayStation 4, Linux, Android, PC (Microsoft Windows), iOS, Mac, Xbox 360, Xbox One"
145216,AEW: Fight Forever,aew-fight-forever,68.8,4,78.5,9,2023,2020,"Fighting, Sport","Xbox Series X|S, PlayStation 4, PC (Microsoft Windows), PlayStation 5, Xbox One, Nintendo Switch"
5716,Advent Rising,advent-rising,68.8,4,79.6,28,2005,2000,"Shooter, Adventure","Xbox, PC (Microsoft Windows)"
5571,Age of Empires: Online,age-of-empires-online,68.8,4,69.3,30,2011,2010,"Real Time Strategy (RTS), Role-playing (RPG), Strategy",PC (Microsoft Windows)
275,Commandos: Strike Force,commandos-strike-force,68.8,4,64.4,35,2006,2000,Shooter,"Xbox, PC (Microsoft Windows), PlayStation 2"
122232,Deadly Premonition 2: A Blessing in Disguise,deadly-premonition-2-a-blessing-in-disguise,68.8,8,63.7,10,2020,2020,Adventure,"PC (Microsoft Windows), Nintendo Switch"
25639,Dynasty Warriors: Godseekers,dynasty-warriors-godseekers,68.8,8,,,2016,2010,"Role-playing (RPG), Strategy, Turn-based strategy (TBS)","PlayStation 3, PlayStation 4, PlayStation Vita"
18363,Gunjack,gunjack,68.8,4,60.0,2,2016,2010,"Shooter, Arcade","PlayStation VR, PC (Microsoft Windows), Oculus Rift"
5870,Juiced,juiced,68.8,4,63.0,31,2005,2000,Racing,"Xbox, PC (Microsoft Windows), PlayStation 2"
19849,Loud on Planet X,loud-on-planet-x,68.8,4,,,2016,2010,"Music, Indie","PlayStation 4, PC (Microsoft Windows), iOS, Mac"
214139,New Tales from the Borderlands,new-tales-from-the-borderlands,68.8,4,64.0,21,2022,2020,Adventure,"Xbox Series X|S, PlayStation 4, PC (Microsoft Windows), PlayStation 5, Xbox One, Nintendo Switch"
9917,Republique Remastered,republique-remastered,68.8,10,72.1,8,2013,2010,"Point-and-click, Puzzle, Tactical, Adventure, Indie","PlayStation 4, Android, PC (Microsoft Windows), iOS"
140799,SCHiM,schim,68.8,5,41.7,10,2024,2020,"Platform, Puzzle, Adventure, Indie","Xbox Series X|S, PlayStation 4, Linux, PC (Microsoft Windows), PlayStation 5, Mac, Xbox One, Nintendo Switch"
116191,Sniper Elite V2 Remastered,sniper-elite-v2-remastered,68.8,4,68.2,27,2019,2010,"Shooter, Strategy, Tactical, Adventure","PlayStation 4, PC (Microsoft Windows), Xbox One, Nintendo Switch"
116125,Stela,stela,68.8,4,72.6,22,2019,2010,"Platform, Puzzle, Adventure, Indie","PC (Microsoft Windows), iOS, Xbox One, Nintendo Switch"
9465,Strike Suit Zero: Director's Cut,strike-suit-zero-directors-cut,68.8,8,50.0,2,2014,2010,"Shooter, Indie, Arcade","PlayStation 4, PC (Microsoft Windows), Xbox One, Nintendo Switch"
127355,Surgeon Simulator 2,surgeon-simulator-2,68.8,4,,,2020,2020,"Puzzle, Simulator, Indie","Xbox Series X|S, PC (Microsoft Windows), Xbox One"
49,Syndicate,syndicate--2,68.8,4,83.2,64,1993,1990,"Strategy, Tactical","PC-9800 Series, PC (Microsoft Windows), Mac, DOS, FM Towns"
1213,Tales of Xillia 2,tales-of-xillia-2,68.8,11,78.4,43,2012,2010,Role-playing (RPG),PlayStation 3
7667,The Raven: Legacy of a Master Thief,the-raven-legacy-of-a-master-thief,68.8,5,50.8,17,2013,2010,"Point-and-click, Adventure","PlayStation 3, Linux, PC (Microsoft Windows), Mac, Xbox 360"
21473,Boing! Docomodake DS,boing-docomodake-ds,68.7,3,74.0,1,2007,2000,Puzzle,"Nintendo 3DS, Nintendo DS"
21307,Chibi-Robo!: Park Patrol,chibi-robo-park-patrol,68.7,3,87.8,6,2007,2000,Adventure,Nintendo DS
6949,Culdcept Saga,culdcept-saga,68.7,3,80.0,4,2006,2000,"Strategy, Turn-based strategy (TBS), Quiz/Trivia, Card & Board Game",Xbox 360
2254,Dragon Ball Z: Budokai Tenkaichi 3,dragon-ball-z-budokai-tenkaichi-3,68.7,3,79.2,278,2007,2000,Fighting,"Wii, PlayStation 2"
7202,Earthlock: Festival of Magic,earthlock-festival-of-magic,68.7,3,70.0,4,2016,2010,"Puzzle, Role-playing (RPG), Strategy, Adventure, Indie","PlayStation 4, Linux, PC (Microsoft Windows), Mac, Wii U, Xbox One"
7413,Final Fantasy: Explorers,final-fantasy-explorers,68.7,12,70.3,8,2014,2010,"Role-playing (RPG), Adventure",Nintendo 3DS
136512,Hood: Outlaws & Legends,hood-outlaws-and-legends,68.7,6,55.8,11,2021,2020,"Shooter, Role-playing (RPG), Strategy, Adventure","Xbox Series X|S, PlayStation 4, PC (Microsoft Windows), PlayStation 5, Xbox One"
21069,Hybrid,hybrid,68.7,7,,,2012,2010,Shooter,"PC (Microsoft Windows), Mac, Xbox 360"
1643,James Bond 007: Agent Under Fire,james-bond-007-agent-under-fire,68.7,3,63.5,43,2001,2000,Shooter,"Xbox, Nintendo GameCube, PlayStation 2"
21007,Liberation Maiden,liberation-maiden,68.7,3,63.6,6,2012,2010,"Shooter, Arcade","Nintendo 3DS, iOS"
21518,Neo Geo Battle Coliseum,neo-geo-battle-coliseum--1,68.7,3,,,2005,2000,Fighting,"PlayStation 3, Xbox 360, PlayStation 2"
11005,Return to PopoloCrois: A Story of Seasons Fairytale,return-to-popolocrois-a-story-of-seasons-fairytale,68.7,7,82.0,0,2015,2010,"Role-playing (RPG), Simulator, Adventure",Nintendo 3DS
20811,Sakura Samurai: Art of the Sword,sakura-samurai-art-of-the-sword,68.7,3,74.0,3,2011,2010,Hack and slash/Beat 'em up,Nintendo 3DS
11009,Supersonic Acrobatic Rocket-Powered Battle-Cars,supersonic-acrobatic-rocket-powered-battle-cars,68.7,3,59.4,7,2008,2000,"Racing, Sport",PlayStation 3
21711,The King of Fighters Collection: The Orochi Saga,the-king-of-fighters-collection-the-orochi-saga,68.7,7,,,2008,2000,"Fighting, Arcade","PlayStation 4, Wii, PlayStation Portable, PlayStation 2"
7223,Two Worlds II,two-worlds-ii,68.7,6,71.4,46,2010,2010,Role-playing (RPG),"PlayStation 3, Linux, PC (Microsoft Windows), Mac, Xbox 360"
9369,Whispering Willows,whispering-willows,68.7,3,73.9,25,2014,2010,"Platform, Puzzle, Role-playing (RPG), Adventure, Indie","PlayStation 4, Ouya, Linux, Android, PC (Microsoft Windows), iOS, Mac, Wii U, PlayStation Vita, Xbox One, Nintendo Switch"
7257,Xbox Live Arcade Unplugged: Volume 1,xbox-live-arcade-unplugged-volume-1,68.7,3,,,2006,2000,Arcade,Xbox 360
4784,EA Sports UFC,ea-sports-ufc,68.6,11,66.2,21,2014,2010,"Fighting, Simulator, Sport","PlayStation 4, Xbox One"
190,LEGO Star Wars II: The Original Trilogy,lego-star-wars-ii-the-original-trilogy,68.6,5,78.2,210,2006,2000,"Platform, Adventure","PC (Microsoft Windows), Mac, Xbox 360"
2025,Mount & Blade: Warband,mount-blade-warband,68.6,5,84.6,403,2010,2010,"Shooter, Role-playing (RPG), Simulator, Strategy, Adventure","PlayStation 4, Linux, PC (Microsoft Windows), Mac, Xbox One"
101211,Rage 2,rage-2,68.6,11,69.3,213,2019,2010,"Shooter, Racing, Role-playing (RPG), Adventure","Google Stadia, PlayStation 4, PC (Microsoft Windows), Xbox One"
36893,The Mage's Tale,the-mages-tale,68.6,5,60.0,1,2017,2010,"Puzzle, Role-playing (RPG), Adventure","PlayStation 4, PlayStation VR, PC (Microsoft Windows)"
23479,Baseball Riot,baseball-riot,68.5,4,50.0,1,2015,2010,"Puzzle, Sport, Indie","PlayStation 4, PC (Microsoft Windows), iOS, PlayStation Vita, Xbox One, Nintendo Switch"
6059,Blood Bowl 2,blood-bowl-2,68.5,10,78.1,24,2015,2010,"Role-playing (RPG), Simulator, Sport, Strategy, Turn-based strategy (TBS)","PlayStation 4, PC (Microsoft Windows), Mac, Xbox One"
3060,Cooking Mama,cooking-mama,68.5,4,71.2,34,2006,2000,Simulator,"iOS, Nintendo DS"
13561,Digimon World: Next Order,digimon-world-next-order,68.5,11,59.8,21,2017,2010,"Role-playing (RPG), Simulator, Adventure","PlayStation 4, PC (Microsoft Windows), Nintendo Switch"
19552,Grow Up,grow-up,68.5,13,66.7,29,2016,2010,"Platform, Adventure","PlayStation 4, PC (Microsoft Windows), Xbox One"
11421,Kitty Powers' Matchmaker,kitty-powers-matchmaker,68.5,4,62.1,7,2014,2010,"Simulator, Strategy, Indie, Arcade, Visual Novel","PlayStation 4, Android, PC (Microsoft Windows), iOS, Mac, Xbox One"
183617,Master Detective Archives: Rain Code,master-detective-archives-rain-code,68.5,4,83.8,20,2023,2020,Adventure,Nintendo Switch
18930,Tokyo 42,tokyo-42,68.5,10,60.1,7,2017,2010,"Shooter, Adventure, Indie","PlayStation 4, PC (Microsoft Windows), Xbox One"
5258,Virtua Tennis 4,virtua-tennis-4,68.5,6,86.2,41,2011,2010,"Simulator, Sport","Arcade, PlayStation 3, Wii, PC (Microsoft Windows), PlayStation Vita, Xbox 360"
19462,WRC 6 FIA World Rally Championship,wrc-6-fia-world-rally-championship,68.5,6,75.9,8,2016,2010,"Racing, Simulator","PlayStation 4, PC (Microsoft Windows), Xbox One"
119260,Bleeding Edge,bleeding-edge,68.4,8,53.6,14,2020,2020,Fighting,"PC (Microsoft Windows), Xbox One"
7392,Code Name S.T.E.A.M.,code-name-steam,68.4,12,61.1,11,2015,2010,"Shooter, Strategy, Turn-based strategy (TBS), Adventure",Nintendo 3DS
228541,Crime Boss: Rockay City,crime-boss-rockay-city,68.4,5,66.1,9,2023,2020,Shooter,"Xbox Series X|S, PC (Microsoft Windows), PlayStation 5"
132164,Crysis Remastered,crysis-remastered,68.4,7,71.8,61,2020,2020,"Shooter, Adventure","Xbox Series X|S, PlayStation 4, PC (Microsoft Windows), PlayStation 5, Xbox One, Nintendo Switch"
4872,Fragile Dreams: Farewell Ruins of the Moon,fragile-dreams-farewell-ruins-of-the-moon,68.4,4,80.0,12,2009,2000,"Role-playing (RPG), Adventure",Wii
144072,Hot Wheels Unleashed,hot-wheels-unleashed,68.4,7,71.5,57,2021,2020,"Racing, Arcade","Xbox Series X|S, PlayStation 4, PC (Microsoft Windows), PlayStation 5, Xbox One, Nintendo Switch"
4985,Madden NFL 10,madden-nfl-10,68.4,6,74.9,9,2009,2000,"Simulator, Sport","PlayStation 3, Xbox 360"
119403,New Super Lucky's Tale,new-super-luckys-tale,68.4,7,80.3,24,2019,2010,"Platform, Adventure, Indie, Arcade","PlayStation 4, PC (Microsoft Windows), PlayStation 5, Xbox One, Nintendo Switch"
2113,Star Wars Battlefront,star-wars-battlefront--1,68.4,18,67.9,446,2015,2010,Shooter,"PlayStation 4, PlayStation VR, PC (Microsoft Windows), Xbox One"
18859,Valley,valley,68.4,9,69.8,23,2016,2010,"Platform, Puzzle, Adventure, Indie","PlayStation 4, Linux, PC (Microsoft Windows), Mac, Xbox One, Nintendo Switch"
90578,12 Orbits,12-orbits,68.3,4,80.0,1,2016,2010,"Sport, Indie, Arcade","Linux, Android, PC (Microsoft Windows), iOS, Mac, Nintendo Switch"
8794,A Bird Story,a-bird-story,68.3,3,74.9,94,2014,2010,"Adventure, Indie","Linux, PC (Microsoft Windows), Mac"
24040,Adventure Lamp,adventure-lamp,68.3,3,,,2016,2010,"Platform, Puzzle, Adventure, Indie","PC (Microsoft Windows), Mac"
78249,Back to the Future: The Game - Episode 1: It's About Time,back-to-the-future-the-game-episode-1-its-about-time,68.3,3,69.9,24,2010,2010,"Point-and-click, Adventure","PlayStation 3, PlayStation 4, PC (Microsoft Windows), iOS, Mac, Xbox 360, Xbox One"
2002,Banished,banished,68.3,3,71.9,199,2014,2010,"Real Time Strategy (RTS), Simulator, Strategy, Indie",PC (Microsoft Windows)
3125,Blazing Angels 2: Secret Missions of WWII,blazing-angels-2-secret-missions-of-wwii,68.3,3,75.0,4,2007,2000,Simulator,"PlayStation 3, PC (Microsoft Windows), Xbox 360"
122200,Bleak Faith: Forsaken,bleak-faith-forsaken,68.3,3,60.4,7,2023,2020,"Role-playing (RPG), Hack and slash/Beat 'em up, Adventure, Indie","Xbox Series X|S, PlayStation 4, PC (Microsoft Windows), PlayStation 5, Xbox One"
177056,Bloodshore,bloodshore,68.3,3,64.7,8,2021,2020,"Adventure, Indie","PlayStation 4, PC (Microsoft Windows), iOS, PlayStation 5, Mac, Xbox One, Nintendo Switch"
25708,Blue Reflection,blue-reflection,68.3,8,79.8,7,2017,2010,Role-playing (RPG),"PlayStation 4, PC (Microsoft Windows), PlayStation Vita"
20292,Call of Duty: Black Ops III - Descent,call-of-duty-black-ops-iii-descent,68.3,3,,,2016,2010,Shooter,"PlayStation 4, PC (Microsoft Windows), Xbox One"
11495,Castle of Illusion Starring Mickey Mouse,castle-of-illusion-starring-mickey-mouse--1,68.3,6,75.7,60,2013,2010,"Platform, Adventure","PlayStation 3, Windows Phone, Android, PC (Microsoft Windows), iOS, Mac, Xbox 360"
1147,Castlevania: Harmony of Despair,castlevania-harmony-of-despair,68.3,3,71.6,16,2010,2010,"Platform, Adventure","PlayStation 3, Xbox 360"
1425,Conker: Live & Reloaded,conker-live-reloaded,68.3,3,79.6,31,2005,2000,"Shooter, Platform","Xbox, PC (Microsoft Windows)"
74540,Deemo: Reborn,deemo-reborn,68.3,3,,,2019,2010,"Music, Puzzle, Role-playing (RPG), Adventure","PlayStation 4, PlayStation VR, PC (Microsoft Windows), iOS, SteamVR, Nintendo Switch"
5812,Delta Force: Black Hawk Down,delta-force-black-hawk-down,68.3,4,72.4,75,2003,2000,"Shooter, Tactical","PC (Microsoft Windows), Mac"
108251,Disneyland Adventures,disneyland-adventures,68.3,9,50.8,15,2011,2010,Adventure,"PC (Microsoft Windows), Xbox 360, Xbox One"
103334,Dragon Star Varnir,dragon-star-varnir,68.3,3,50.0,0,2018,2010,"Role-playing (RPG), Adventure","PlayStation 4, PC (Microsoft Windows), Nintendo Switch"
21397,Formula One: Championship Edition,formula-one-championship-edition,68.3,3,76.1,5,2006,2000,"Racing, Sport",PlayStation 3
11564,Gal*Gun: Double Peace,gal-star-gun-double-peace,68.3,9,77.2,17,2015,2010,"Shooter, Adventure","PlayStation 4, PC (Microsoft Windows), PlayStation Vita"
11361,Gardening Mama,gardening-mama,68.3,3,56.0,2,2009,2000,"Puzzle, Simulator","iOS, Nintendo DS"
127343,Godfall,godfall,68.3,9,65.4,18,2020,2020,"Role-playing (RPG), Adventure","Xbox Series X|S, PlayStation 4, PC (Microsoft Windows), PlayStation 5, Xbox One"
4910,Heatseeker,heatseeker,68.3,3,,,2007,2000,"Shooter, Simulator","Wii, PlayStation Portable, PlayStation 2"
103238,Heroland,heroland,68.3,3,,,2018,2010,"Role-playing (RPG), Strategy, Adventure","PlayStation 4, PC (Microsoft Windows), Nintendo Switch"
8559,I.G.I.-2: Covert Strike,i-dot-g-i-dot-2-covert-strike,68.3,3,73.9,68,2003,2000,Shooter,PC (Microsoft Windows)
137928,Infinity Strash: Dragon Quest - The Adventure of Dai,infinity-strash-dragon-quest-the-adventure-of-dai,68.3,3,,,2023,2020,"Role-playing (RPG), Adventure","Xbox Series X|S, PlayStation 4, PC (Microsoft Windows), PlayStation 5, Xbox One, Nintendo Switch"
136091,King of Seas,king-of-seas,68.3,3,,,2021,2020,"Fighting, Role-playing (RPG), Strategy, Hack and slash/Beat 'em up, Adventure, Indie","PlayStation 4, PC (Microsoft Windows), PlayStation 5, Xbox One, Nintendo Switch"
25743,Lethal VR,lethal-vr,68.3,3,80.0,0,2016,2010,"Shooter, Simulator","PlayStation 4, PlayStation VR, PC (Microsoft Windows)"
19203,Mekazoo,mekazoo,68.3,3,80.0,1,2016,2010,"Platform, Adventure, Indie","PlayStation 4, Linux, PC (Microsoft Windows), Mac, Wii U, Xbox One"
20505,Military Madness: Nectaris,military-madness-nectaris,68.3,3,,,2009,2000,Strategy,"PlayStation 3, Wii, Xbox 360"
145073,Moonglow Bay,moonglow-bay,68.3,3,78.1,6,2021,2020,"Role-playing (RPG), Adventure, Indie","Xbox Series X|S, PlayStation 4, PC (Microsoft Windows), PlayStation 5, Xbox One, Nintendo Switch"
20536,MotoGP4,motogp4,68.3,3,,,2005,2000,"Racing, Sport",PlayStation 2
20100,Mutant Mudds Super Challenge,mutant-mudds-super-challenge,68.3,3,79.0,0,2016,2010,"Platform, Adventure","PlayStation 4, Nintendo 3DS, PC (Microsoft Windows), Wii U, PlayStation Vita, Nintendo Switch"
5977,Outlaw Tennis,outlaw-tennis,68.3,3,,,2005,2000,Sport,"Xbox, PlayStation 2"
23140,PoPoLoCrois,popolocrois,68.3,3,82.2,6,2005,2000,"Role-playing (RPG), Strategy",PlayStation Portable
381109,R-Type Dimensions III,r-type-dimensions-iii,68.3,3,,,2026,2020,"Shooter, Arcade","Xbox Series X|S, Nintendo Switch 2, PC (Microsoft Windows), PlayStation 5, Nintendo Switch"
7173,Samurai Warriors 2,samurai-warriors-2,68.3,3,72.7,16,2006,2000,Hack and slash/Beat 'em up,"PC (Microsoft Windows), Xbox 360, PlayStation 2"
53656,Senran Kagura Burst Re:Newal,senran-kagura-burst-re-newal,68.3,3,61.2,7,2018,2010,Hack and slash/Beat 'em up,"PlayStation 4, PC (Microsoft Windows)"
6051,Showdown: Legends of Wrestling,showdown-legends-of-wrestling,68.3,3,,,2004,2000,"Fighting, Sport","Xbox, Nintendo GameCube, PlayStation 2"
55451,Sinkr,sinkr,68.3,3,80.0,1,2017,2010,"Puzzle, Strategy, Turn-based strategy (TBS), Indie","Linux, PC (Microsoft Windows), iOS, Mac, Xbox One"
6285,Spider-Man 2,spider-man-2,68.3,5,75.8,269,2004,2000,"Hack and slash/Beat 'em up, Adventure","Xbox, Nintendo GameCube, PlayStation 2"
18161,Star Wars Battlefront: Outer Rim,star-wars-battlefront-outer-rim,68.3,3,70.5,5,2016,2010,Shooter,"PlayStation 4, PC (Microsoft Windows), Xbox One"
6175,Still Life,still-life,68.3,3,73.1,81,2005,2000,"Point-and-click, Puzzle, Adventure","Xbox, PC (Microsoft Windows)"
28238,Symphony of the Machine,symphony-of-the-machine,68.3,3,,,2017,2010,"Puzzle, Indie","PlayStation 4, Linux, PlayStation VR, PC (Microsoft Windows), SteamVR"
5212,Tangled,tangled--4,68.3,3,68.0,10,2010,2010,Adventure,"Wii, PC (Microsoft Windows)"
11204,The Walking Dead: Michonne,the-walking-dead-michonne,68.3,4,67.3,216,2016,2010,"Point-and-click, Adventure","PlayStation 3, PlayStation 4, Android, PC (Microsoft Windows), iOS, Mac, Xbox 360, Xbox One"
152203,Trek to Yomi,trek-to-yomi,68.3,7,71.4,76,2022,2020,"Hack and slash/Beat 'em up, Adventure, Indie","Xbox Series X|S, PlayStation 4, PC (Microsoft Windows), PlayStation 5, Xbox One, Nintendo Switch"
8729,Vampyr,vampyr,68.3,17,72.7,282,2018,2010,"Role-playing (RPG), Adventure","Xbox Series X|S, PlayStation 4, PC (Microsoft Windows), PlayStation 5, Xbox One, Nintendo Switch"
11450,"Warhammer 40,000: Regicide",warhammer-40000-regicide,68.3,4,60.0,2,2015,2010,"Puzzle, Strategy, Turn-based strategy (TBS), Tactical, Indie","PlayStation 4, Android, PC (Microsoft Windows), iOS"
24028,Xenoraid,xenoraid,68.3,6,70.0,0,2016,2010,"Shooter, Indie, Arcade","PlayStation 4, PC (Microsoft Windows), PlayStation Vita, Xbox One, Nintendo Switch"
27732,Yonder: The Cloud Catcher Chronicles,yonder-the-cloud-catcher-chronicles,68.3,10,75.1,22,2017,2010,"Puzzle, Adventure, Indie","Xbox Series X|S, PlayStation 4, PC (Microsoft Windows), Xbox One, Nintendo Switch"
334,Zoo Tycoon,zoo-tycoon,68.3,6,78.7,97,2001,2000,Simulator,"PC (Microsoft Windows), Mac"
8920,Act of Aggression,act-of-aggression,68.2,6,70.7,6,2015,2010,"Real Time Strategy (RTS), Strategy, Quiz/Trivia, Indie",PC (Microsoft Windows)
87210,Farming Simulator 19,farming-simulator-19,68.2,5,79.9,32,2018,2010,"Simulator, Strategy","Google Stadia, PlayStation 4, PC (Microsoft Windows), Mac, Xbox One, Nintendo Switch"
136993,Gotham Knights,gotham-knights,68.2,6,64.0,71,2022,2020,"Role-playing (RPG), Hack and slash/Beat 'em up, Adventure","Xbox Series X|S, PC (Microsoft Windows), PlayStation 5"
2629,Guitar Hero: Warriors of Rock,guitar-hero-warriors-of-rock,68.2,5,75.0,64,2010,2010,Music,"PlayStation 3, Wii, Xbox 360"
28125,Layton's Mystery Journey: Katrielle and the Millionaire's Conspiracy,laytons-mystery-journey-katrielle-and-the-millionaires-conspiracy,68.2,5,67.7,15,2017,2010,"Puzzle, Role-playing (RPG), Strategy, Adventure","Nintendo 3DS, Android, iOS"
2689,MySims,mysims,68.2,5,63.1,22,2007,2000,"Simulator, Strategy","Wii, PC (Microsoft Windows)"
15931,Punch Club,punch-club,68.2,5,75.1,95,2016,2010,"Fighting, Role-playing (RPG), Simulator, Sport, Strategy, Indie","PlayStation 4, Linux, Nintendo 3DS, Android, PC (Microsoft Windows), iOS, Mac, Xbox One, Nintendo Switch"
281,Return to Castle Wolfenstein,return-to-castle-wolfenstein,68.2,5,78.8,474,2001,2000,Shooter,"Xbox, Linux, PC (Microsoft Windows), Mac, PlayStation 2"
127060,The Walking Dead: Season Two - Episode 4: Amid the Ruins,the-walking-dead-season-two-episode-4-amid-the-ruins,68.2,6,80.0,6,2014,2010,"Point-and-click, Adventure","PlayStation 3, PlayStation 4, PC (Microsoft Windows), iOS, Mac, PlayStation Vita, Xbox 360, Xbox One"
21599,Virginia,virginia,68.2,17,67.4,90,2016,2010,"Adventure, Indie, Visual Novel","PlayStation 4, PC (Microsoft Windows), Mac, Xbox One"
8654,Adr1ft,adr1ft,68.1,11,79.4,35,2016,2010,"Puzzle, Adventure, Indie","PlayStation 4, PlayStation VR, PC (Microsoft Windows), SteamVR, Oculus Rift, Xbox One"
44122,City of Brass,city-of-brass,68.1,8,40.2,16,2018,2010,"Shooter, Adventure, Indie","PlayStation 4, PC (Microsoft Windows), Xbox One, Nintendo Switch"
127348,Dungeons & Dragons: Dark Alliance,dungeons-and-dragons-dark-alliance,68.1,7,49.9,17,2021,2020,Role-playing (RPG),"Xbox Series X|S, PlayStation 4, PC (Microsoft Windows), PlayStation 5, Xbox One"
6864,Project X Zone,project-x-zone,68.1,7,74.8,13,2012,2010,"Role-playing (RPG), Strategy, Tactical, Adventure",Nintendo 3DS
11560,AER: Memories of Old,aer-memories-of-old,68.0,4,64.7,74,2017,2010,"Puzzle, Adventure, Indie","PlayStation 4, Linux, PC (Microsoft Windows), Mac, Xbox One, Nintendo Switch"
3232,Back to the Future: The Game,back-to-the-future-the-game,68.0,3,68.8,118,2010,2010,"Point-and-click, Puzzle, Adventure","PlayStation 3, PlayStation 4, Wii, PC (Microsoft Windows), iOS, Mac, Xbox 360, Xbox One"
90104,Code of Princess EX,code-of-princess-ex,68.0,4,77.0,1,2018,2010,"Role-playing (RPG), Hack and slash/Beat 'em up, Adventure","PC (Microsoft Windows), Nintendo Switch"
4770,Conduit 2,conduit-2,68.0,5,70.0,7,2011,2010,Shooter,Wii
137680,Curved Space,curved-space,68.0,3,,,2021,2020,"Shooter, Music, Indie, Arcade","Xbox Series X|S, PlayStation 4, PC (Microsoft Windows), PlayStation 5, Xbox One, Nintendo Switch"
21611,Dead Rising 3: Apocalypse Edition,dead-rising-3-apocalypse-edition,68.0,5,76.0,5,2013,2010,,"PC (Microsoft Windows), Xbox One"
6964,Def Jam: Icon,def-jam-icon,68.0,4,78.6,17,2007,2000,"Fighting, Music","PlayStation 3, Xbox 360"
11502,Fairy Fencer F: Advent Dark Force,fairy-fencer-f-advent-dark-force,68.0,6,48.2,5,2015,2010,"Role-playing (RPG), Strategy, Adventure","PlayStation 4, PC (Microsoft Windows), Nintendo Switch"
1350,Gunpey,gunpey,68.0,3,,,1999,1990,Puzzle,WonderSwan
26763,Has-Been Heroes,has-been-heroes,68.0,4,80.0,4,2017,2010,"Role-playing (RPG), Strategy, Adventure, Indie, Arcade","PlayStation 4, PC (Microsoft Windows), Xbox One, Nintendo Switch"
152258,Ixion,ixion--1,68.0,3,79.7,17,2022,2020,"Simulator, Strategy, Indie","Xbox Series X|S, PC (Microsoft Windows), PlayStation 5"
2949,Killing Floor,killing-floor,68.0,5,73.5,165,2009,2000,Shooter,"Linux, PC (Microsoft Windows), Mac"
11258,Mario & Sonic at the Rio 2016 Olympic Games,mario-and-sonic-at-the-rio-2016-olympic-games,68.0,4,64.0,15,2016,2010,Sport,Wii U
1412,Metal Slug 7,metal-slug-7,68.0,4,79.3,24,2008,2000,"Shooter, Platform, Arcade",Nintendo DS
2696,Rock Band Blitz,rock-band-blitz,68.0,5,62.0,11,2012,2010,"Music, Arcade","PlayStation 3, Xbox 360"
55092,Secret of Mana,secret-of-mana--1,68.0,9,51.9,22,2018,2010,"Role-playing (RPG), Adventure","PlayStation 4, PC (Microsoft Windows), PlayStation Vita"
7643,Shadowrun,shadowrun--2,68.0,3,56.1,28,2007,2000,"Shooter, Arcade","PC (Microsoft Windows), Xbox 360"
21667,Siesta Fiesta,siesta-fiesta,68.0,3,69.0,0,2014,2010,"Puzzle, Adventure, Arcade",Nintendo 3DS
3112,Soldier of Fortune II: Double Helix,soldier-of-fortune-ii-double-helix,68.0,4,71.9,77,2002,2000,Shooter,"Xbox, PC (Microsoft Windows), Mac"
19158,Space Run Galaxy,space-run-galaxy,68.0,4,60.0,1,2016,2010,"Strategy, Indie",PC (Microsoft Windows)
2656,The Simpsons Game,the-simpsons-game,68.0,4,71.7,117,2007,2000,Platform,"PlayStation 3, Xbox 360"
73881,The Warlock of Firetop Mountain,the-warlock-of-firetop-mountain,68.0,3,80.0,3,2016,2010,"Adventure, Indie","PC (Microsoft Windows), Nintendo Switch"
1294,Tom Clancy's Ghost Recon,tom-clancy-s-ghost-recon,68.0,3,74.4,80,2001,2000,"Shooter, Simulator, Strategy, Tactical, Adventure","Xbox, Nintendo GameCube, PC (Microsoft Windows), Mac, PlayStation 2"
16880,Tower of Guns,tower-of-guns,68.0,5,60.0,22,2014,2010,"Shooter, Indie","PlayStation 3, PlayStation 4, Linux, PC (Microsoft Windows), Mac, Xbox One"
29586,Wulverblade,wulverblade,68.0,4,88.0,3,2017,2010,"Fighting, Hack and slash/Beat 'em up, Adventure, Indie, Arcade","PlayStation 4, PC (Microsoft Windows), Xbox One, Nintendo Switch"
21430,Zendoku,zendoku,68.0,3,,,2007,2000,Puzzle,"PlayStation Portable, Nintendo DS"
103332,Déraciné,deracine,67.9,8,,,2018,2010,Adventure,PlayStation VR
152480,Madden NFL 22,madden-nfl-22,67.9,8,72.4,10,2021,2020,"Simulator, Sport, Strategy","Google Stadia, Xbox Series X|S, PC (Microsoft Windows), PlayStation 5"
7518,Shank,shank,67.9,5,73.0,105,2010,2010,"Hack and slash/Beat 'em up, Indie","PlayStation 3, Linux, PC (Microsoft Windows), Mac, Xbox 360"
8366,Sniper Elite III,sniper-elite-iii,67.9,12,70.8,201,2014,2010,"Shooter, Simulator, Tactical, Adventure","PlayStation 3, PlayStation 4, PC (Microsoft Windows), Xbox 360, Xbox One, Nintendo Switch"
15519,Batman: Arkham Knight - A Matter of Family,batman-arkham-knight-a-matter-of-family,67.8,4,61.6,26,2015,2010,"Hack and slash/Beat 'em up, Adventure","PlayStation 4, PC (Microsoft Windows), Xbox One"
11119,Fallout Shelter,fallout-shelter,67.8,9,63.4,407,2015,2010,"Role-playing (RPG), Simulator, Strategy","PlayStation 4, Android, PC (Microsoft Windows), iOS, Xbox One, Nintendo Switch"
11338,Gitaroo Man,gitaroo-man,67.8,5,89.5,19,2001,2000,Music,PlayStation 2
18452,Grip,grip,67.8,5,62.5,24,2018,2010,"Shooter, Racing, Indie","PlayStation 4, PC (Microsoft Windows), SteamVR, Xbox One, Nintendo Switch"
11492,Mafia III,mafia-iii,67.8,23,67.1,488,2016,2010,"Shooter, Racing, Adventure","PlayStation 4, PC (Microsoft Windows), Mac, Xbox One"
14364,Matterfall,matterfall,67.8,13,73.6,13,2017,2010,"Shooter, Arcade",PlayStation 4
9620,Megadimension Neptunia VII,megadimension-neptunia-vii,67.8,6,85.5,12,2015,2010,"Role-playing (RPG), Strategy, Turn-based strategy (TBS), Adventure","PlayStation 4, PC (Microsoft Windows), Nintendo Switch"
26157,Super Mario Maker for Nintendo 3DS,super-mario-maker-for-nintendo-3ds,67.8,12,76.7,28,2016,2010,"Platform, Puzzle",Nintendo 3DS
3230,The Night of the Rabbit,the-night-of-the-rabbit,67.8,5,87.2,35,2013,2010,"Point-and-click, Puzzle, Strategy, Adventure, Indie","PlayStation 4, Linux, PC (Microsoft Windows), PlayStation 5, Mac, Nintendo Switch"
21560,The Silver Case,the-silver-case,67.8,10,65.3,24,2016,2010,"Puzzle, Adventure, Visual Novel","PlayStation 4, Linux, PC (Microsoft Windows), Mac, Nintendo Switch"
25649,Voodoo Vince: Remastered,voodoo-vince-remastered,67.8,4,69.1,9,2017,2010,"Platform, Puzzle, Adventure","PC (Microsoft Windows), Xbox One"
127350,Weird West,weird-west,67.8,5,70.7,29,2022,2020,"Role-playing (RPG), Simulator, Adventure, Indie","Xbox Series X|S, PlayStation 4, PC (Microsoft Windows), PlayStation 5, Xbox One"
7483,White Knight Chronicles II,white-knight-chronicles-ii,67.8,4,,,2010,2010,"Role-playing (RPG), Adventure",PlayStation 3
347,Battlefield 2: Special Forces,battlefield-2-special-forces,67.7,3,83.8,28,2005,2000,Shooter,PC (Microsoft Windows)
5779,Close Combat: First to Fight,close-combat-first-to-fight,67.7,3,,,2005,2000,"Shooter, Strategy","Xbox, Wii, PC (Microsoft Windows), Mac"
36144,Mystik Belle,mystik-belle,67.7,3,80.0,2,2015,2010,"Platform, Role-playing (RPG), Adventure, Indie","PlayStation 4, Linux, PC (Microsoft Windows), Mac, Xbox One"
6080,PaRappa the Rapper,parappa-the-rapper,67.7,3,81.1,100,1996,1990,Music,PlayStation
165354,Park Beyond,park-beyond,67.7,3,,,2023,2020,"Simulator, Strategy","Xbox Series X|S, PC (Microsoft Windows), PlayStation 5"
26009,Penny-Punching Princess,penny-punching-princess,67.7,3,77.0,0,2016,2010,"Role-playing (RPG), Hack and slash/Beat 'em up","PlayStation Vita, Nintendo Switch"
338091,Puyo Puyo Tetris 2S,puyo-puyo-tetris-2s,67.7,3,,,2025,2020,Puzzle,Nintendo Switch 2
36549,River City: Knights of Justice,river-city-knights-of-justice--1,67.7,3,,,2014,2010,"Fighting, Role-playing (RPG), Hack and slash/Beat 'em up, Adventure",Nintendo 3DS
11006,Senran Kagura: Estival Versus,senran-kagura-estival-versus,67.7,11,65.3,16,2015,2010,Hack and slash/Beat 'em up,"PlayStation 4, PC (Microsoft Windows), PlayStation Vita"
15490,Shiness: The Lightning Kingdom,shiness-the-lightning-kingdom,67.7,12,80.0,3,2017,2010,"Fighting, Role-playing (RPG), Adventure, Indie","PlayStation 4, PC (Microsoft Windows), Xbox One"
119384,The Dark Crystal: Age of Resistance Tactics,the-dark-crystal-age-of-resistance-tactics,67.7,6,70.0,2,2020,2020,"Role-playing (RPG), Strategy, Turn-based strategy (TBS), Tactical","PlayStation 4, PC (Microsoft Windows), Mac, Xbox One, Nintendo Switch"
26568,Touhou Double Focus,touhou-double-focus,67.7,3,,,2016,2010,"Platform, Adventure, Indie","PlayStation 4, PC (Microsoft Windows), PlayStation Vita"
8213,Tourist Trophy,tourist-trophy,67.7,3,79.9,9,2006,2000,"Racing, Simulator, Sport",PlayStation 2
146957,Undisputed,undisputed,67.7,3,43.1,10,2024,2020,"Fighting, Simulator, Sport, Indie","Xbox Series X|S, PC (Microsoft Windows), PlayStation 5"
2279,Zombi,zombi,67.7,3,,,1986,1980,Adventure,"Commodore C64/128/MAX, ZX Spectrum, Atari ST/STE, DOS, Amiga, Amstrad CPC"
103289,Battletoads,battletoads--2,67.6,8,67.1,34,2020,2020,"Fighting, Platform, Hack and slash/Beat 'em up, Adventure","PC (Microsoft Windows), Xbox One"
11069,LEGO Marvel's Avengers,lego-marvels-avengers,67.6,17,63.1,86,2016,2010,"Platform, Puzzle, Hack and slash/Beat 'em up, Adventure","PlayStation 3, PlayStation 4, Nintendo 3DS, PC (Microsoft Windows), Mac, Wii U, PlayStation Vita, Xbox 360, Xbox One"
18263,Moon Hunters,moon-hunters--1,67.6,7,54.2,30,2016,2010,"Role-playing (RPG), Adventure, Indie","PlayStation 4, Linux, PC (Microsoft Windows), Mac, Xbox One, Nintendo Switch"
21623,Tricky Towers,tricky-towers,67.6,7,75.3,79,2016,2010,"Puzzle, Indie, Arcade","PlayStation 4, Linux, PC (Microsoft Windows), Mac, Xbox One, Nintendo Switch"
11545,Yesterday Origins,yesterday-origins,67.6,5,79.8,14,2016,2010,"Point-and-click, Puzzle, Role-playing (RPG), Adventure","PlayStation 4, PC (Microsoft Windows), iOS, Mac, Xbox One, Nintendo Switch"
19019,Albino Lullaby: Episode 1,albino-lullaby-episode-1,67.5,4,60.0,4,2015,2010,"Adventure, Indie","PC (Microsoft Windows), Oculus Rift"
81205,Assassin's Creed: Rogue Remastered,assassins-creed-rogue-remastered,67.5,4,70.2,26,2018,2010,Adventure,"Google Stadia, PlayStation 4, Xbox One"
20935,Call of Duty: Ghosts - Onslaught,call-of-duty-ghosts-onslaught,67.5,4,64.2,4,2014,2010,Shooter,"PlayStation 3, PlayStation 4, PC (Microsoft Windows), Xbox 360, Xbox One"
1371,Company of Heroes: Tales of Valor,company-of-heroes-tales-of-valor,67.5,4,83.4,35,2009,2000,"Real Time Strategy (RTS), Strategy",PC (Microsoft Windows)
9914,Demon Gaze,demon-gaze,67.5,6,,,2013,2010,Role-playing (RPG),PlayStation Vita
10191,Dollar Dash,dollar-dash,67.5,4,,,2013,2010,Arcade,"PlayStation 3, PC (Microsoft Windows), Xbox 360"
55147,Elex II,elex-ii,67.5,4,69.8,21,2022,2020,"Role-playing (RPG), Adventure","Xbox Series X|S, PlayStation 4, PC (Microsoft Windows), PlayStation 5, Mac, Xbox One"
217577,Fatal Frame: Mask of the Lunar Eclipse,fatal-frame-mask-of-the-lunar-eclipse,67.5,4,60.3,9,2023,2020,Adventure,"Xbox Series X|S, PlayStation 4, PC (Microsoft Windows), PlayStation 5, Xbox One, Nintendo Switch"
4855,Ferrari Challenge: Trofeo Pirelli,ferrari-challenge-trofeo-pirelli,67.5,4,,,2008,2000,"Racing, Simulator",PlayStation 3
144579,Immortals Fenyx Rising: Myths of the Eastern Realm,immortals-fenyx-rising-myths-of-the-eastern-realm,67.5,4,70.7,5,2021,2020,"Puzzle, Role-playing (RPG), Adventure","Xbox Series X|S, PlayStation 4, PC (Microsoft Windows), PlayStation 5, Xbox One, Nintendo Switch"
568,Marvel: Ultimate Alliance 2,marvel-ultimate-alliance-2,67.5,6,73.9,91,2009,2000,"Role-playing (RPG), Hack and slash/Beat 'em up, Adventure","PlayStation 3, PlayStation 4, Wii, PC (Microsoft Windows), PlayStation Portable, Xbox 360, Xbox One, PlayStation 2"
141241,Monster Energy Supercross: The Official Videogame 4,monster-energy-supercross-the-official-videogame-4,67.5,4,,,2021,2020,"Racing, Simulator, Sport","Google Stadia, Xbox Series X|S, PlayStation 4, PC (Microsoft Windows), PlayStation 5, Xbox One, Nintendo Switch"
36957,NBA Live 18,nba-live-18,67.5,4,,,2017,2010,Sport,"PlayStation 4, Xbox One"
19798,Root Letter,root-letter,67.5,8,62.4,6,2016,2010,"Role-playing (RPG), Strategy, Adventure, Visual Novel","PlayStation 4, PC (Microsoft Windows), PlayStation Vita"
11542,Shenmue III,shenmue-iii,67.5,11,64.9,26,2019,2010,"Fighting, Role-playing (RPG), Hack and slash/Beat 'em up, Adventure","PlayStation 4, PC (Microsoft Windows)"
132982,Sir Lovelot,sir-lovelot,67.5,4,,,2021,2020,"Platform, Adventure, Indie, Arcade","PlayStation 4, PC (Microsoft Windows), PlayStation 5, Xbox One, Nintendo Switch"
206680,Smurfs Kart,smurfs-kart,67.5,4,,,2022,2020,"Racing, Arcade","Xbox Series X|S, PlayStation 4, PC (Microsoft Windows), PlayStation 5, Xbox One, Nintendo Switch"
41025,Somerville,somerville,67.5,6,70.7,63,2022,2020,"Puzzle, Adventure","Xbox Series X|S, PlayStation 4, PC (Microsoft Windows), PlayStation 5, Xbox One"
119239,SpongeBob SquarePants: Battle for Bikini Bottom - Rehydrated,spongebob-squarepants-battle-for-bikini-bottom-rehydrated,67.5,8,81.3,102,2020,2020,"Platform, Adventure","Google Stadia, PlayStation 4, Android, PC (Microsoft Windows), iOS, Xbox One, Nintendo Switch"
7584,Star Trek Online,star-trek-online,67.5,6,64.2,42,2010,2010,"Role-playing (RPG), Simulator, Strategy, Tactical, Adventure","PlayStation 4, PC (Microsoft Windows), Mac, Xbox One"
11842,Sword Art Online: Lost Song,sword-art-online-lost-song,67.5,4,74.3,17,2015,2010,Role-playing (RPG),"PlayStation 3, PlayStation 4, PC (Microsoft Windows), PlayStation Vita"
11896,The Amazing Spider-Man,the-amazing-spider-man--1,67.5,4,49.9,6,1990,1990,"Platform, Arcade","Commodore C64/128/MAX, Atari ST/STE, DOS, Amiga"
3857,"The Chronicles of Narnia: The Lion, the Witch and the Wardrobe",the-chronicles-of-narnia-the-lion-the-witch-and-the-wardrobe,67.5,4,53.5,41,2005,2000,Adventure,"Xbox, Nintendo GameCube, PC (Microsoft Windows), PlayStation 2"
16927,The Golf Club,the-golf-club,67.5,4,70.0,0,2014,2010,"Simulator, Sport","PlayStation 4, PC (Microsoft Windows), Xbox One"
243869,The Jackbox Party Pack 10,the-jackbox-party-pack-10,67.5,4,69.9,8,2023,2020,"Puzzle, Role-playing (RPG), Strategy, Indie","Xbox Series X|S, PlayStation 4, Linux, Android, PC (Microsoft Windows), PlayStation 5, Mac, Xbox One, Nintendo Switch"
14415,There Came an Echo,there-came-an-echo,67.5,4,60.0,1,2015,2010,"Real Time Strategy (RTS), Strategy, Indie","PlayStation 4, PC (Microsoft Windows), Xbox One"
3018,Unepic,unepic,67.5,4,73.9,37,2011,2010,"Platform, Puzzle, Role-playing (RPG), Adventure, Indie, Arcade","PlayStation 4, Linux, PC (Microsoft Windows), Mac, Wii U, PlayStation Vita, Xbox One, Nintendo Switch"
21429,Vikings: Wolves of Midgard,vikings-wolves-of-midgard,67.5,4,67.8,19,2017,2010,"Role-playing (RPG), Hack and slash/Beat 'em up","PlayStation 4, Linux, PC (Microsoft Windows), Mac, Xbox One"
31558,WWE 2K18,wwe-2k18,67.5,13,63.3,49,2017,2010,"Fighting, Simulator, Sport","PlayStation 4, PC (Microsoft Windows), Xbox One, Nintendo Switch"
9334,Worms Revolution,worms-revolution--1,67.5,4,69.8,42,2012,2010,"Strategy, Turn-based strategy (TBS)","PlayStation 3, PC (Microsoft Windows), Mac, Xbox 360"
5522,Blackguards,blackguards,67.4,5,64.0,17,2014,2010,"Role-playing (RPG), Strategy, Turn-based strategy (TBS), Indie","PC (Microsoft Windows), Mac"
11540,Exist Archive: The Other Side of the Sky,exist-archive-the-other-side-of-the-sky,67.4,10,,,2015,2010,Role-playing (RPG),"PlayStation 4, PlayStation Vita"
28287,Gundam Versus,gundam-versus,67.4,5,79.9,5,2017,2010,Fighting,PlayStation 4
85612,Minecraft: Story Mode - Episode 1: The Order of the Stone,minecraft-story-mode-episode-1-the-order-of-the-stone,67.4,7,64.0,3,2015,2010,"Point-and-click, Adventure","PlayStation 3, PlayStation 4, Android, PC (Microsoft Windows), iOS, Mac, Wii U, Xbox 360, Xbox One"
11563,Sherlock Holmes: The Devil's Daughter,sherlock-holmes-the-devils-daughter,67.4,8,73.6,111,2016,2010,"Puzzle, Adventure","PlayStation 4, PC (Microsoft Windows), Xbox One, Nintendo Switch"
27331,Cladun Returns: This is Sengoku!,cladun-returns-this-is-sengoku,67.3,3,60.0,0,2016,2010,Role-playing (RPG),"PlayStation 4, PC (Microsoft Windows), PlayStation Vita"
5780,Cold Fear,cold-fear,67.3,3,71.6,64,2005,2000,"Shooter, Puzzle, Adventure","Xbox, PC (Microsoft Windows), PlayStation 2"
19947,Color Guardians,color-guardians,67.3,4,88.7,10,2015,2010,"Platform, Indie","PlayStation 4, PC (Microsoft Windows), Mac, PlayStation Vita"
134830,Destiny 2: Beyond Light,destiny-2-beyond-light,67.3,6,65.6,24,2020,2020,"Shooter, Adventure","Google Stadia, Xbox Series X|S, PlayStation 4, PC (Microsoft Windows), PlayStation 5, Xbox One"
119257,Destroy All Humans!,destroy-all-humans--1,67.3,11,68.4,64,2020,2020,"Shooter, Adventure","Google Stadia, Xbox Series X|S, PlayStation 4, Nintendo Switch 2, PC (Microsoft Windows), PlayStation 5, Xbox One, Nintendo Switch"
134587,Destruction AllStars,destruction-allstars,67.3,7,54.9,14,2021,2020,"Racing, Sport",PlayStation 5
134583,Forspoken,forspoken,67.3,6,58.9,40,2023,2020,"Role-playing (RPG), Adventure","PC (Microsoft Windows), PlayStation 5"
7019,Infinite Undiscovery,infinite-undiscovery,67.3,3,59.7,11,2008,2000,Role-playing (RPG),Xbox 360
111041,Monster Energy Supercross: The Official Videogame 2,monster-energy-supercross-the-official-videogame-2,67.3,3,60.0,1,2019,2010,"Racing, Simulator, Sport","PlayStation 4, PC (Microsoft Windows), Xbox One, Nintendo Switch"
7098,Naruto Shippuden: Ultimate Ninja Storm 2,naruto-shippuden-ultimate-ninja-storm-2,67.3,3,73.7,111,2010,2010,"Fighting, Strategy, Adventure","PlayStation 3, PlayStation 4, PC (Microsoft Windows), Xbox 360, Xbox One, Nintendo Switch"
106988,Persona Dancing: Endless Night Collection,persona-dancing-endless-night-collection,67.3,3,,,2018,2010,Music,"PlayStation 4, PlayStation Vita"
119108,Pupperazzi,pupperazzi,67.3,3,57.8,8,2022,2020,"Simulator, Adventure, Indie","PC (Microsoft Windows), Mac, Xbox One, Nintendo Switch"
9415,Real Boxing,real-boxing,67.3,3,50.1,5,2012,2010,"Fighting, Sport","Android, PC (Microsoft Windows), iOS, PlayStation Vita"
203315,Romancing SaGa: Minstrel Song Remastered,romancing-saga-minstrel-song-remastered,67.3,3,,,2022,2020,"Role-playing (RPG), Turn-based strategy (TBS)","PlayStation 4, Android, PC (Microsoft Windows), iOS, PlayStation 5, Nintendo Switch"
131687,Samurai Jack: Battle Through Time,samurai-jack-battle-through-time,67.3,6,70.5,14,2020,2020,"Fighting, Platform, Hack and slash/Beat 'em up, Adventure","PlayStation 4, PC (Microsoft Windows), iOS, Mac, Xbox One, Nintendo Switch"
11562,Skyhill,skyhill,67.3,3,64.0,15,2015,2010,"Role-playing (RPG), Simulator, Strategy, Adventure, Indie","PlayStation 4, Linux, Android, PC (Microsoft Windows), iOS, Mac, Xbox One, Nintendo Switch"
8875,Surgeon Simulator: Anniversary Edition,surgeon-simulator-anniversary-edition,67.3,3,68.8,6,2014,2010,"Simulator, Indie",PlayStation 4
20168,The Biggest Loser: Ultimate Workout,the-biggest-loser-ultimate-workout,67.3,3,75.0,2,2010,2010,Sport,Xbox 360
3212,The Sims 4,the-sims-4,67.3,15,72.7,653,2014,2010,"Role-playing (RPG), Simulator","PlayStation 4, PC (Microsoft Windows), Mac, Xbox One"
1851,Tom Clancy's Rainbow Six: Lockdown,tom-clancy-s-rainbow-six-lockdown,67.3,3,72.1,34,2005,2000,"Shooter, Tactical","Xbox, Nintendo GameCube, PC (Microsoft Windows), PlayStation 2"
5264,We Cheer 2,we-cheer-2,67.3,3,,,2009,2000,"Music, Simulator, Sport",Wii
25113,Ginger: Beyond the Crystal,ginger-beyond-the-crystal,67.2,6,50.0,1,2016,2010,"Platform, Adventure, Indie","PlayStation 4, PC (Microsoft Windows), Mac, Xbox One, Nintendo Switch"
132707,Madden NFL 21,madden-nfl-21,67.2,9,69.5,12,2020,2020,"Simulator, Sport, Strategy","Google Stadia, PlayStation 4, PC (Microsoft Windows), Xbox One"
127056,Minecraft: Story Mode - Episode 8: A Journey's End?,minecraft-story-mode-episode-8-a-journeys-end,67.2,6,,,2016,2010,"Point-and-click, Adventure","PlayStation 3, PlayStation 4, Android, PC (Microsoft Windows), iOS, Mac, Xbox 360, Xbox One"
18866,Dead by Daylight,dead-by-daylight,67.1,9,70.6,431,2016,2010,Strategy,"Google Stadia, Xbox Series X|S, PlayStation 4, Android, PC (Microsoft Windows), iOS, PlayStation 5, Xbox One, Nintendo Switch"
14760,Death's Gambit,deaths-gambit,67.1,11,70.3,38,2018,2010,"Role-playing (RPG), Adventure, Indie","PlayStation 4, PC (Microsoft Windows), Mac, Xbox One, Nintendo Switch"
27283,Earth Defense Force 5,earth-defense-force-5,67.1,9,71.4,15,2017,2010,"Shooter, Strategy","PlayStation 4, Nintendo Switch 2, PC (Microsoft Windows)"
5491,Armored Core 4,armored-core-4,67.0,5,73.2,7,2006,2000,"Shooter, Simulator","PlayStation 3, Xbox 360"
112732,Assassin's Creed Odyssey: Legacy of the First Blade,assassins-creed-odyssey-legacy-of-the-first-blade,67.0,5,76.1,49,2018,2010,Adventure,"Google Stadia, Xbox Series X|S, PlayStation 4, PC (Microsoft Windows), PlayStation 5, Xbox One"
14567,BlazeRush,blazerush,67.0,3,65.3,13,2014,2010,"Racing, Indie, Arcade","PlayStation 3, PlayStation 4, Linux, PC (Microsoft Windows), Mac, Oculus Rift, Nintendo Switch"
113739,Bright Memory: Infinite,bright-memory-infinite,67.0,5,62.2,49,2021,2020,"Shooter, Hack and slash/Beat 'em up, Adventure, Indie","Xbox Series X|S, Android, PC (Microsoft Windows), iOS, PlayStation 5, Nintendo Switch"
47423,Double Fine Happy Action Theater,double-fine-happy-action-theater,67.0,4,,,2012,2010,Adventure,Xbox 360
55199,Dragon: Marked for Death,dragon-marked-for-death,67.0,3,80.0,8,2019,2010,"Role-playing (RPG), Adventure","PlayStation 4, PC (Microsoft Windows), Nintendo Switch"
23480,FreezeME,freezeme,67.0,3,60.0,2,2015,2010,"Platform, Adventure, Indie","PlayStation 4, Linux, PC (Microsoft Windows), Mac, Wii U, Xbox One"
264313,G.I. Joe: Wrath of Cobra,gi-joe-wrath-of-cobra,67.0,4,,,2024,2020,"Hack and slash/Beat 'em up, Adventure, Indie","Xbox Series X|S, PC (Microsoft Windows), PlayStation 5, Nintendo Switch"
726,Ghost Master,ghost-master,67.0,3,66.1,31,2003,2000,"Puzzle, Strategy","Xbox, PC (Microsoft Windows), Mac, PlayStation 2"
24022,Hunter's Legacy,hunters-legacy,67.0,7,70.0,0,2016,2010,"Platform, Adventure, Indie","PlayStation 4, PC (Microsoft Windows), Mac, Xbox One"
19958,J-Stars Victory Vs+,j-stars-victory-vs-plus,67.0,5,58.3,14,2015,2010,"Fighting, Hack and slash/Beat 'em up","PlayStation 3, PlayStation 4, PlayStation Vita"
14296,Kromaia Ω,kromaia-o,67.0,4,,,2014,2010,"Shooter, Indie","PlayStation 4, PC (Microsoft Windows)"
10512,Leviathan: Warships,leviathan-warships,67.0,3,50.0,2,2013,2010,Strategy,"Android, PC (Microsoft Windows), iOS, Mac"
36620,Light Fall,light-fall,67.0,5,93.0,4,2018,2010,"Platform, Adventure, Indie","PC (Microsoft Windows), Mac, Nintendo Switch"
7055,London 2012: The Official Video Game,london-2012-the-official-video-game,67.0,5,64.6,15,2012,2010,Sport,"PlayStation 3, PC (Microsoft Windows), Xbox 360"
28081,NBA Playgrounds,nba-playgrounds,67.0,7,75.6,8,2017,2010,"Sport, Arcade","PlayStation 4, PC (Microsoft Windows), Xbox One, Nintendo Switch"
18954,Neon Chrome,neon-chrome,67.0,9,68.3,16,2016,2010,"Shooter, Role-playing (RPG), Adventure, Indie","PlayStation 4, Linux, Android, PC (Microsoft Windows), PlayStation 5, Mac, PlayStation Vita, Xbox One, Nintendo Switch"
5067,Neopets Puzzle Adventure,neopets-puzzle-adventure,67.0,5,50.0,2,2008,2000,"Puzzle, Adventure","Wii, PC (Microsoft Windows), Nintendo DS"
8138,Neverending Nightmares,neverending-nightmares,67.0,3,62.9,41,2014,2010,"Adventure, Indie","PlayStation 4, Ouya, Linux, PC (Microsoft Windows), Mac, PlayStation Vita, Nintendo Switch"
8983,Obduction,obduction,67.0,9,76.3,65,2016,2010,"Point-and-click, Puzzle, Adventure, Indie","Windows Mixed Reality, PlayStation 4, PlayStation VR, PC (Microsoft Windows), iOS, SteamVR, Mac, Oculus Rift, Xbox One"
115280,Oninaki,oninaki,67.0,9,60.0,10,2019,2010,"Role-playing (RPG), Adventure","PlayStation 4, PC (Microsoft Windows), Nintendo Switch"
54780,Subsurface Circular,subsurface-circular,67.0,3,71.3,24,2017,2010,"Puzzle, Adventure, Indie","PC (Microsoft Windows), iOS, Mac, Nintendo Switch"
17011,Subterrain,subterrain,67.0,3,69.9,7,2016,2010,"Shooter, Role-playing (RPG), Simulator, Strategy, Adventure, Indie","PlayStation 4, PC (Microsoft Windows), Xbox One"
21376,Unsolved Crimes,unsolved-crimes,67.0,3,,,2008,2000,"Puzzle, Role-playing (RPG), Adventure",Nintendo DS
8967,Worms Battlegrounds,worms-battlegrounds,67.0,4,74.9,34,2014,2010,"Platform, Simulator, Strategy, Turn-based strategy (TBS)","PlayStation 4, Xbox One"
7489,Yakuza: Dead Souls,yakuza-dead-souls,67.0,5,81.0,11,2011,2010,"Shooter, Role-playing (RPG), Sport, Adventure",PlayStation 3
11489,Arslan: The Warriors of Legend,arslan-the-warriors-of-legend,66.9,8,50.0,4,2015,2010,"Role-playing (RPG), Hack and slash/Beat 'em up","PlayStation 3, PlayStation 4, PC (Microsoft Windows), Xbox One"
11199,Fat Princess Adventures,fat-princess-adventures,66.9,7,,,2015,2010,"Role-playing (RPG), Adventure",PlayStation 4
3078,Sniper Elite V2,sniper-elite-v2,66.9,11,72.2,238,2012,2010,"Shooter, Tactical","PlayStation 3, PC (Microsoft Windows), Wii U, Xbox 360"
11658,Yo-Kai Watch 2: Bony Spirits,yo-kai-watch-2-bony-spirits,66.9,8,85.4,9,2014,2010,Role-playing (RPG),Nintendo 3DS
11184,Capsule Force,capsule-force,66.8,5,,,2015,2010,"Fighting, Indie, Arcade","PlayStation 4, Linux, PC (Microsoft Windows), Mac"
134591,Jett: The Far Shore,jett-the-far-shore,66.8,4,,,2021,2020,Adventure,"PlayStation 4, PC (Microsoft Windows), PlayStation 5"
36534,Lost Sphear,lost-sphear,66.8,11,60.1,12,2017,2010,"Role-playing (RPG), Adventure","PlayStation 4, PC (Microsoft Windows), Nintendo Switch"
8266,NFL Street 3,nfl-street-3,66.8,4,89.9,6,2006,2000,Sport,"PlayStation Portable, PlayStation 2"
156151,Nickelodeon All-Star Brawl,nickelodeon-all-star-brawl,66.8,5,69.5,28,2021,2020,"Fighting, Arcade","Xbox Series X|S, PlayStation 4, PC (Microsoft Windows), PlayStation 5, Xbox One, Nintendo Switch"
118272,Predator: Hunting Grounds,predator-hunting-grounds,66.8,10,37.0,14,2020,2020,Shooter,"Xbox Series X|S, PlayStation 4, PC (Microsoft Windows), PlayStation 5"
11196,Star Fox Zero,star-fox-zero,66.8,13,58.3,43,2016,2010,"Shooter, Adventure",Wii U
95005,The Walking Dead: Michonne - Episode 1: In Too Deep,the-walking-dead-michonne-episode-1-in-too-deep,66.8,9,72.4,7,2016,2010,"Point-and-click, Adventure","PlayStation 3, PlayStation 4, Android, PC (Microsoft Windows), iOS, Mac, Xbox 360, Xbox One"
203259,"Warhammer 40,000: Rogue Trader",warhammer-40000-rogue-trader,66.8,5,88.1,34,2023,2020,"Role-playing (RPG), Strategy, Turn-based strategy (TBS), Adventure","Xbox Series X|S, Nintendo Switch 2, PC (Microsoft Windows), PlayStation 5, Mac"
20510,Atelier Iris 2: The Azoth of Destiny,atelier-iris-2-the-azoth-of-destiny,66.7,3,72.4,8,2005,2000,"Role-playing (RPG), Adventure",PlayStation 2
4684,Avatar: The Last Airbender - Into the Inferno,avatar-the-last-airbender-into-the-inferno,66.7,3,60.5,14,2008,2000,Adventure,"Wii, PlayStation 2"
20042,Badland: Game of the Year Edition,badland-game-of-the-year-edition,66.7,3,79.1,8,2015,2010,"Platform, Puzzle, Adventure, Indie, Arcade","PlayStation 3, PlayStation 4, Linux, PC (Microsoft Windows), Mac, Wii U, PlayStation Vita, Xbox One, Nintendo Switch"
121218,Bookbound Brigade,bookbound-brigade,66.7,3,,,2020,2020,"Platform, Puzzle, Adventure, Indie","PlayStation 4, PC (Microsoft Windows), Nintendo Switch"
27407,Bush Hockey League,bush-hockey-league,66.7,3,60.0,0,2017,2010,"Fighting, Sport, Arcade","PlayStation 4, PC (Microsoft Windows), Xbox One, Nintendo Switch"
24445,Conga Master,conga-master,66.7,3,70.0,1,2016,2010,"Music, Indie","PlayStation 4, Linux, PC (Microsoft Windows), Mac, Xbox 360, Xbox One, Nintendo Switch"
120551,Digimon Story Cyber Sleuth: Complete Edition,digimon-story-cyber-sleuth-complete-edition,66.7,3,80.5,24,2019,2010,"Role-playing (RPG), Turn-based strategy (TBS)","PC (Microsoft Windows), Nintendo Switch"
7304,FIFA Street 3,fifa-street-3,66.7,3,69.5,28,2008,2000,Sport,"PlayStation 3, Xbox 360"
37193,Final Fantasy XV: Episode Prompto,final-fantasy-xv-episode-prompto,66.7,3,63.4,14,2017,2010,"Shooter, Adventure","PlayStation 4, PC (Microsoft Windows), Xbox One"
55112,Fist of the North Star: Lost Paradise,fist-of-the-north-star-lost-paradise,66.7,3,89.6,12,2018,2010,"Role-playing (RPG), Hack and slash/Beat 'em up, Adventure",PlayStation 4
76657,Flowing Lights,flowing-lights,66.7,3,,,2021,2020,"Shooter, Puzzle, Indie, Arcade","PC (Microsoft Windows), Xbox One, Nintendo Switch"
6996,Fracture,fracture,66.7,3,64.6,14,2008,2000,Shooter,"PlayStation 3, Xbox 360"
139960,Golden Force,golden-force,66.7,3,,,2021,2020,"Platform, Role-playing (RPG), Adventure, Indie, Arcade","Xbox Series X|S, PlayStation 4, PC (Microsoft Windows), Xbox One, Nintendo Switch"
24041,Gravity Error,gravity-error,66.7,3,70.0,0,2015,2010,"Platform, Puzzle, Indie","PlayStation 4, PC (Microsoft Windows), Mac"
47157,Harold Halibut,harold-halibut,66.7,3,76.0,23,2024,2020,"Simulator, Adventure, Indie","Xbox Series X|S, PC (Microsoft Windows), PlayStation 5, Mac"
75563,Harry Potter: Wizards Unite,harry-potter-wizards-unite,66.7,3,62.6,13,2019,2010,"Role-playing (RPG), Simulator","Android, iOS"
21190,Help Wanted: 50 Wacky Jobs!,help-wanted-50-wacky-jobs,66.7,3,,,2008,2000,Simulator,Wii
140488,In My Shadow,in-my-shadow,66.7,3,,,2021,2020,"Platform, Puzzle, Adventure, Indie","PlayStation 4, PC (Microsoft Windows), iOS, Xbox One, Nintendo Switch"
20406,International Track & Field,international-track-and-field,66.7,3,60.0,5,1996,1990,Sport,"PlayStation 3, Android, PlayStation"
109129,Iris.Fall,iris-dot-fall,66.7,3,60.5,15,2018,2010,"Puzzle, Strategy, Adventure, Indie","PlayStation 4, PC (Microsoft Windows), Xbox One, Nintendo Switch"
47433,JoJo's Bizarre Adventure HD,jojos-bizarre-adventure-hd--1,66.7,3,,,2012,2010,"Fighting, Arcade","PlayStation 3, Xbox 360"
209094,Kirby's Dream Buffet,kirbys-dream-buffet,66.7,3,75.8,8,2022,2020,"Platform, Racing",Nintendo Switch
127743,Lake,lake,66.7,3,69.1,70,2021,2020,"Role-playing (RPG), Simulator, Adventure, Indie","Google Stadia, Xbox Series X|S, PlayStation 4, PC (Microsoft Windows), PlayStation 5, Xbox One, Nintendo Switch"
21396,Lost in Blue 2,lost-in-blue-2,66.7,3,70.0,3,2007,2000,Adventure,Nintendo DS
139939,MXGP 2020: The Official Motocross Videogame,mxgp-2020-the-official-motocross-videogame,66.7,3,,,2020,2020,"Racing, Simulator, Sport","PlayStation 4, PC (Microsoft Windows), PlayStation 5, Xbox One"
10541,Master Reboot,master-reboot,66.7,3,60.5,8,2013,2010,"Puzzle, Adventure, Indie","PlayStation 3, PC (Microsoft Windows), Mac, Wii U"
7367,Metal Gear Online,metal-gear-online,66.7,3,59.6,6,2008,2000,"Shooter, Tactical","Arcade, PlayStation 3"
121753,Metro Exodus: The Two Colonels,metro-exodus-the-two-colonels,66.7,3,79.8,48,2019,2010,"Shooter, Adventure","Xbox Series X|S, PlayStation 4, Linux, PC (Microsoft Windows), PlayStation 5, Mac, Xbox One"
20543,Moon Diver,moon-diver,66.7,3,,,2011,2010,Platform,"PlayStation 3, Xbox 360"
86316,Muse Dash,muse-dash--1,66.7,3,73.4,81,2018,2010,"Music, Indie","Android, PC (Microsoft Windows), iOS, Mac, Nintendo Switch"
5034,My Word Coach,my-word-coach,66.7,3,50.0,2,2007,2000,Puzzle,"Wii, iOS, Nintendo DS"
5061,NBA Live 08,nba-live-08,66.7,3,63.7,13,2007,2000,"Simulator, Sport","PlayStation 3, Xbox 360"
26864,Nefarious,nefarious,66.7,3,59.2,5,2017,2010,"Platform, Adventure, Indie","PlayStation 4, Linux, PC (Microsoft Windows), Mac, Xbox One, Nintendo Switch"
9907,Omega Quintet,omega-quintet,66.7,3,56.1,5,2014,2010,"Role-playing (RPG), Strategy, Adventure","PlayStation 4, PC (Microsoft Windows)"
152077,Painkiller,painkiller--1,66.7,3,62.3,5,2025,2020,"Shooter, Adventure","Xbox Series X|S, PC (Microsoft Windows), PlayStation 5"
20345,Painters Guild,painters-guild,66.7,3,50.0,4,2015,2010,"Simulator, Strategy, Indie",PC (Microsoft Windows)
16313,Planet of the Eyes,planet-of-the-eyes,66.7,3,55.5,7,2015,2010,"Platform, Puzzle, Adventure, Indie","PlayStation 4, PC (Microsoft Windows), Mac, Xbox One"
16273,Sideway New York,sideway-new-york,66.7,3,50.0,3,2011,2010,"Platform, Adventure, Indie","PlayStation 3, PC (Microsoft Windows)"
485,Silent Hill: Homecoming,silent-hill-homecoming,66.7,3,67.1,177,2008,2000,"Puzzle, Adventure","PlayStation 3, PC (Microsoft Windows), Xbox 360"
1493,SimCity Creator,simcity-creator,66.7,3,67.0,3,2008,2000,"Simulator, Strategy",Wii
1491,SimCity Societies,simcity-societies,66.7,3,66.1,24,2007,2000,"Simulator, Strategy",PC (Microsoft Windows)
107155,Sniper Ghost Warrior Contracts,sniper-ghost-warrior-contracts,66.7,3,70.4,35,2019,2010,Shooter,"PlayStation 4, PC (Microsoft Windows), Xbox One"
9661,Stasis,stasis--1,66.7,3,67.9,39,2015,2010,"Point-and-click, Puzzle, Adventure, Indie","Xbox Series X|S, PlayStation 4, PC (Microsoft Windows), PlayStation 5, Mac, Xbox One, Nintendo Switch"
6161,State of Emergency,state-of-emergency,66.7,3,54.9,18,2002,2000,"Hack and slash/Beat 'em up, Adventure","Xbox, PC (Microsoft Windows), PlayStation 2"
20185,Syphon Filter: The Omega Strain,syphon-filter-the-omega-strain,66.7,3,,,2004,2000,Shooter,PlayStation 2
129800,TT Isle of Man: Ride on the Edge 2,tt-isle-of-man-ride-on-the-edge-2--1,66.7,3,50.0,3,2020,2020,"Racing, Simulator, Sport","PlayStation 4, PC (Microsoft Windows), PlayStation 5, Xbox One, Nintendo Switch"
266719,Tales of Arise: Beyond the Dawn,tales-of-arise-beyond-the-dawn,66.7,3,70.0,5,2023,2020,"Role-playing (RPG), Adventure","Xbox Series X|S, PlayStation 4, PC (Microsoft Windows), PlayStation 5, Xbox One"
87975,Tech Support: Error Unknown,tech-support-error-unknown,66.7,3,60.0,3,2019,2010,"Simulator, Adventure, Indie","Linux, PC (Microsoft Windows), Mac"
13138,The Sims: Life Stories,the-sims-life-stories,66.7,3,67.1,15,2007,2000,"Simulator, Strategy","PC (Microsoft Windows), Mac"
14848,The UnderGarden,the-undergarden,66.7,3,62.1,5,2010,2010,"Music, Puzzle, Adventure","PlayStation 3, Linux, PC (Microsoft Windows), Xbox 360"
23636,TheHunter Classic,thehunter-classic,66.7,3,61.1,13,2014,2010,"Shooter, Simulator, Sport, Adventure",PC (Microsoft Windows)
1323,Ty the Tasmanian Tiger 2: Bush Rescue,ty-the-tasmanian-tiger-2-bush-rescue,66.7,3,69.6,16,2004,2000,"Platform, Racing, Adventure, Indie","Xbox, Nintendo GameCube, PlayStation 2"
119360,Undying,undying,66.7,3,61.0,9,2023,2020,"Role-playing (RPG), Strategy, Adventure, Indie","Xbox Series X|S, PC (Microsoft Windows), PlayStation 5, Mac, Nintendo Switch"
137046,Vesper,vesper,66.7,3,,,2021,2020,"Platform, Puzzle, Adventure, Indie",PC (Microsoft Windows)
18399,Werewolves Within,werewolves-within,66.7,3,60.0,2,2016,2010,"Simulator, Strategy","PlayStation VR, SteamVR, Oculus Rift"
19851,Anima: Gate of Memories,anima-gate-of-memories,66.6,8,52.8,8,2016,2010,"Role-playing (RPG), Adventure","PlayStation 4, Linux, PC (Microsoft Windows), Mac, Xbox One, Nintendo Switch"
19765,Berserk and the Band of the Hawk,berserk-and-the-band-of-the-hawk,66.6,14,78.1,15,2016,2010,Hack and slash/Beat 'em up,"PlayStation 3, PlayStation 4, PC (Microsoft Windows), PlayStation Vita"
138796,Chronos: Before the Ashes,chronos-before-the-ashes,66.6,7,69.8,16,2020,2020,"Role-playing (RPG), Adventure, Arcade","Google Stadia, PlayStation 4, PC (Microsoft Windows), Xbox One, Nintendo Switch"
20918,Desync,desync,66.6,5,80.4,5,2017,2010,"Shooter, Indie",PC (Microsoft Windows)
28124,Hey! Pikmin,hey-pikmin,66.6,12,67.8,9,2017,2010,"Platform, Puzzle, Adventure",Nintendo 3DS
526,Need for Speed: The Run,need-for-speed-the-run,66.6,9,68.7,261,2011,2010,Racing,"PlayStation 3, PC (Microsoft Windows), Xbox 360"
76742,One Piece: World Seeker,one-piece-world-seeker,66.6,10,45.9,23,2019,2010,Adventure,"Google Stadia, PlayStation 4, PC (Microsoft Windows), Xbox One"
10815,Schrödinger's Cat and the Raiders of the Lost Quark,schrodingers-cat-and-the-raiders-of-the-lost-quark--1,66.6,8,60.0,0,2014,2010,"Platform, Puzzle, Adventure, Indie","PlayStation 4, Linux, PC (Microsoft Windows), Mac, Xbox One"
44078,The Longest Five Minutes,the-longest-five-minutes,66.6,5,87.0,3,2016,2010,"Role-playing (RPG), Adventure","PC (Microsoft Windows), PlayStation Vita, Nintendo Switch"
7061,MagnaCarta 2,magnacarta-2,66.5,4,66.6,5,2009,2000,"Role-playing (RPG), Adventure",Xbox 360
497,Resident Evil: The Darkside Chronicles,resident-evil-the-darkside-chronicles,66.5,4,68.1,52,2009,2000,Shooter,"PlayStation 3, Wii"
2381,Rise of the Triad,rise-of-the-triad,66.5,4,68.1,28,2013,2010,Shooter,PC (Microsoft Windows)
19541,State of Decay 2,state-of-decay-2,66.5,12,73.6,140,2018,2010,"Role-playing (RPG), Simulator","PC (Microsoft Windows), Xbox One"
905,Tiger Woods PGA Tour 2004,tiger-woods-pga-tour-2004,66.5,3,78.6,9,2003,2000,Sport,"Xbox, Nintendo GameCube, PC (Microsoft Windows), PlayStation 2"
11057,WWE 2K16,wwe-2k16,66.5,11,68.0,57,2015,2010,"Fighting, Simulator, Sport","PlayStation 3, PlayStation 4, PC (Microsoft Windows), Xbox 360, Xbox One"
27376,Battle Princess Madelyn,battle-princess-madelyn,66.4,7,65.1,5,2018,2010,"Platform, Adventure, Indie, Arcade","PlayStation 4, PC (Microsoft Windows), Wii U, PlayStation Vita, Xbox One, Nintendo Switch"
26743,Diluvion,diluvion,66.4,5,60.0,4,2017,2010,"Role-playing (RPG), Strategy, Adventure, Indie","Linux, PC (Microsoft Windows), Mac"
21024,DmC: Devil May Cry - Vergil's Downfall,dmc-devil-may-cry-vergils-downfall,66.4,5,74.0,24,2013,2010,"Hack and slash/Beat 'em up, Adventure","PlayStation 3, PC (Microsoft Windows), Xbox 360"
106836,Scarf,scarf,66.4,5,70.0,5,2021,2020,"Platform, Role-playing (RPG), Strategy, Adventure, Indie","Xbox Series X|S, PlayStation 4, PC (Microsoft Windows), PlayStation 5, Xbox One"
11137,Sea of Thieves,sea-of-thieves,66.4,12,71.4,290,2018,2010,"Simulator, Adventure","Xbox Series X|S, PC (Microsoft Windows), PlayStation 5, Xbox One"
15932,Windlands,windlands,66.4,4,60.0,3,2016,2010,"Role-playing (RPG), Adventure, Indie","Windows Mixed Reality, Linux, PlayStation VR, PC (Microsoft Windows), SteamVR, Mac, Oculus Rift, Oculus Quest"
9971,All Zombies Must Die!,all-zombies-must-die--1,66.3,4,65.5,7,2011,2010,"Shooter, Role-playing (RPG), Arcade","PlayStation 3, PC (Microsoft Windows), Xbox 360"
1342,Beyond: Two Souls,beyond-two-souls,66.3,15,72.8,776,2013,2010,Adventure,"PlayStation 3, PlayStation 4, PC (Microsoft Windows)"
55984,Blacksad: Under the Skin,blacksad-under-the-skin,66.3,4,76.0,72,2019,2010,"Puzzle, Adventure","Xbox Series X|S, PlayStation 4, PC (Microsoft Windows), PlayStation 5, Mac, Xbox One, Nintendo Switch"
22430,Blade Ballet,blade-ballet,66.3,3,70.0,0,2016,2010,"Fighting, Indie","PlayStation 4, PC (Microsoft Windows)"
5752,Blinx 2: Masters of Time and Space,blinx-2-masters-of-time-and-space,66.3,3,,,2004,2000,"Shooter, Platform, Adventure",Xbox
19939,Blue Dragon Plus,blue-dragon-plus,66.3,3,71.0,2,2008,2000,"Real Time Strategy (RTS), Role-playing (RPG), Strategy",Nintendo DS
25742,Blue Rider,blue-rider,66.3,3,70.0,1,2016,2010,"Shooter, Indie, Arcade","PlayStation 4, PC (Microsoft Windows), Xbox One, Nintendo Switch"
21422,Brothers in Arms DS,brothers-in-arms-ds,66.3,3,61.0,1,2007,2000,Shooter,Nintendo DS
139837,Bubble Bobble 4 Friends: The Baron Is Back!,bubble-bobble-4-friends-the-baron-is-back,66.3,3,,,2019,2010,"Platform, Arcade","PlayStation 4, PC (Microsoft Windows), Nintendo Switch"
20826,Carnival Island,carnival-island,66.3,3,,,2011,2010,Arcade,PlayStation 3
22851,Champions of Anteria,champions-of-anteria,66.3,4,50.0,4,2016,2010,"Real Time Strategy (RTS), Role-playing (RPG), Strategy",PC (Microsoft Windows)
125715,Chinatown Detective Agency,chinatown-detective-agency,66.3,4,59.2,6,2022,2020,"Point-and-click, Puzzle, Adventure, Indie","PC (Microsoft Windows), Mac, Xbox One, Nintendo Switch"
297,Counter-Strike: Condition Zero,counter-strike-condition-zero,66.3,3,74.4,255,2004,2000,Shooter,"Xbox, Linux, PC (Microsoft Windows), Mac"
128307,Detective Pikachu Returns,detective-pikachu-returns,66.3,4,59.8,8,2023,2020,Adventure,Nintendo Switch
4824,Driver: Parallel Lines,driver-parallel-lines,66.3,3,73.1,56,2006,2000,"Shooter, Racing","Xbox, Wii, PC (Microsoft Windows), PlayStation 2"
6975,Dynasty Warriors 6,dynasty-warriors-6,66.3,4,74.3,26,2007,2000,Hack and slash/Beat 'em up,"PlayStation 3, PC (Microsoft Windows), PlayStation Portable, Xbox 360"
2747,Elebits,elebits,66.3,3,63.5,8,2006,2000,"Shooter, Puzzle",Wii
23941,Ember,ember,66.3,4,60.0,4,2016,2010,"Fighting, Puzzle, Role-playing (RPG), Strategy, Adventure, Indie","PC (Microsoft Windows), iOS, Nintendo Switch"
4856,FlingSmash,flingsmash,66.3,3,60.0,3,2010,2010,Puzzle,Wii
37092,Hidden Agenda,hidden-agenda,66.3,4,70.5,35,2017,2010,Adventure,PlayStation 4
131888,Hotshot Racing,hotshot-racing,66.3,4,70.3,23,2020,2020,"Racing, Indie, Arcade","PlayStation 4, PC (Microsoft Windows), Xbox One, Nintendo Switch"
18266,MX vs. ATV: Alive,mx-vs-atv-alive,66.3,4,56.1,8,2011,2010,"Racing, Sport","PlayStation 3, Xbox 360"
24918,Mantis Burn Racing,mantis-burn-racing,66.3,8,70.2,5,2016,2010,"Racing, Indie, Arcade","PlayStation 4, PC (Microsoft Windows), Xbox One, Nintendo Switch"
5944,NASCAR 07,nascar-07,66.3,3,74.1,6,2006,2000,"Racing, Simulator, Sport","Xbox, PlayStation Portable, PlayStation 2"
21436,Nanostray,nanostray,66.3,3,69.2,6,2005,2000,,Nintendo DS
139072,Neptunia reVerse,neptunia-reverse,66.3,3,,,2020,2020,Role-playing (RPG),PlayStation 5
14878,Nights of Azure,nights-of-azure,66.3,9,69.4,6,2015,2010,"Role-playing (RPG), Hack and slash/Beat 'em up","PlayStation 3, PlayStation 4, PC (Microsoft Windows), PlayStation Vita"
133454,Paleo Pines,paleo-pines,66.3,4,,,2023,2020,"Role-playing (RPG), Simulator, Adventure, Indie","Xbox Series X|S, PlayStation 4, Linux, PC (Microsoft Windows), PlayStation 5, Xbox One, Nintendo Switch"
12280,Samurai Warriors 4: Empires,samurai-warriors-4-empires,66.3,4,79.3,6,2015,2010,"Strategy, Hack and slash/Beat 'em up","PlayStation 3, PlayStation 4, PlayStation Vita"
16284,Scary Girl,scary-girl,66.3,4,50.0,1,2012,2010,Platform,"PlayStation 3, PC (Microsoft Windows), Xbox 360"
7819,Shadow Puppeteer,shadow-puppeteer,66.3,3,60.0,0,2014,2010,"Platform, Puzzle, Adventure, Indie","PC (Microsoft Windows), Wii U"
261145,South Park: Snow Day!,south-park-snow-day,66.3,4,47.6,14,2024,2020,Adventure,"Xbox Series X|S, PC (Microsoft Windows), PlayStation 5, Nintendo Switch"
178298,Star Ocean: The Divine Force,star-ocean-the-divine-force,66.3,3,79.5,6,2022,2020,"Role-playing (RPG), Adventure","Xbox Series X|S, PlayStation 4, PC (Microsoft Windows), PlayStation 5, Xbox One"
22399,Sudden Strike 4,sudden-strike-4,66.3,4,65.1,5,2017,2010,"Real Time Strategy (RTS), Simulator, Strategy","PlayStation 4, Linux, PC (Microsoft Windows), Mac"
6179,Sudeki,sudeki,66.3,4,76.9,24,2004,2000,"Role-playing (RPG), Adventure","Xbox, PC (Microsoft Windows)"
136000,The Gunk,the-gunk,66.3,4,63.0,69,2021,2020,Adventure,"Xbox Series X|S, PC (Microsoft Windows), Xbox One"
6213,Total Overdose,total-overdose,66.3,3,70.2,87,2005,2000,"Shooter, Adventure","Xbox, PC (Microsoft Windows), PlayStation 2"
18400,Tumble VR,tumble-vr,66.3,6,,,2016,2010,Puzzle,PlayStation VR
21342,Wolf of the Battlefield: Commando 3,wolf-of-the-battlefield-commando-3,66.3,6,,,2008,2000,Shooter,"PlayStation 3, Xbox 360, Xbox One"
18094,Z1: Battle Royale,z1-battle-royale,66.3,4,72.7,48,2018,2010,"Shooter, Adventure","PlayStation 4, PC (Microsoft Windows)"
7642,Among the Sleep,among-the-sleep,66.2,11,69.3,94,2014,2010,"Puzzle, Adventure, Indie","PlayStation 4, Linux, PC (Microsoft Windows), Mac, Xbox One"
138900,Black Legend,black-legend,66.2,5,,,2021,2020,"Role-playing (RPG), Strategy, Tactical, Adventure","Xbox Series X|S, PlayStation 4, PC (Microsoft Windows), PlayStation 5, Xbox One, Nintendo Switch"
3478,Dr. Luigi,dr-luigi,66.2,5,63.2,7,2013,2010,"Puzzle, Strategy",Wii U
122599,My Hero One's Justice 2,my-hero-ones-justice-2,66.2,6,69.6,10,2020,2020,"Fighting, Hack and slash/Beat 'em up","Google Stadia, PlayStation 4, PC (Microsoft Windows), Xbox One, Nintendo Switch"
15290,Sacred Citadel,sacred-citadel,66.2,6,57.1,14,2013,2010,"Role-playing (RPG), Hack and slash/Beat 'em up, Arcade","PlayStation 3, PC (Microsoft Windows), Xbox 360"
15462,Spy Chameleon,spy-chameleon,66.2,5,68.5,12,2014,2010,"Puzzle, Adventure, Indie, Arcade","PlayStation 4, Linux, PC (Microsoft Windows), Mac, Wii U, PlayStation Vita, Xbox One, Nintendo Switch"
7649,Tiny Brains,tiny-brains,66.2,6,67.6,6,2013,2010,"Platform, Puzzle, Adventure, Indie","PlayStation 3, PlayStation 4, PC (Microsoft Windows)"
19599,Mario Party: Star Rush,mario-party-star-rush,66.1,10,50.7,12,2016,2010,"Puzzle, Card & Board Game",Nintendo 3DS
127039,Marvel's Guardians of the Galaxy: The Telltale Series - Episode 1: Tangled Up in Blue,marvels-guardians-of-the-galaxy-the-telltale-series-episode-1-tangled-up-in-blue,66.1,12,,,2017,2010,"Point-and-click, Adventure","PlayStation 4, Android, PC (Microsoft Windows), iOS, Xbox One"
118565,Rocket Arena,rocket-arena,66.1,7,59.4,8,2020,2020,"Shooter, Sport","PlayStation 4, PC (Microsoft Windows), Xbox One"
1052,The Lord of the Rings: War in the North,the-lord-of-the-rings-war-in-the-north,66.1,8,70.6,155,2011,2010,"Role-playing (RPG), Strategy, Hack and slash/Beat 'em up, Adventure","PlayStation 3, PC (Microsoft Windows), Mac, Xbox 360"
106987,Torchlight III,torchlight-iii,66.1,9,49.7,59,2020,2020,"Role-playing (RPG), Adventure, Indie","PlayStation 4, PC (Microsoft Windows), Xbox One, Nintendo Switch"
6745,Ace Combat: Assault Horizon Legacy,ace-combat-assault-horizon-legacy,66.0,6,55.1,8,2011,2010,"Shooter, Simulator, Arcade",Nintendo 3DS
19657,Agatha Christie: The ABC Murders,agatha-christie-the-abc-murders,66.0,3,60.0,3,2009,2000,"Puzzle, Adventure",Nintendo DS
125671,Cannibal Cuisine,cannibal-cuisine,66.0,5,70.0,1,2020,2020,"Simulator, Adventure, Indie, Arcade","Xbox Series X|S, PlayStation 4, PC (Microsoft Windows), PlayStation 5, Xbox One, Nintendo Switch"
2983,Dynasty Warriors 2,dynasty-warriors-2,66.0,3,75.2,25,2000,2000,"Simulator, Strategy, Hack and slash/Beat 'em up",PlayStation 2
27043,FlatOut 4: Total Insanity,flatout-4-total-insanity,66.0,6,50.5,20,2017,2010,Racing,"PlayStation 4, PC (Microsoft Windows), Xbox One"
1508,Front Mission Evolved,front-mission-evolved,66.0,5,64.7,15,2010,2010,"Shooter, Simulator","PlayStation 3, PC (Microsoft Windows), Xbox 360"
21347,Galaga Legions,galaga-legions,66.0,3,,,2008,2000,Shooter,Xbox 360
18858,Halcyon 6: Starbase Commander,halcyon-6-starbase-commander,66.0,5,72.3,5,2016,2010,"Role-playing (RPG), Simulator, Strategy, Turn-based strategy (TBS), Indie","Linux, PC (Microsoft Windows), iOS, Mac, Nintendo Switch"
4839,Halo: Spartan Assault,halo-spartan-assault,66.0,10,65.0,64,2013,2010,Shooter,"Windows Phone, PC (Microsoft Windows), iOS, Xbox 360, Xbox One, Legacy Mobile Device"
20671,Izuna: Legend of the Unemployed Ninja,izuna-legend-of-the-unemployed-ninja,66.0,3,77.0,1,2006,2000,Role-playing (RPG),Nintendo DS
7965,Kholat,kholat,66.0,8,60.6,68,2015,2010,"Adventure, Indie","PlayStation 4, PC (Microsoft Windows), Mac, Xbox One, Nintendo Switch"
17874,LEGO Minifigures Online,lego-minifigures-online,66.0,3,,,2015,2010,"Role-playing (RPG), Adventure","Linux, PC (Microsoft Windows), Mac"
4970,Let's Tap,let-s-tap,66.0,3,,,2008,2000,Music,"Wii, iOS"
3764,Madagascar,madagascar,66.0,5,70.3,82,2005,2000,"Platform, Adventure","Xbox, Nintendo GameCube, PC (Microsoft Windows), PlayStation 2"
4993,Major League Baseball 2K12,major-league-baseball-2k12,66.0,3,70.0,5,2012,2010,Sport,"PlayStation 3, Wii, PC (Microsoft Windows), PlayStation Portable, Xbox 360, Nintendo DS, PlayStation 2"
8209,Mordheim: City of the Damned,mordheim-city-of-the-damned,66.0,3,88.7,12,2015,2010,"Role-playing (RPG), Simulator, Strategy, Turn-based strategy (TBS), Tactical","PlayStation 4, PC (Microsoft Windows), Xbox One"
7717,NBA Live 15,nba-live-15,66.0,4,,,2014,2010,Sport,"PlayStation 4, Xbox One"
146337,Neptunia x Senran Kagura: Ninja Wars,neptunia-x-senran-kagura-ninja-wars,66.0,3,65.2,5,2021,2020,"Role-playing (RPG), Hack and slash/Beat 'em up","PlayStation 4, PC (Microsoft Windows), Nintendo Switch"
1969,Red Dead Revolver,red-dead-revolver,66.0,5,68.5,88,2004,2000,"Shooter, Adventure","Xbox, PlayStation 4, PlayStation 2"
3812,Ryse: Son of Rome,ryse-son-of-rome,66.0,13,70.6,328,2013,2010,"Hack and slash/Beat 'em up, Adventure","PC (Microsoft Windows), Xbox One"
6737,Sherlock Holmes Versus Jack the Ripper,sherlock-holmes-versus-jack-the-ripper,66.0,3,73.5,48,2009,2000,"Point-and-click, Puzzle, Role-playing (RPG), Adventure","PC (Microsoft Windows), Xbox 360"
8714,Sid Meier's Starships,sid-meiers-starships,66.0,5,68.0,9,2015,2010,Strategy,"PC (Microsoft Windows), iOS, Mac"
18039,Small Arms,small-arms,66.0,3,,,2006,2000,"Fighting, Shooter, Platform, Hack and slash/Beat 'em up, Arcade",Xbox 360
152262,Soulstice,soulstice,66.0,3,64.7,16,2022,2020,"Role-playing (RPG), Hack and slash/Beat 'em up, Adventure","Xbox Series X|S, PlayStation 4, PC (Microsoft Windows), PlayStation 5"
157,Star Wars: Dark Forces,star-wars-dark-forces,66.0,3,77.5,164,1995,1990,Shooter,"PlayStation 3, PC (Microsoft Windows), Mac, DOS, PlayStation, PlayStation Portable"
204460,The Lord of the Rings: Return to Moria,the-lord-of-the-rings-return-to-moria,66.0,3,72.6,32,2023,2020,"Role-playing (RPG), Adventure","Xbox Series X|S, PC (Microsoft Windows), PlayStation 5"
13548,Utawarerumono: Mask of Deception,utawarerumono-mask-of-deception,66.0,3,80.1,31,2015,2010,"Role-playing (RPG), Strategy, Turn-based strategy (TBS), Tactical, Visual Novel","PlayStation 3, PlayStation 4, PC (Microsoft Windows), PlayStation Vita, Nintendo Switch"
5276,We Ski & Snowboard,we-ski-snowboard,66.0,3,77.0,4,2008,2000,Sport,Wii
9784,Bridge Constructor,bridge-constructor,65.9,8,59.6,25,2012,2010,"Puzzle, Simulator, Strategy, Indie","PlayStation 4, Linux, Windows Phone, Android, PC (Microsoft Windows), iOS, Mac, PlayStation Vita, Xbox One"
256092,EA Sports FC 24,ea-sports-fc-24,65.9,6,60.7,139,2023,2020,"Simulator, Sport","Xbox Series X|S, PlayStation 4, PC (Microsoft Windows), PlayStation 5, Xbox One, Nintendo Switch"
11217,Metroid Prime: Federation Force,metroid-prime-federation-force,65.9,15,31.3,8,2016,2010,"Shooter, Adventure",Nintendo 3DS
96487,NBA 2K Playgrounds 2,nba-2k-playgrounds-2,65.9,7,72.7,10,2018,2010,"Sport, Arcade","PlayStation 4, PC (Microsoft Windows), Xbox One, Nintendo Switch"
12209,Tokyo Twilight Ghost Hunters: Daybreak Special Gigs,tokyo-twilight-ghost-hunters-daybreak-special-gigs,65.9,11,60.0,2,2015,2010,"Role-playing (RPG), Strategy, Adventure, Visual Novel","PlayStation 3, PlayStation 4, PC (Microsoft Windows), PlayStation Vita"
21346,1942: Joint Strike,1942-joint-strike,65.8,6,74.4,5,2008,2000,Shooter,"PlayStation 3, Xbox 360"
19865,Adventures of Mana,adventures-of-mana,65.8,6,79.9,6,2016,2010,"Role-playing (RPG), Hack and slash/Beat 'em up, Adventure","Android, iOS, PlayStation Vita"
3231,Below,below,65.8,10,72.5,22,2018,2010,"Role-playing (RPG), Adventure, Indie","PlayStation 4, PC (Microsoft Windows), Xbox One"
24921,Driveclub VR,driveclub-vr,65.8,6,,,2016,2010,"Racing, Simulator",PlayStation VR
11002,Earth Defense Force 4.1: The Shadow of New Despair,earth-defense-force-4-dot-1-the-shadow-of-new-despair,65.8,10,66.1,19,2015,2010,"Shooter, Adventure","PlayStation 4, PC (Microsoft Windows)"
505,Hunted: The Demon's Forge,hunted-the-demon-s-forge,65.8,5,62.9,27,2011,2010,"Puzzle, Role-playing (RPG), Hack and slash/Beat 'em up, Adventure","PlayStation 3, PC (Microsoft Windows), Xbox 360"
7340,Mario Party 10,mario-party-10,65.8,14,60.2,50,2015,2010,"Quiz/Trivia, Card & Board Game",Wii U
50867,Marvel Heroes,marvel-heroes,65.8,6,74.2,7,2013,2010,Role-playing (RPG),"PC (Microsoft Windows), Mac"
5006,Michael Jackson: The Experience,michael-jackson-the-experience,65.8,10,96.4,5,2010,2010,"Music, Sport","PlayStation 3, Wii, iOS, Mac, PlayStation Vita, PlayStation Portable"
5979,Pariah,pariah,65.8,4,64.5,21,2005,2000,Shooter,"Xbox, PC (Microsoft Windows)"
5169,Sonic Unleashed,sonic-unleashed,65.8,4,59.0,137,2008,2000,"Platform, Hack and slash/Beat 'em up, Adventure","PlayStation 3, Xbox 360"
7710,State of Decay: Year-One Survival Edition,state-of-decay-year-one-survival-edition,65.8,6,71.4,28,2015,2010,"Shooter, Role-playing (RPG), Simulator, Strategy, Adventure","PC (Microsoft Windows), Xbox One"
36718,Tannenberg,tannenberg,65.8,4,62.0,11,2019,2010,"Shooter, Simulator, Strategy, Indie","PlayStation 4, Linux, PC (Microsoft Windows), PlayStation 5, Mac, Xbox One"
11527,Valkyrie Drive: Bhikkhuni,valkyrie-drive-bhikkhuni,65.8,6,80.0,4,2015,2010,"Fighting, Role-playing (RPG), Hack and slash/Beat 'em up, Adventure","PC (Microsoft Windows), PlayStation Vita"
14702,Cibele,cibele,65.7,3,64.2,15,2015,2010,"Role-playing (RPG), Adventure, Indie","PC (Microsoft Windows), Mac"
6998,Full Auto,full-auto,65.7,3,70.0,5,2006,2000,"Fighting, Racing",Xbox 360
24252,Ghost in the Shell: Stand Alone Complex,ghost-in-the-shell-stand-alone-complex,65.7,3,79.6,10,2004,2000,Shooter,PlayStation 2
27511,Loot Rascals,loot-rascals,65.7,6,69.5,5,2017,2010,"Role-playing (RPG), Strategy, Adventure, Indie","PlayStation 4, PC (Microsoft Windows)"
24150,MX vs. ATV: Unleashed,mx-vs-atv-unleashed,65.7,3,79.9,11,2005,2000,"Racing, Simulator","Xbox, PC (Microsoft Windows), PlayStation 2"
1315,Medal of Honor: Heroes 2,medal-of-honor-heroes-2,65.7,3,68.4,15,2007,2000,Shooter,"Wii, PlayStation Portable"
194507,Moonscars,moonscars,65.7,3,70.2,32,2022,2020,"Platform, Hack and slash/Beat 'em up, Adventure, Indie","Xbox Series X|S, PlayStation 4, PC (Microsoft Windows), PlayStation 5, Xbox One, Nintendo Switch"
36929,Pathfinder: Kingmaker,pathfinder-kingmaker,65.7,3,84.9,95,2018,2010,"Role-playing (RPG), Tactical, Adventure","PlayStation 4, Linux, PC (Microsoft Windows), Mac, Xbox One, Nintendo Switch"
7390,PlayStation All-Stars Battle Royale,playstation-all-stars-battle-royale,65.7,7,64.5,71,2012,2010,"Fighting, Platform","PlayStation 3, PlayStation Vita"
78118,Regalia: Royal Edition,regalia-royal-edition,65.7,3,70.0,4,2018,2010,"Role-playing (RPG), Strategy, Turn-based strategy (TBS), Tactical, Adventure, Indie","PlayStation 4, Linux, PC (Microsoft Windows), Mac, Xbox One, Nintendo Switch"
95068,Space Hulk: Deathwing - Enhanced Edition,space-hulk-deathwing-enhanced-edition,65.7,3,57.7,5,2018,2010,"Shooter, Adventure","PlayStation 4, PC (Microsoft Windows), Xbox One"
9194,Subject 13,subject-13,65.7,3,50.0,3,2015,2010,"Puzzle, Adventure, Indie","PlayStation 4, PC (Microsoft Windows), Mac, Xbox One"
120867,Super Monkey Ball: Banana Blitz HD,super-monkey-ball-banana-blitz-hd,65.7,6,42.7,6,2019,2010,"Platform, Puzzle, Arcade","PlayStation 4, PC (Microsoft Windows), Xbox One, Nintendo Switch"
10143,Animal Crossing: Happy Home Designer,animal-crossing-happy-home-designer,65.6,9,63.0,34,2015,2010,Simulator,Nintendo 3DS
6921,Blitz: The League II,blitz-the-league-ii,65.6,5,51.7,6,2008,2000,Sport,"PlayStation 3, Xbox 360"
17027,Crush Your Enemies,crush-your-enemies,65.6,8,80.0,1,2016,2010,"Real Time Strategy (RTS), Strategy, Indie","Linux, Android, PC (Microsoft Windows), iOS, Mac, Nintendo Switch"
4906,Harry Potter and the Half-Blood Prince,harry-potter-and-the-half-blood-prince,65.6,7,67.8,109,2009,2000,Adventure,"PlayStation 3, Wii, PC (Microsoft Windows), Mac, Xbox 360, PlayStation 2"
8479,Naruto Shippuden: Ultimate Ninja Storm Revolution,naruto-shippuden-ultimate-ninja-storm-revolution,65.6,5,65.8,96,2014,2010,"Fighting, Adventure","PlayStation 3, PC (Microsoft Windows), Xbox 360"
23330,Nine Parchments,nine-parchments,65.6,7,73.7,15,2017,2010,Role-playing (RPG),"PlayStation 4, PC (Microsoft Windows), Xbox One, Nintendo Switch"
194209,The DioField Chronicle,the-diofield-chronicle,65.6,5,,,2022,2020,"Role-playing (RPG), Simulator, Strategy, Turn-based strategy (TBS)","Xbox Series X|S, PlayStation 4, PC (Microsoft Windows), PlayStation 5, Xbox One, Nintendo Switch"
1004,The Matrix: Path of Neo,the-matrix-path-of-neo,65.6,5,67.7,83,2005,2000,"Shooter, Hack and slash/Beat 'em up","Xbox, PC (Microsoft Windows), PlayStation 2"
5299,WWE SmackDown vs. Raw 2009,wwe-smackdown-vs-raw-2009,65.6,9,70.1,49,2008,2000,"Fighting, Sport","PlayStation 3, PlayStation Portable, Xbox 360, Legacy Mobile Device, PlayStation 2"
18052,Wreckateer,wreckateer,65.6,9,,,2012,2010,Puzzle,Xbox 360
16741,Blade & Soul,blade-and-soul,65.5,4,65.5,40,2012,2010,Role-playing (RPG),PC (Microsoft Windows)
348220,Call of Duty: Black Ops 7,call-of-duty-black-ops-7,65.5,4,39.9,72,2025,2020,Shooter,"Xbox Series X|S, PlayStation 4, PC (Microsoft Windows), PlayStation 5, Xbox One"
2706,Mario & Sonic at the Olympic Games,mario-and-sonic-at-the-olympic-games,65.5,4,63.7,68,2007,2000,Sport,Wii
8339,Minecraft: Story Mode,minecraft-story-mode,65.5,7,72.2,128,2015,2010,"Point-and-click, Adventure","Web browser, PlayStation 3, PlayStation 4, Android, PC (Microsoft Windows), iOS, Mac, Wii U, Xbox 360, Xbox One, Nintendo Switch"
11649,The Park,the-park,65.5,10,66.0,36,2015,2010,Adventure,"PlayStation 4, PC (Microsoft Windows), Xbox One, Nintendo Switch"
3849,Cars,cars,65.4,4,64.4,50,2006,2000,"Racing, Adventure","Xbox, Nintendo GameCube, PlayStation 2"
194207,Valkyrie Elysium,valkyrie-elysium,65.4,5,65.8,6,2022,2020,"Role-playing (RPG), Hack and slash/Beat 'em up","PlayStation 4, PC (Microsoft Windows), PlayStation 5"
103168,Warhammer: Chaosbane,warhammer-chaosbane,65.4,8,71.2,34,2019,2010,"Role-playing (RPG), Hack and slash/Beat 'em up, Adventure","Xbox Series X|S, PlayStation 4, PC (Microsoft Windows), PlayStation 5, Xbox One"
252873,A.I.L.A,aila,65.3,3,60.1,9,2025,2020,Adventure,"Xbox Series X|S, PC (Microsoft Windows), PlayStation 5"
250632,Concord,concord--1,65.3,4,36.9,17,2024,2020,"Shooter, Adventure","PC (Microsoft Windows), PlayStation 5"
5924,Dead Rising 2: Off the Record,dead-rising-2-off-the-record,65.3,9,71.9,45,2011,2010,"Hack and slash/Beat 'em up, Adventure","PlayStation 3, PlayStation 4, PC (Microsoft Windows), Xbox 360, Xbox One"
23499,Earth's Dawn,earths-dawn,65.3,4,90.0,1,2015,2010,"Role-playing (RPG), Hack and slash/Beat 'em up, Indie","PlayStation 4, Android, PC (Microsoft Windows), iOS, Xbox One, Nintendo Switch"
20947,Fruit Ninja Kinect 2,fruit-ninja-kinect-2,65.3,3,80.0,0,2015,2010,,Xbox One
20052,Heroes of Might & Magic III: HD Edition,heroes-of-might-and-magic-iii-hd-edition--1,65.3,3,79.4,29,2015,2010,"Role-playing (RPG), Strategy",PC (Microsoft Windows)
28226,Infinite Minigolf,infinite-minigolf,65.3,3,60.0,4,2016,2010,"Simulator, Sport, Indie, Arcade","PlayStation 4, PlayStation VR, PC (Microsoft Windows), Xbox One, Nintendo Switch"
21564,Into the Stars,into-the-stars,65.3,6,50.0,2,2015,2010,"Simulator, Strategy, Adventure, Indie",PC (Microsoft Windows)
1645,James Bond 007: From Russia with Love,james-bond-007-from-russia-with-love,65.3,3,72.4,39,2005,2000,"Shooter, Racing","Xbox, Nintendo GameCube, PlayStation 2"
7443,Lichdom: Battlemage,lichdom-battlemage,65.3,3,50.8,16,2014,2010,"Shooter, Role-playing (RPG), Indie","PlayStation 4, PC (Microsoft Windows), Xbox One"
55068,Little Orpheus,little-orpheus,65.3,3,66.9,10,2020,2020,"Platform, Puzzle, Adventure","PlayStation 4, PC (Microsoft Windows), iOS, Mac, Xbox One, Nintendo Switch"
3987,Mario Super Sluggers,mario-super-sluggers,65.3,3,70.7,37,2008,2000,Sport,"Wii, Wii U"
2021,Mount & Blade,mount-blade,65.3,4,72.5,128,2008,2000,"Shooter, Role-playing (RPG), Simulator, Adventure, Indie",PC (Microsoft Windows)
450,Operation Flashpoint: Red River,operation-flashpoint-red-river,65.3,4,69.3,23,2011,2010,"Shooter, Simulator, Strategy","PlayStation 3, PC (Microsoft Windows), Xbox 360"
5089,Pac-Man Party,pac-man-party,65.3,3,,,2010,2010,,Wii
1043,Sacred 2: Fallen Angel,sacred-2-fallen-angel,65.3,6,67.8,50,2008,2000,"Role-playing (RPG), Adventure","PlayStation 3, PC (Microsoft Windows), Xbox 360"
36462,Spellspire,spellspire,65.3,3,80.0,1,2017,2010,"Puzzle, Role-playing (RPG)","PlayStation 4, PC (Microsoft Windows), PlayStation Vita, Xbox One, Nintendo Switch"
1376,The Amazing Spider-Man,the-amazing-spider-man,65.3,6,66.4,116,2012,2010,"Hack and slash/Beat 'em up, Adventure","PlayStation 3, PC (Microsoft Windows), Xbox 360"
5651,Deception IV: Blood Ties,deception-iv-blood-ties,65.2,6,,,2014,2010,"Puzzle, Real Time Strategy (RTS), Role-playing (RPG), Strategy","PlayStation 3, PlayStation Vita"
267648,Tales of the Shire,tales-of-the-shire,65.2,5,,,2025,2020,"Role-playing (RPG), Simulator, Indie","Xbox Series X|S, Nintendo Switch 2, PC (Microsoft Windows), PlayStation 5, Nintendo Switch"
127034,The Walking Dead: Michonne - Episode 2: Give No Shelter,the-walking-dead-michonne-episode-2-give-no-shelter,65.2,6,72.4,7,2016,2010,"Point-and-click, Adventure","PlayStation 3, PlayStation 4, Android, PC (Microsoft Windows), iOS, Mac, Xbox 360, Xbox One"
26546,Dynasty Warriors 9,dynasty-warriors-9,65.1,8,50.6,14,2018,2010,"Role-playing (RPG), Hack and slash/Beat 'em up, Adventure","PlayStation 4, PC (Microsoft Windows), Xbox One"
11079,Senran Kagura 2: Deep Crimson,senran-kagura-2-deep-crimson,65.1,7,82.0,4,2014,2010,"Fighting, Hack and slash/Beat 'em up",Nintendo 3DS
10032,Ancestors: The Humankind Odyssey,ancestors-the-humankind-odyssey,65.0,12,70.7,66,2019,2010,"Role-playing (RPG), Adventure, Indie","PlayStation 4, PC (Microsoft Windows), Xbox One"
76566,Antigraviator,antigraviator,65.0,4,60.0,0,2018,2010,"Racing, Sport, Indie, Arcade","PlayStation 4, PC (Microsoft Windows), Xbox One"
3792,Avatar: The Last Airbender,avatar-the-last-airbender,65.0,5,57.0,27,2006,2000,"Role-playing (RPG), Adventure","Xbox, Nintendo GameCube, Wii, PlayStation 2"
3809,Big Mutha Truckers,big-mutha-truckers,65.0,3,59.8,6,2002,2000,"Racing, Simulator","Xbox, Nintendo GameCube, PC (Microsoft Windows), PlayStation 2"
2606,BloodRayne: Betrayal,bloodrayne-betrayal,65.0,3,50.3,15,2011,2010,"Platform, Hack and slash/Beat 'em up","PlayStation 3, PC (Microsoft Windows), Xbox 360"
21096,Chronicles of Mystery: Curse of the Ancient Temple,chronicles-of-mystery-curse-of-the-ancient-temple,65.0,3,,,2009,2000,"Point-and-click, Puzzle, Adventure",Nintendo DS
215119,Colossal Cave,colossal-cave--1,65.0,3,,,2023,2020,"Point-and-click, Puzzle, Strategy, Adventure","Xbox Series X|S, PlayStation 4, Linux, PC (Microsoft Windows), PlayStation 5, Mac, Xbox One, Nintendo Switch"
5638,Costume Quest 2,costume-quest-2--1,65.0,6,71.1,37,2014,2010,"Role-playing (RPG), Turn-based strategy (TBS), Adventure","PlayStation 3, PlayStation 4, Linux, PC (Microsoft Windows), Mac, Wii U, Xbox 360, Xbox One"
2967,Cryostasis,cryostasis,65.0,5,77.5,47,2009,2000,"Shooter, Puzzle, Adventure",PC (Microsoft Windows)
103494,Crystar,crystar,65.0,3,82.4,6,2018,2010,"Role-playing (RPG), Adventure","PlayStation 4, PC (Microsoft Windows), PlayStation 5, Nintendo Switch"
4783,Cursed Mountain,cursed-mountain,65.0,3,57.2,15,2009,2000,"Shooter, Adventure","Wii, PC (Microsoft Windows)"
20121,DanceMasters,dancemasters,65.0,3,65.0,1,2010,2010,Music,Xbox 360
14527,Datura,datura,65.0,5,61.1,5,2012,2010,Adventure,PlayStation 3
18371,Escape Plan,escape-plan,65.0,3,65.8,16,2012,2010,"Point-and-click, Puzzle, Adventure","PlayStation 4, PlayStation Vita"
21835,Every Extend Extra Extreme,every-extend-extra-extreme,65.0,3,,,2007,2000,"Puzzle, Arcade",Xbox 360
7306,Final Exam,final-exam,65.0,3,60.0,5,2013,2010,"Shooter, Platform, Hack and slash/Beat 'em up, Adventure, Indie","PlayStation 3, PC (Microsoft Windows), Xbox 360"
103371,Fitness Boxing,fitness-boxing,65.0,3,83.0,4,2018,2010,"Music, Sport",Nintendo Switch
19932,Gemini: Heroes Reborn,gemini-heroes-reborn,65.0,6,80.0,3,2016,2010,"Shooter, Adventure","PlayStation 4, PC (Microsoft Windows), Xbox One"
5064,Goodbye Deponia,goodbye-deponia,65.0,3,81.9,91,2013,2010,"Point-and-click, Puzzle, Adventure, Indie","PlayStation 4, Linux, PC (Microsoft Windows), Mac, Xbox One, Nintendo Switch"
7088,Guitar Hero: On Tour,guitar-hero-on-tour,65.0,3,59.5,15,2008,2000,Music,Nintendo DS
8438,Hack n Slash,hack-n-slash,65.0,4,49.6,10,2014,2010,"Puzzle, Hack and slash/Beat 'em up, Adventure, Indie","Linux, PC (Microsoft Windows), Mac"
7320,Hyperdimension Neptunia Mk2,hyperdimension-neptunia-mk2,65.0,3,66.7,6,2011,2010,"Role-playing (RPG), Tactical",PlayStation 3
144580,Immortals Fenyx Rising: The Lost Gods,immortals-fenyx-rising-the-lost-gods,65.0,3,,,2021,2020,"Puzzle, Role-playing (RPG), Adventure","Xbox Series X|S, PlayStation 4, PC (Microsoft Windows), PlayStation 5, Xbox One, Nintendo Switch"
19354,Joint Task Force,joint-task-force,65.0,3,70.0,3,2007,2000,"Real Time Strategy (RTS), Strategy",PC (Microsoft Windows)
1937,Killzone: Shadow Fall,killzone-shadow-fall,65.0,14,69.8,155,2013,2010,Shooter,PlayStation 4
2755,Kinectimals,kinectimals,65.0,4,61.4,9,2010,2010,"Simulator, Sport","PC (Microsoft Windows), Xbox 360"
11451,Kyn,kyn,65.0,3,50.0,2,2015,2010,"Role-playing (RPG), Hack and slash/Beat 'em up, Adventure, Indie",PC (Microsoft Windows)
6837,LEGO City Undercover: The Chase Begins,lego-city-undercover-the-chase-begins,65.0,5,61.7,9,2013,2010,Adventure,Nintendo 3DS
102087,Leisure Suit Larry: Wet Dreams Don't Dry,leisure-suit-larry-wet-dreams-dont-dry,65.0,3,67.6,24,2018,2010,"Point-and-click, Puzzle, Adventure","PlayStation 4, PC (Microsoft Windows), Mac, Xbox One, Nintendo Switch"
1363,Little Inferno,little-inferno,65.0,8,73.6,156,2012,2010,"Puzzle, Simulator, Adventure, Indie","Linux, Android, PC (Microsoft Windows), iOS, Mac, Wii U, Nintendo Switch"
20522,LostMagic,lostmagic,65.0,3,,,2006,2000,"Real Time Strategy (RTS), Role-playing (RPG), Strategy",Nintendo DS
7692,MXGP: The Official Motocross Videogame,mxgp-the-official-motocross-videogame,65.0,4,80.0,3,2014,2010,"Racing, Simulator, Sport","PlayStation 3, PlayStation 4, PC (Microsoft Windows), Xbox 360"
26499,Malicious Fallen,malicious-fallen,65.0,3,,,2017,2010,Hack and slash/Beat 'em up,PlayStation 4
109421,Marvel's Spider-Man: Turf Wars,marvels-spider-man-turf-wars,65.0,5,72.0,46,2018,2010,"Hack and slash/Beat 'em up, Adventure",PlayStation 4
5913,Men of Valor,men-of-valor,65.0,3,59.5,8,2004,2000,Shooter,"Xbox, PC (Microsoft Windows)"
103304,Metal Wolf Chaos XD,metal-wolf-chaos-xd,65.0,7,80.0,4,2019,2010,Shooter,"PlayStation 4, PC (Microsoft Windows), Xbox One"
67191,Minecraft: New Nintendo 3DS Edition,minecraft-new-nintendo-3ds-edition,65.0,3,63.0,2,2017,2010,"Simulator, Strategy, Adventure, Indie","Nintendo 3DS, New Nintendo 3DS"
127055,Minecraft: Story Mode - Episode 7: Access Denied,minecraft-story-mode-episode-7-access-denied,65.0,5,,,2016,2010,"Point-and-click, Adventure","PlayStation 3, PlayStation 4, Android, PC (Microsoft Windows), iOS, Mac, Xbox 360, Xbox One"
312111,Mortal Kombat 1: Khaos Reigns Expansion,mortal-kombat-1-khaos-reigns-expansion,65.0,4,,,2024,2020,Fighting,"Xbox Series X|S, PC (Microsoft Windows), PlayStation 5, Nintendo Switch"
8992,MouseCraft,mousecraft,65.0,3,70.2,18,2014,2010,"Puzzle, Strategy, Adventure, Indie, Arcade","PlayStation 3, PlayStation 4, Ouya, Linux, Windows Phone, PC (Microsoft Windows), Mac, PlayStation Vita, Nintendo Switch"
74250,My Lovely Daughter,my-lovely-daughter,65.0,3,70.0,2,2018,2010,"Puzzle, Role-playing (RPG), Simulator, Strategy, Adventure, Indie, Visual Novel","Linux, PC (Microsoft Windows), Mac, Nintendo Switch"
117313,Paranoia: Happiness is Mandatory,paranoia-happiness-is-mandatory,65.0,3,,,2023,2020,"Role-playing (RPG), Tactical","PlayStation 4, PC (Microsoft Windows), Xbox One"
2047,Poker Night 2,poker-night-2,65.0,3,75.5,36,2013,2010,"Puzzle, Sport, Strategy, Turn-based strategy (TBS), Card & Board Game","PlayStation 3, PC (Microsoft Windows), Mac, Xbox 360"
128069,Pokémon Mystery Dungeon: Rescue Team DX,pokemon-mystery-dungeon-rescue-team-dx,65.0,4,78.2,32,2020,2020,"Role-playing (RPG), Adventure",Nintendo Switch
14291,Poncho,poncho,65.0,4,60.0,1,2015,2010,"Platform, Puzzle, Adventure, Indie","PlayStation 4, Linux, PC (Microsoft Windows), Mac, Wii U, PlayStation Vita"
7635,Primordia,primordia,65.0,3,84.9,56,2012,2010,"Point-and-click, Puzzle, Role-playing (RPG), Adventure, Indie","Linux, PC (Microsoft Windows), iOS, Mac, Nintendo Switch"
22020,Prince of Persia: Rival Swords,prince-of-persia-rival-swords,65.0,3,68.1,10,2007,2000,"Platform, Puzzle, Adventure",Wii
6003,Reservoir Dogs,reservoir-dogs,65.0,3,63.9,27,2006,2000,Shooter,"Xbox, PC (Microsoft Windows), PlayStation 2"
137195,River City Girls Zero,river-city-girls-zero,65.0,3,,,2022,2020,"Fighting, Hack and slash/Beat 'em up, Adventure, Arcade","Xbox Series X|S, PlayStation 4, PC (Microsoft Windows), PlayStation 5, Xbox One, Nintendo Switch"
11530,Senran Kagura Bon Appétit!,senran-kagura-bon-appetit,65.0,5,79.2,9,2014,2010,Music,"PC (Microsoft Windows), PlayStation Vita"
15165,SingStar: '90s,singstar-90s,65.0,3,,,2007,2000,Music,PlayStation 2
75866,Sleep Tight,sleep-tight,65.0,3,60.0,0,2018,2010,"Shooter, Strategy, Indie, Arcade","PC (Microsoft Windows), Nintendo Switch"
185248,Slitterhead,slitterhead,65.0,3,65.0,7,2024,2020,Adventure,"Xbox Series X|S, PlayStation 4, PC (Microsoft Windows), PlayStation 5"
20184,Smash Court Tennis Pro Tournament 2,smash-court-tennis-pro-tournament-2,65.0,3,,,2004,2000,Sport,PlayStation 2
116802,Sonic at the Olympic Games: Tokyo 2020,sonic-at-the-olympic-games-tokyo-2020,65.0,6,,,2020,2020,Sport,"Amazon Fire TV, Android, iOS"
15614,Space Empires V,space-empires-v,65.0,3,50.0,2,2006,2000,"Simulator, Strategy",PC (Microsoft Windows)
111054,Super Dragon Ball Heroes: World Mission,super-dragon-ball-heroes-world-mission,65.0,3,59.6,15,2019,2010,"Puzzle, Strategy, Turn-based strategy (TBS), Card & Board Game","PC (Microsoft Windows), Nintendo Switch"
19976,Tachyon Project,tachyon-project,65.0,4,50.0,0,2015,2010,"Shooter, Adventure, Indie, Arcade","PlayStation 4, PC (Microsoft Windows), Wii U, PlayStation Vita, Xbox One, Nintendo Switch"
575,The Godfather II,the-godfather-ii,65.0,7,69.9,90,2009,2000,"Shooter, Racing, Adventure","PlayStation 3, PC (Microsoft Windows), Xbox 360"
204622,The Last Case of Benedict Fox,the-last-case-of-benedict-fox,65.0,4,65.6,10,2023,2020,"Platform, Hack and slash/Beat 'em up, Adventure, Indie","Xbox Series X|S, PC (Microsoft Windows), Xbox One"
1582,The Legend of Spyro: A New Beginning,the-legend-of-spyro-a-new-beginning,65.0,4,62.0,25,2006,2000,"Platform, Adventure","Xbox, Nintendo GameCube, PlayStation 2"
14566,The Purring Quest,the-purring-quest,65.0,3,80.0,4,2015,2010,"Platform, Indie",PC (Microsoft Windows)
80944,The Raven Remastered,the-raven-remastered,65.0,3,69.8,10,2018,2010,"Point-and-click, Adventure","PlayStation 4, Linux, PC (Microsoft Windows), Mac, Xbox One, Nintendo Switch"
96065,The Spectrum Retreat,the-spectrum-retreat,65.0,4,69.9,16,2018,2010,"Platform, Puzzle, Strategy, Adventure, Indie","PlayStation 4, PC (Microsoft Windows), Xbox One, Nintendo Switch"
20171,Tokyo Crash Mobs,tokyo-crash-mobs,65.0,3,68.0,0,2012,2010,Puzzle,Nintendo 3DS
5300,WWE SmackDown vs. Raw 2010,wwe-smackdown-vs-raw-2010,65.0,3,67.6,65,2009,2000,"Fighting, Sport","PlayStation 3, Wii, iOS, PlayStation Portable, Xbox 360, Nintendo DS, PlayStation 2"
5325,Wii Fit U,wii-fit-u,65.0,3,68.4,11,2013,2010,"Simulator, Sport",Wii U
28380,Darksiders III,darksiders-iii,64.9,16,71.7,136,2018,2010,"Role-playing (RPG), Hack and slash/Beat 'em up, Adventure","Google Stadia, PlayStation 4, PC (Microsoft Windows), Xbox One, Nintendo Switch"
9176,Call of Cthulhu,call-of-cthulhu,64.8,8,69.2,146,2018,2010,"Role-playing (RPG), Adventure","PlayStation 4, PC (Microsoft Windows), Xbox One, Nintendo Switch"
13669,Dynasty Warriors 8: Empires,dynasty-warriors-8-empires,64.8,11,70.0,12,2014,2010,"Strategy, Hack and slash/Beat 'em up","PlayStation 3, PlayStation 4, PC (Microsoft Windows), PlayStation Vita, Xbox One, Nintendo Switch"
7658,Fable Anniversary,fable-anniversary,64.8,10,81.4,112,2014,2010,"Role-playing (RPG), Adventure","PC (Microsoft Windows), Xbox 360"
20950,Lifeless Planet: Premier Edition,lifeless-planet-premier-edition,64.8,4,57.1,18,2015,2010,"Platform, Puzzle, Adventure, Indie","PlayStation 4, Linux, PC (Microsoft Windows), Mac, Xbox One, Nintendo Switch"
19907,Resistance: Burning Skies,resistance-burning-skies,64.8,6,53.6,11,2012,2010,Shooter,PlayStation Vita
1256,Robert Ludlum's The Bourne Conspiracy,robert-ludlums-the-bourne-conspiracy,64.8,4,57.7,25,2008,2000,Shooter,"PlayStation 3, Xbox 360"
121947,The Suicide of Rachel Foster,the-suicide-of-rachel-foster,64.8,4,70.2,56,2020,2020,"Adventure, Indie","PlayStation 4, Linux, PC (Microsoft Windows), PlayStation 5, Xbox One, Nintendo Switch"
540,Disney Universe,disney-universe,64.7,6,62.2,20,2011,2010,"Platform, Adventure","PlayStation 3, Wii, PC (Microsoft Windows), Mac, Xbox 360"
9869,Hyperdimension Neptunia Re;Birth3: V Generation,hyperdimension-neptunia-re-birth3-v-generation,64.7,3,75.8,9,2014,2010,"Role-playing (RPG), Strategy, Turn-based strategy (TBS), Adventure","PlayStation 4, PC (Microsoft Windows), PlayStation Vita, Nintendo Switch"
4842,Kinect Sports Rivals,kinect-sports-rivals,64.7,14,80.0,2,2014,2010,Sport,Xbox One
18443,One Piece: Burning Blood,one-piece-burning-blood,64.7,9,67.6,30,2016,2010,"Fighting, Adventure","PlayStation 4, PC (Microsoft Windows), PlayStation Vita, Xbox One"
20961,Teslapunk,teslapunk,64.7,3,,,2016,2010,"Shooter, Arcade","PC (Microsoft Windows), Wii U, Xbox One"
141538,The Callisto Protocol,the-callisto-protocol,64.7,7,69.3,155,2022,2020,"Shooter, Adventure","Xbox Series X|S, PlayStation 4, PC (Microsoft Windows), PlayStation 5, Xbox One"
107296,Treasure Stack,treasure-stack,64.7,3,,,2019,2010,"Platform, Puzzle, Indie","PC (Microsoft Windows), Xbox One, Nintendo Switch"
2165,War Thunder,war-thunder,64.7,3,74.2,240,2013,2010,"Shooter, Simulator, Tactical","Xbox Series X|S, PlayStation 4, Linux, PC (Microsoft Windows), PlayStation 5, Mac, Xbox One"
6638,Wheelman,wheelman,64.7,6,62.4,36,2009,2000,"Shooter, Racing, Adventure","PlayStation 3, PC (Microsoft Windows), Xbox 360"
110581,World's End Club,worlds-end-club--1,64.7,3,69.9,7,2020,2020,"Platform, Role-playing (RPG), Adventure","Xbox Series X|S, PC (Microsoft Windows), iOS, PlayStation 5, Xbox One, Nintendo Switch"
11177,Gang Beasts,gang-beasts,64.6,5,73.8,159,2017,2010,"Fighting, Indie","PlayStation 4, Linux, PlayStation VR, PC (Microsoft Windows), Mac, Xbox One, Nintendo Switch"
24446,Lichtspeer,lichtspeer,64.6,7,60.0,1,2016,2010,"Sport, Adventure, Indie, Arcade","PlayStation 4, Linux, Android, PC (Microsoft Windows), iOS, Mac, PlayStation Vita, Nintendo Switch"
5116,Raving Rabbids: Travel in Time,raving-rabbids-travel-in-time,64.6,5,49.9,5,2010,2010,"Platform, Puzzle",Wii
55072,Rush: A Disney Pixar Adventure,rush-a-disney-pixar-adventure,64.6,8,53.5,14,2012,2010,Adventure,"PC (Microsoft Windows), Xbox 360, Xbox One"
24051,Dear Esther: Landmark Edition,dear-esther-landmark-edition,64.5,11,69.2,94,2016,2010,"Adventure, Indie","PlayStation 4, PC (Microsoft Windows), iOS, Mac, Xbox One"
137,Star Wars: The Force Unleashed II,star-wars-the-force-unleashed-ii,64.5,5,64.4,293,2010,2010,"Role-playing (RPG), Hack and slash/Beat 'em up, Adventure","PlayStation 3, Linux, PC (Microsoft Windows), iOS, Xbox 360"
20449,Time Crisis: Razing Storm,time-crisis-razing-storm,64.5,4,,,2010,2010,Shooter,PlayStation 3
27270,Payday 3,payday-3,64.4,5,59.4,45,2023,2020,Shooter,"Xbox Series X|S, PC (Microsoft Windows), PlayStation 5"
140253,Turrican Flashback,turrican-flashback,64.4,5,,,2020,2020,"Shooter, Platform, Arcade","PlayStation 4, Nintendo Switch"
928,Unreal Tournament III,unreal-tournament-iii,64.4,7,76.3,135,2007,2000,Shooter,"PlayStation 3, PC (Microsoft Windows), Xbox 360"
120625,Disintegration,disintegration,64.3,8,66.4,10,2020,2020,"Shooter, Strategy, Adventure","PlayStation 4, PC (Microsoft Windows), Xbox One"
19624,Dynasty Warriors 5: Empires,dynasty-warriors-5-empires,64.3,4,75.0,8,2006,2000,"Tactical, Hack and slash/Beat 'em up","Xbox 360, PlayStation 2"
2673,Guitar Hero: Aerosmith,guitar-hero-aerosmith,64.3,6,71.5,58,2008,2000,Music,"PlayStation 3, Wii, PC (Microsoft Windows), Mac, Xbox 360, PlayStation 2"
7008,Heroes Over Europe,heroes-over-europe,64.3,4,75.0,4,2009,2000,Simulator,"PlayStation 3, PC (Microsoft Windows), Xbox 360"
223741,Jurassic World Aftermath Collection,jurassic-world-aftermath-collection,64.3,3,,,2021,2020,"Puzzle, Strategy, Adventure","PlayStation VR2, PlayStation VR, Nintendo Switch, Oculus Quest"
7586,King Arthur II: The Role-Playing Wargame,king-arthur-ii-the-role-playing-wargame,64.3,4,44.0,6,2012,2010,"Real Time Strategy (RTS), Role-playing (RPG), Strategy, Turn-based strategy (TBS)",PC (Microsoft Windows)
133400,MX Nitro: Unleashed,mx-nitro-unleashed,64.3,3,,,2017,2010,"Racing, Simulator, Sport, Arcade","PlayStation 4, PC (Microsoft Windows), Xbox One, Nintendo Switch"
22182,Momonga Pinball Adventures,momonga-pinball-adventures,64.3,3,60.0,0,2015,2010,"Pinball, Adventure, Indie, Arcade","PlayStation 4, PC (Microsoft Windows), Mac, Wii U, Xbox One, Nintendo Switch"
15912,Red Goddess: Inner World,red-goddess-inner-world,64.3,3,40.0,0,2015,2010,"Platform, Puzzle, Adventure, Indie","PlayStation 4, PC (Microsoft Windows)"
7708,Saints Row: Gat Out of Hell,saints-row-gat-out-of-hell,64.3,11,67.1,163,2015,2010,"Shooter, Adventure","PlayStation 3, PlayStation 4, Linux, PC (Microsoft Windows), Xbox 360, Xbox One"
6159,Star Wars: Episode III - Revenge of the Sith,star-wars-episode-iii-revenge-of-the-sith,64.3,3,64.8,80,2005,2000,"Hack and slash/Beat 'em up, Adventure","Xbox, PlayStation 3, PlayStation 2"
19497,Tennis in the Face,tennis-in-the-face,64.3,3,80.0,3,2013,2010,"Puzzle, Sport, Indie, Arcade","PlayStation 3, PlayStation 4, Android, PC (Microsoft Windows), iOS, PlayStation Vita, Xbox One, Nintendo Switch"
89562,The Blackout Club,the-blackout-club,64.3,3,60.6,7,2019,2010,"Role-playing (RPG), Simulator, Indie","PlayStation 4, PC (Microsoft Windows), Xbox One"
9435,Urban Trial Freestyle,urban-trial-freestyle,64.3,8,69.3,10,2013,2010,"Platform, Racing, Simulator, Sport, Arcade","Nintendo 3DS, PC (Microsoft Windows), iOS, PlayStation Vita"
11216,Chibi-Robo! Zip Lash,chibi-robo-zip-lash,64.2,5,49.4,10,2015,2010,"Platform, Adventure",Nintendo 3DS
6751,Code of Princess,code-of-princess,64.2,6,78.6,9,2012,2010,"Role-playing (RPG), Hack and slash/Beat 'em up, Adventure","Nintendo 3DS, PC (Microsoft Windows)"
21072,Dynasty Warriors: Gundam Reborn,dynasty-warriors-gundam-reborn,64.2,9,,,2013,2010,"Role-playing (RPG), Simulator, Hack and slash/Beat 'em up, Adventure",PlayStation 3
86457,The World Next Door,the-world-next-door,64.2,5,60.0,11,2019,2010,"Puzzle, Adventure, Indie, Visual Novel","PC (Microsoft Windows), Mac, Nintendo Switch"
5298,WWE SmackDown vs. Raw 2008,wwe-smackdown-vs-raw-2008,64.2,6,70.7,54,2007,2000,"Fighting, Sport","PlayStation 3, Wii, PlayStation Portable, Xbox 360, Legacy Mobile Device, PlayStation 2"
7268,Akiba's Trip: Undead & Undressed,akiba-s-trip-undead-undressed,64.1,7,63.0,24,2013,2010,"Role-playing (RPG), Adventure","PlayStation 3, PlayStation 4, PC (Microsoft Windows), PlayStation Vita"
3234,Arcania: Gothic 4,arcania-gothic-4,64.0,5,55.1,83,2010,2010,Role-playing (RPG),"PlayStation 4, Linux, PC (Microsoft Windows), Xbox 360"
8218,Assassin's Creed III: The Tyranny of King Washington,assassins-creed-iii-the-tyranny-of-king-washington,64.0,5,66.6,45,2013,2010,Adventure,"PlayStation 3, PC (Microsoft Windows), Wii U, Xbox 360"
19913,Black Knight Sword,black-knight-sword,64.0,5,,,2012,2010,Platform,"PlayStation 3, Xbox 360"
136980,Button City,button-city,64.0,3,,,2021,2020,"Role-playing (RPG), Adventure, Indie, Arcade, Visual Novel","Xbox Series X|S, PC (Microsoft Windows), PlayStation 5, Mac, Nintendo Switch"
4219,Darkest of Days,darkest-of-days,64.0,4,60.6,16,2009,2000,Shooter,"PC (Microsoft Windows), Mac, Xbox 360"
20933,Dead Rising 3: Operation Broken Eagle,dead-rising-3-operation-broken-eagle,64.0,4,,,2014,2010,,"PC (Microsoft Windows), Xbox One"
9767,Dungeons 2,dungeons-2,64.0,4,68.2,15,2015,2010,"Real Time Strategy (RTS), Role-playing (RPG), Simulator, Strategy","PlayStation 4, Linux, PC (Microsoft Windows), Mac"
3914,Fantastic 4,fantastic-4,64.0,4,65.7,27,2005,2000,"Hack and slash/Beat 'em up, Adventure","Xbox, Nintendo GameCube, PC (Microsoft Windows), PlayStation 2"
204356,Fort Solis,fort-solis,64.0,5,69.2,37,2023,2020,"Adventure, Indie","Xbox Series X|S, PC (Microsoft Windows), PlayStation 5, Mac"
5895,Foul Play,foul-play,64.0,5,62.5,7,2013,2010,"Fighting, Hack and slash/Beat 'em up, Adventure, Indie, Arcade","PlayStation 4, Linux, PC (Microsoft Windows), Mac, PlayStation Vita, Xbox 360"
7309,Full Auto 2: Battlelines,full-auto-2-battlelines,64.0,3,,,2006,2000,"Fighting, Racing","PlayStation 3, PlayStation Portable"
3925,Future Tactics: The Uprising,future-tactics-the-uprising,64.0,4,56.0,1,2004,2000,"Shooter, Strategy, Tactical","Xbox, Nintendo GameCube, PC (Microsoft Windows), Gizmondo, PlayStation 2"
7543,Gods Will Be Watching,gods-will-be-watching,64.0,5,85.8,34,2013,2010,"Point-and-click, Puzzle, Strategy, Turn-based strategy (TBS), Adventure, Indie","Web browser, Linux, Android, PC (Microsoft Windows), iOS, Mac"
20059,KickBeat: Special Edition,kickbeat-special-edition,64.0,3,67.0,1,2014,2010,"Fighting, Music, Adventure, Arcade","PlayStation 4, Wii U, Xbox One"
5904,Mace Griffin: Bounty Hunter,mace-griffin-bounty-hunter,64.0,3,56.9,5,2003,2000,Shooter,"Xbox, Nintendo GameCube, PC (Microsoft Windows), PlayStation 2"
4990,Major League Baseball 2K9,major-league-baseball-2k9,64.0,3,,,2009,2000,Sport,"PlayStation 3, Wii, PC (Microsoft Windows), PlayStation Portable, Xbox 360, PlayStation 2"
76960,MediEvil,medievil--1,64.0,10,79.8,62,2019,2010,"Platform, Puzzle, Hack and slash/Beat 'em up, Adventure",PlayStation 4
395183,Monopoly: Star Wars Heroes vs. Villains,monopoly-star-wars-heroes-vs-villains,64.0,3,,,2026,2020,"Strategy, Card & Board Game","Xbox Series X|S, Nintendo Switch 2, PC (Microsoft Windows), PlayStation 5, Nintendo Switch"
115477,Monster Jam Steel Titans,monster-jam-steel-titans,64.0,3,50.0,2,2019,2010,"Racing, Simulator, Sport","Google Stadia, PlayStation 4, PC (Microsoft Windows), Xbox One, Nintendo Switch"
25202,Saint Seiya: Brave Soldiers,saint-seiya-brave-soldiers,64.0,4,,,2013,2010,Fighting,PlayStation 3
14952,The Climb,the-climb--1,64.0,3,,,2016,2010,"Sport, Adventure, Arcade","Oculus VR, Meta Quest 2, PC (Microsoft Windows), Oculus Rift, Oculus Quest"
11744,The Escapists: The Walking Dead,the-escapists-the-walking-dead--1,64.0,5,69.9,12,2015,2010,"Puzzle, Role-playing (RPG), Simulator, Strategy, Indie, Arcade","PlayStation 4, Linux, PC (Microsoft Windows), Mac, Xbox One"
2638,The Incredible Adventures of Van Helsing,the-incredible-adventures-of-van-helsing,64.0,5,67.5,70,2013,2010,"Role-playing (RPG), Strategy, Hack and slash/Beat 'em up, Adventure, Indie","PlayStation 4, PC (Microsoft Windows), Mac, Xbox One, Nintendo Switch"
4215,True Crime: New York City,true-crime-new-york-city,64.0,3,66.4,66,2005,2000,"Shooter, Adventure","Xbox, Nintendo GameCube, PC (Microsoft Windows), PlayStation 2"
137290,Unknown 9: Awakening,unknown-9-awakening,64.0,4,23.3,6,2024,2020,Adventure,"Xbox Series X|S, PlayStation 4, PC (Microsoft Windows), PlayStation 5, Xbox One"
137048,Wonder Boy: Asha in Monster World,wonder-boy-asha-in-monster-world,64.0,8,,,2021,2020,"Platform, Role-playing (RPG)","Xbox Series X|S, PlayStation 4, PC (Microsoft Windows), PlayStation 5, Nintendo Switch"
19409,Farming Simulator 17,farming-simulator-17,63.9,7,76.2,21,2016,2010,"Simulator, Strategy","PlayStation 4, PC (Microsoft Windows), Mac, Xbox One"
393,Final Fantasy III,final-fantasy-iii,63.9,9,68.2,125,2006,2000,"Role-playing (RPG), Adventure",Nintendo DS
19729,Mr. Shifty,mr-shifty,63.9,8,78.9,21,2017,2010,"Fighting, Shooter, Puzzle, Hack and slash/Beat 'em up, Adventure, Indie","PlayStation 4, Linux, PC (Microsoft Windows), Mac, Xbox One, Nintendo Switch"
1082,Resident Evil 6,resident-evil-6,63.9,12,64.8,556,2012,2010,"Shooter, Adventure","PlayStation 3, PC (Microsoft Windows), Xbox 360"
4674,Angry Birds Star Wars,angry-birds-star-wars,63.8,4,74.8,92,2012,2010,"Puzzle, Strategy, Arcade","BlackBerry OS, PlayStation 3, PlayStation 4, Nintendo 3DS, Wii, Windows Phone, Android, PC (Microsoft Windows), iOS, Mac, Wii U, PlayStation Vita, Xbox 360, Xbox One"
19617,Fallen Legion: Sins of an Empire,fallen-legion-sins-of-an-empire,63.8,5,,,2017,2010,"Role-playing (RPG), Adventure",PlayStation 4
19930,Fortune Street,fortune-street,63.8,4,70.4,5,2011,2010,"Role-playing (RPG), Card & Board Game",Wii
26628,Glittermitten Grove,glittermitten-grove,63.8,4,80.0,4,2016,2010,"Simulator, Strategy","Linux, PC (Microsoft Windows), Mac"
90107,Layers of Fear 2,layers-of-fear-2,63.8,11,68.9,64,2019,2010,"Adventure, Indie","PlayStation 4, PC (Microsoft Windows), Xbox One, Nintendo Switch"
143620,Miitopia,miitopia--1,63.8,4,70.4,16,2021,2020,"Puzzle, Role-playing (RPG), Simulator, Adventure",Nintendo Switch
20585,Rayman 3D,rayman-3d,63.8,4,68.1,5,2011,2010,"Platform, Adventure",Nintendo 3DS
3668,Shrek 2,shrek-2,63.8,4,59.9,79,2004,2000,"Platform, Adventure","Xbox, Nintendo GameCube, PC (Microsoft Windows), PlayStation 2"
19637,Star Wars: The Force Unleashed - Ultimate Sith Edition,star-wars-the-force-unleashed-ultimate-sith-edition,63.8,4,75.9,35,2009,2000,"Role-playing (RPG), Hack and slash/Beat 'em up, Adventure","PlayStation 3, PC (Microsoft Windows), Mac, Xbox 360"
10140,Uncanny Valley,uncanny-valley,63.8,4,57.9,14,2015,2010,"Puzzle, Adventure, Indie","PlayStation 4, PC (Microsoft Windows), PlayStation Vita, Xbox One, Nintendo Switch"
7240,Wanted: Weapons of Fate,wanted-weapons-of-fate,63.8,4,58.1,46,2009,2000,Shooter,"PlayStation 3, PC (Microsoft Windows), Xbox 360"
135554,Worms Rumble,worms-rumble,63.8,4,57.0,25,2020,2020,"Shooter, Platform, Strategy, Indie","Xbox Series X|S, PlayStation 4, PC (Microsoft Windows), PlayStation 5, Xbox One, Nintendo Switch"
5597,Assetto Corsa,assetto-corsa,63.7,10,77.8,109,2014,2010,"Racing, Simulator, Sport, Indie","PlayStation 4, PC (Microsoft Windows), Xbox One"
17966,Catlateral Damage,catlateral-damage,63.7,3,63.6,6,2015,2010,"Shooter, Simulator, Indie","Web browser, PlayStation 4, Ouya, Linux, PlayStation VR, PC (Microsoft Windows), SteamVR, Mac"
127043,Marvel's Guardians of the Galaxy: The Telltale Series - Episode 5: Don't Stop Believin,marvels-guardians-of-the-galaxy-the-telltale-series-episode-5-dont-stop-believin,63.7,6,,,2017,2010,"Point-and-click, Adventure","PlayStation 4, Android, PC (Microsoft Windows), iOS, Xbox One"
4009,Midway Arcade Treasures 3,midway-arcade-treasures-3,63.7,3,68.0,2,2005,2000,"Racing, Arcade","Xbox, Nintendo GameCube, PlayStation 2"
135338,Neptunia: Virtual Stars,neptunia-virtual-stars,63.7,3,,,2021,2020,"Shooter, Role-playing (RPG), Hack and slash/Beat 'em up, Adventure","PlayStation 4, PC (Microsoft Windows)"
4566,Pokémon Mystery Dungeon: Gates to Infinity,pokemon-mystery-dungeon-gates-to-infinity,63.7,6,67.5,33,2012,2010,"Role-playing (RPG), Strategy, Tactical",Nintendo 3DS
3802,Risen 2: Dark Waters,risen-2-dark-waters,63.7,6,69.5,112,2012,2010,"Role-playing (RPG), Adventure","PlayStation 3, PC (Microsoft Windows), Xbox 360"
26760,Super Bomberman R,super-bomberman-r,63.7,15,61.5,30,2017,2010,"Puzzle, Strategy, Arcade","PlayStation 4, PC (Microsoft Windows), Xbox One, Nintendo Switch"
5853,The Great Escape,the-great-escape,63.7,3,70.9,5,2003,2000,"Shooter, Adventure, Indie","Xbox, PC (Microsoft Windows), PlayStation 2"
11221,The Solus Project,the-solus-project,63.7,6,67.7,20,2016,2010,"Simulator, Adventure, Indie","PlayStation 4, PlayStation VR, PC (Microsoft Windows), SteamVR, Xbox One"
18303,Arizona Sunshine,arizona-sunshine,63.6,5,63.8,28,2016,2010,"Shooter, Adventure, Indie","Meta Quest 2, PlayStation VR, SteamVR, Meta Quest 3, Oculus Rift, Oculus Quest"
28242,Danger Zone,danger-zone,63.6,9,60.0,3,2017,2010,"Racing, Indie, Arcade","PlayStation 4, PC (Microsoft Windows), Xbox One"
1833,Dead Island: Riptide,dead-island-riptide,63.6,11,69.3,157,2013,2010,"Shooter, Role-playing (RPG), Hack and slash/Beat 'em up","PlayStation 3, PC (Microsoft Windows), Xbox 360"
127041,Marvel's Guardians of the Galaxy: The Telltale Series - Episode 3: More than a Feeling,marvels-guardians-of-the-galaxy-the-telltale-series-episode-3-more-than-a-feeling,63.6,5,,,2017,2010,"Point-and-click, Adventure","PlayStation 4, Android, PC (Microsoft Windows), iOS, Xbox One"
976,Resident Evil: The Mercenaries 3D,resident-evil-the-mercenaries-3d,63.6,5,50.8,17,2011,2010,"Shooter, Adventure",Nintendo 3DS
4,Thief,thief,63.6,14,69.9,347,2014,2010,"Shooter, Adventure","PlayStation 3, PlayStation 4, PC (Microsoft Windows), Mac, Xbox 360, Xbox One"
173091,Wanted: Dead,wanted-dead,63.6,5,50.1,12,2023,2020,"Shooter, Hack and slash/Beat 'em up, Adventure","Xbox Series X|S, PlayStation 4, PC (Microsoft Windows), PlayStation 5, Xbox One"
20412,Dragon Ball: Origins 2,dragon-ball-origins-2,63.5,3,70.0,8,2010,2010,,Nintendo DS
8849,Dungeons,dungeons,63.5,3,69.1,8,2011,2010,"Real Time Strategy (RTS), Role-playing (RPG), Simulator, Strategy",PC (Microsoft Windows)
141544,Evil Dead: The Game,evil-dead-the-game--1,63.5,4,57.6,22,2022,2020,Shooter,"Xbox Series X|S, PlayStation 4, PC (Microsoft Windows), PlayStation 5, Xbox One, Nintendo Switch"
100387,Hyper Scape,hyper-scape,63.5,4,56.6,34,2020,2020,Shooter,"PlayStation 4, PC (Microsoft Windows), Xbox One"
11565,JoJo's Bizarre Adventure: Eyes of Heaven,jojos-bizarre-adventure-eyes-of-heaven,63.5,10,81.7,20,2015,2010,"Fighting, Arcade","PlayStation 3, PlayStation 4"
4845,The LEGO Movie Videogame,the-lego-movie-videogame,63.5,10,64.2,83,2014,2010,"Puzzle, Adventure","PlayStation 3, PlayStation 4, PC (Microsoft Windows), Mac, Wii U, PlayStation Vita, Xbox 360, Xbox One"
27216,Theseus,theseus,63.5,4,70.0,3,2017,2010,"Adventure, Indie","PlayStation 4, PC (Microsoft Windows), SteamVR"
5275,We Ski,we-ski,63.5,4,75.5,6,2008,2000,Sport,Wii
4678,Arc Rise Fantasia,arc-rise-fantasia,63.4,4,90.0,2,2009,2000,"Role-playing (RPG), Turn-based strategy (TBS)",Wii
7612,CounterSpy,counterspy,63.4,8,75.1,37,2014,2010,"Shooter, Tactical, Indie","PlayStation 3, PlayStation 4, Android, iOS, PlayStation Vita"
9714,Silent Hill: Book of Memories,silent-hill-book-of-memories,63.4,5,59.6,15,2012,2010,"Hack and slash/Beat 'em up, Adventure",PlayStation Vita
15903,Tharsis,tharsis,63.4,7,72.5,19,2016,2010,"Puzzle, Role-playing (RPG), Simulator, Strategy, Turn-based strategy (TBS), Adventure, Indie, Card & Board Game","PlayStation 4, PC (Microsoft Windows), iOS, Mac, Wii U, Nintendo Switch"
125479,AO Tennis 2,ao-tennis-2,63.3,3,61.8,16,2020,2020,"Simulator, Sport","PlayStation 4, PC (Microsoft Windows), Xbox One, Nintendo Switch"
17470,Agatha Christie: The ABC Murders,agatha-christie-the-abc-murders--1,63.3,3,70.9,46,2016,2010,"Point-and-click, Puzzle, Adventure","Xbox Series X|S, PlayStation 4, Linux, PC (Microsoft Windows), PlayStation 5, Mac, Xbox One, Nintendo Switch"
2849,All Star Cheer Squad,all-star-cheer-squad,63.3,3,45.0,1,2008,2000,"Music, Simulator","Wii, Nintendo DS"
6064,Ape Escape 3,ape-escape-3,63.3,3,78.6,24,2005,2000,Platform,PlayStation 2
19893,Azkend 2: The World Beneath,azkend-2-the-world-beneath,63.3,4,52.3,5,2012,2010,"Puzzle, Adventure, Indie","PlayStation 4, Windows Phone, Android, PC (Microsoft Windows), iOS, PlayStation Vita, Xbox One, Nintendo Switch"
3794,Barnyard,barnyard,63.3,3,83.6,24,2006,2000,Adventure,"Nintendo GameCube, Wii, PC (Microsoft Windows), PlayStation 2"
127135,Bear With Me: Episode 1,bear-with-me-episode-1,63.3,3,,,2016,2010,"Point-and-click, Adventure, Indie",PC (Microsoft Windows)
5767,Carve,carve,63.3,3,,,2004,2000,"Racing, Sport",Xbox
15158,Choplifter HD,choplifter-hd,63.3,4,80.0,2,2012,2010,"Shooter, Simulator, Strategy, Arcade","PlayStation 3, Ouya, Linux, Android, PC (Microsoft Windows), Xbox 360"
1190,Crash of the Titans,crash-of-the-titans,63.3,3,68.5,117,2007,2000,"Platform, Adventure","Wii, PlayStation Portable, Xbox 360, PlayStation 2"
5820,Dynasty Warriors 5,dynasty-warriors-5,63.3,3,71.7,38,2005,2000,"Tactical, Hack and slash/Beat 'em up","Xbox, PlayStation 2"
6701,Edna & Harvey: Harvey's New Eyes,edna-harvey-harvey-s-new-eyes,63.3,3,86.6,53,2012,2010,"Point-and-click, Puzzle, Adventure, Indie","PlayStation 4, Linux, PC (Microsoft Windows), iOS, Mac, Xbox One, Nintendo Switch"
116400,Eternal Threads,eternal-threads,63.3,3,62.9,9,2022,2020,"Puzzle, Adventure, Indie","Xbox Series X|S, PlayStation 4, PC (Microsoft Windows), PlayStation 5, Xbox One, Nintendo Switch"
10272,Faces of War,faces-of-war,63.3,3,81.9,18,2006,2000,"Real Time Strategy (RTS), Simulator, Strategy, Tactical",PC (Microsoft Windows)
411,Final Fantasy XI Online,final-fantasy-xi-online,63.3,3,79.0,44,2002,2000,"Role-playing (RPG), Adventure","PC (Microsoft Windows), Xbox 360, PlayStation 2"
6407,Fire Pro Wrestling,fire-pro-wrestling,63.3,4,,,2001,2000,"Fighting, Sport",Game Boy Advance
57142,Gal Metal,gal-metal,63.3,3,73.0,2,2018,2010,"Music, Role-playing (RPG), Simulator, Adventure, Arcade",Nintendo Switch
20879,Giana Sisters: Dream Runners,giana-sisters-dream-runners,63.3,3,60.0,0,2015,2010,"Platform, Racing, Indie, Arcade","PlayStation 4, PC (Microsoft Windows), Xbox One"
1632,GoldenEye: Rogue Agent,goldeneye-rogue-agent,63.3,4,55.7,20,2004,2000,Shooter,"Xbox, Nintendo GameCube, PlayStation 2"
13187,"Guns, Gore & Cannoli",guns-gore-and-cannoli,63.3,3,81.0,50,2015,2010,"Shooter, Platform, Indie, Arcade","PlayStation 4, PC (Microsoft Windows), Mac, Wii U, Xbox One, Nintendo Switch"
210061,Hydrophobia,hydrophobia,63.3,3,46.0,5,2010,2010,"Shooter, Adventure",Xbox 360
7362,Lair,lair,63.3,3,68.8,9,2007,2000,Adventure,PlayStation 3
1779,Mega Man ZX,mega-man-zx,63.3,3,92.9,45,2006,2000,"Shooter, Platform, Adventure",Nintendo DS
36869,Moero Chronicle,moero-chronicle,63.3,3,50.0,0,2014,2010,"Role-playing (RPG), Adventure, Arcade","PC (Microsoft Windows), PlayStation Vita"
20602,Naruto: Uzumaki Chronicles,naruto-uzumaki-chronicles,63.3,3,67.0,25,2005,2000,"Puzzle, Adventure",PlayStation 2
52668,Phineas and Ferb: Across the Second Dimension,phineas-and-ferb-across-the-second-dimension,63.3,3,50.5,6,2011,2010,"Platform, Puzzle","PlayStation 3, Wii, PlayStation Vita, PlayStation Portable"
7151,Race Pro,race-pro,63.3,3,75.0,3,2009,2000,"Racing, Simulator",Xbox 360
20732,Reality Fighters,reality-fighters,63.3,3,,,2012,2010,"Fighting, Simulator",PlayStation Vita
2258,Red Steel,red-steel,63.3,3,56.7,31,2006,2000,Shooter,Wii
103259,RemiLore: Lost Girl in the Lands of Lore,remilore-lost-girl-in-the-lands-of-lore,63.3,4,60.0,2,2019,2010,"Hack and slash/Beat 'em up, Adventure","PlayStation 4, PC (Microsoft Windows), Xbox One, Nintendo Switch"
19817,Scorn,scorn,63.3,3,73.6,152,2022,2020,"Puzzle, Adventure, Indie","Xbox Series X|S, PC (Microsoft Windows), PlayStation 5"
18908,Seven: The Days Long Gone,seven-the-days-long-gone,63.3,6,66.8,11,2017,2010,"Role-playing (RPG), Adventure, Indie",PC (Microsoft Windows)
5174,Spectrobes,spectrobes,63.3,3,59.5,21,2007,2000,"Role-playing (RPG), Strategy",Nintendo DS
9179,Sword Coast Legends,sword-coast-legends,63.3,9,69.4,12,2015,2010,"Role-playing (RPG), Adventure","PlayStation 4, Linux, PC (Microsoft Windows), Xbox One"
20886,Sébastien Loeb Rally Evo,sebastien-loeb-rally-evo,63.3,3,54.7,6,2016,2010,"Racing, Simulator, Sport","PlayStation 4, PC (Microsoft Windows), Xbox One"
51385,The Coma: Recut,the-coma-recut,63.3,3,69.9,15,2017,2010,"Role-playing (RPG), Strategy, Adventure, Indie","PlayStation 4, Linux, PC (Microsoft Windows), Mac, Xbox One, Nintendo Switch"
56,The Elder Scrolls III: Morrowind,the-elder-scrolls-iii-morrowind,63.3,3,85.4,851,2002,2000,"Role-playing (RPG), Adventure","Xbox, PC (Microsoft Windows)"
309026,The Karate Kid: Street Rumble,the-karate-kid-street-rumble,63.3,3,,,2024,2020,"Fighting, Hack and slash/Beat 'em up, Arcade","Xbox Series X|S, PlayStation 4, PC (Microsoft Windows), PlayStation 5, Xbox One, Nintendo Switch"
15435,The King of Fighters 2006,the-king-of-fighters-2006,63.3,3,69.9,7,2006,2000,"Fighting, Arcade","PlayStation 3, PlayStation 2"
9070,The Showdown Effect,the-showdown-effect,63.3,3,83.3,13,2013,2010,"Fighting, Shooter, Platform","PC (Microsoft Windows), Mac"
10745,Ticket to Ride: Classic Edition,ticket-to-ride-classic-edition,63.3,3,78.8,28,2008,2000,"Strategy, Turn-based strategy (TBS), Adventure, Indie, Card & Board Game","PlayStation 4, Linux, Android, PC (Microsoft Windows), iOS, Mac, Xbox 360, Xbox One"
20663,Tokobot Plus: Mysteries of the Karakuri,tokobot-plus-mysteries-of-the-karakuri,63.3,3,,,2006,2000,Platform,PlayStation 2
22508,Untold Legends: Brotherhood of the Blade,untold-legends-brotherhood-of-the-blade,63.3,3,70.0,8,2005,2000,"Hack and slash/Beat 'em up, Adventure",PlayStation Portable
5296,WWE All Stars,wwe-all-stars,63.3,4,71.3,33,2011,2010,"Fighting, Shooter, Sport","PlayStation 3, Nintendo 3DS, Wii, PlayStation Portable, Xbox 360, PlayStation 2"
117743,Warhammer Underworlds: Online,warhammer-underworlds-online,63.3,3,50.0,3,2020,2020,"Strategy, Turn-based strategy (TBS)",PC (Microsoft Windows)
133429,Willy Morgan and the Curse of Bone Town,willy-morgan-and-the-curse-of-bone-town,63.3,3,,,2020,2020,"Point-and-click, Puzzle, Adventure, Indie","PlayStation 4, PC (Microsoft Windows), Xbox One, Nintendo Switch"
3432,World of Warplanes,world-of-warplanes,63.3,3,57.7,28,2013,2010,"Shooter, Simulator, Arcade",PC (Microsoft Windows)
3050,Capsized,capsized,63.2,5,69.9,22,2011,2010,"Platform, Puzzle, Indie","Linux, PC (Microsoft Windows), Mac, Xbox 360"
1182,Castlevania: Lords of Shadow 2,castlevania-lords-of-shadow-2,63.2,15,73.3,130,2014,2010,"Hack and slash/Beat 'em up, Adventure","PlayStation 3, PC (Microsoft Windows), Xbox 360"
36831,Dissidia Final Fantasy NT,dissidia-final-fantasy-nt,63.2,11,55.2,15,2018,2010,"Fighting, Role-playing (RPG), Arcade",PlayStation 4
26926,Miitopia,miitopia,63.2,10,74.0,27,2016,2010,"Role-playing (RPG), Adventure",Nintendo 3DS
5051,NASCAR 2011: The Game,nascar-2011-the-game,63.2,5,,,2011,2010,"Racing, Simulator, Arcade","PlayStation 3, Wii, Xbox 360"
55322,Pathologic 2,pathologic-2,63.2,5,84.6,98,2019,2010,"Role-playing (RPG), Adventure, Indie","PlayStation 4, PC (Microsoft Windows), Xbox One"
136627,Suicide Squad: Kill the Justice League,suicide-squad-kill-the-justice-league,63.2,6,48.5,45,2024,2020,"Shooter, Adventure","Xbox Series X|S, PC (Microsoft Windows), PlayStation 5"
1592,Fable: The Journey,fable-the-journey,63.1,8,70.0,4,2012,2010,"Role-playing (RPG), Adventure",Xbox 360
124992,Vampire: The Masquerade - Swansong,vampire-the-masquerade-swansong,63.1,8,67.3,18,2022,2020,"Role-playing (RPG), Simulator, Adventure","Xbox Series X|S, PlayStation 4, PC (Microsoft Windows), PlayStation 5, Xbox One, Nintendo Switch"
4591,Yoshi's New Island,yoshi-s-new-island,63.1,13,60.4,22,2014,2010,"Platform, Adventure",Nintendo 3DS
11663,Drakengard 2,drakengard-2,63.0,3,70.6,17,2005,2000,Role-playing (RPG),PlayStation 2
20451,Elemental: War of Magic,elemental-war-of-magic,63.0,3,,,2010,2010,"Strategy, Turn-based strategy (TBS)",PC (Microsoft Windows)
122248,Fairy Tail,fairy-tail,63.0,3,69.9,6,2020,2020,"Role-playing (RPG), Adventure","PlayStation 4, PC (Microsoft Windows), Nintendo Switch"
55382,Guns'n'Stories: Bulletproof VR,gunsnstories-bulletproof-vr,63.0,3,80.0,0,2018,2010,"Shooter, Simulator, Adventure, Arcade","PlayStation VR, SteamVR, Oculus Quest"
18230,Medieval Moves: Deadmund's Quest,medieval-moves-deadmunds-quest,63.0,5,,,2011,2010,Adventure,PlayStation 3
5022,MotoGP '08,motogp-08,63.0,3,79.2,5,2008,2000,"Racing, Simulator, Sport","PlayStation 3, Wii, PC (Microsoft Windows), Xbox 360, PlayStation 2"
104,Need for Speed: World,need-for-speed-world,63.0,3,67.1,92,2010,2010,"Racing, Simulator",PC (Microsoft Windows)
20067,Ragnarok Odyssey Ace,ragnarok-odyssey-ace,63.0,5,,,2013,2010,"Role-playing (RPG), Adventure","PlayStation 3, PlayStation Vita"
11180,Robinson: The Journey,robinson-the-journey,63.0,8,61.9,14,2016,2010,Adventure,"PlayStation VR, SteamVR, Oculus Rift"
20074,Rocketbirds 2: Evolution,rocketbirds-2-evolution,63.0,4,64.1,6,2016,2010,"Shooter, Platform, Adventure, Indie","PlayStation 4, PC (Microsoft Windows), PlayStation Vita"
26810,Siegecraft Commander,siegecraft-commander,63.0,5,60.0,1,2017,2010,"Real Time Strategy (RTS), Simulator, Strategy, Indie","PlayStation 4, PC (Microsoft Windows), SteamVR, Mac, Xbox One, Nintendo Switch"
144171,Stonefly,stonefly,63.0,3,,,2021,2020,"Platform, Role-playing (RPG), Adventure, Indie","Xbox Series X|S, PlayStation 4, PC (Microsoft Windows), PlayStation 5, Xbox One, Nintendo Switch"
55174,Super Beat Sports,super-beat-sports,63.0,4,53.0,0,2017,2010,"Music, Sport",Nintendo Switch
288335,Teenage Mutant Ninja Turtles Arcade: Wrath of the Mutants,teenage-mutant-ninja-turtles-arcade-wrath-of-the-mutants,63.0,4,,,2024,2020,"Fighting, Hack and slash/Beat 'em up, Arcade","Xbox Series X|S, PlayStation 4, PC (Microsoft Windows), PlayStation 5, Xbox One, Nintendo Switch"
4716,The Bigs 2,the-bigs-2,63.0,3,78.5,7,2009,2000,Sport,"PlayStation 3, Wii, PlayStation Portable, Xbox 360, PlayStation 2"
84486,This Is the Police 2,this-is-the-police-2,63.0,6,74.5,32,2018,2010,"Simulator, Strategy, Turn-based strategy (TBS), Tactical, Adventure, Indie, Visual Novel","PlayStation 4, Linux, Android, PC (Microsoft Windows), iOS, Mac, Xbox One, Nintendo Switch"
21320,Tiny Troopers: Joint Ops,tiny-troopers-joint-ops,63.0,5,63.9,5,2014,2010,"Fighting, Shooter, Arcade","PlayStation 3, PlayStation 4, PC (Microsoft Windows), PlayStation Vita, Xbox One"
23281,Touhou Genso Rondo: Bullet Ballet,touhou-genso-rondo-bullet-ballet,63.0,7,,,2016,2010,"Fighting, Shooter",PlayStation 4
9182,We Happy Few,we-happy-few,63.0,10,61.4,93,2018,2010,"Shooter, Adventure, Indie","PlayStation 4, Linux, PC (Microsoft Windows), Mac, Xbox One"
30206,YIIK: A Postmodern RPG,yiik-a-postmodern-rpg,63.0,5,36.1,8,2019,2010,"Role-playing (RPG), Turn-based strategy (TBS), Adventure, Indie","PlayStation 4, PC (Microsoft Windows), Mac, Nintendo Switch"
11491,Zombi,zombi--1,63.0,5,64.1,54,2015,2010,"Shooter, Adventure","PlayStation 4, PC (Microsoft Windows), Xbox One"
5478,Afro Samurai,afro-samurai,62.8,5,72.8,20,2009,2000,Hack and slash/Beat 'em up,"PlayStation 3, Xbox 360"
11205,Anno 2205,anno-2205,62.8,5,74.3,56,2015,2010,"Real Time Strategy (RTS), Simulator, Strategy",PC (Microsoft Windows)
3952,Ice Age 2: The Meltdown,ice-age-2-the-meltdown,62.8,4,68.9,29,2006,2000,"Platform, Sport, Adventure","Xbox, Nintendo GameCube, Wii, PC (Microsoft Windows), PlayStation 2"
5028,MX vs. ATV: Untamed,mx-vs-atv-untamed,62.8,4,78.4,10,2007,2000,"Racing, Sport","PlayStation 3, Xbox 360"
20159,Rise of Nightmares,rise-of-nightmares,62.8,5,70.0,2,2011,2010,,Xbox 360
1189,Crash Twinsanity,crash-twinsanity,62.7,3,69.0,124,2004,2000,Platform,"Xbox, Nintendo GameCube, PlayStation 2"
7864,DeadCore,deadcore,62.7,3,63.6,17,2014,2010,"Shooter, Platform, Real Time Strategy (RTS), Indie","PlayStation 4, Linux, PC (Microsoft Windows), Mac, Xbox One"
4816,Dokapon Kingdom,dokapon-kingdom,62.7,3,88.0,4,2007,2000,Role-playing (RPG),"Wii, PlayStation 2"
134816,Dustborn,dustborn,62.7,3,42.4,15,2024,2020,"Adventure, Indie","PlayStation 4, PC (Microsoft Windows), PlayStation 5, Mac, Xbox One"
6765,Epic Mickey: Power of Illusion,epic-mickey-power-of-illusion,62.7,6,59.8,7,2012,2010,"Platform, Adventure",Nintendo 3DS
7866,F1 2014,f1-2014,62.7,7,73.4,22,2014,2010,"Racing, Simulator, Sport","PlayStation 3, PC (Microsoft Windows), Xbox 360"
10303,Fallout 3: The Pitt,fallout-3-the-pitt,62.7,3,71.4,69,2009,2000,"Shooter, Role-playing (RPG)","PlayStation 3, PC (Microsoft Windows), Xbox 360"
39,Mafia,mafia,62.7,4,86.3,1537,2002,2000,"Fighting, Shooter, Racing, Adventure","Xbox, PC (Microsoft Windows), PlayStation 2"
12515,Pokémon Go,pokemon-go,62.7,11,66.4,493,2016,2010,"Role-playing (RPG), Simulator","Android, iOS"
5026,Rainbow Moon,rainbow-moon,62.7,8,59.1,9,2012,2010,"Role-playing (RPG), Strategy, Turn-based strategy (TBS), Adventure","PlayStation 3, PlayStation 4, PlayStation Vita, Nintendo Switch"
8478,"Sir, You Are Being Hunted",sir-you-are-being-hunted,62.7,3,44.1,12,2014,2010,"Shooter, Simulator, Adventure, Indie","Linux, PC (Microsoft Windows), Mac, Nintendo Switch"
24974,Tiny Metal,tiny-metal,62.7,3,80.0,0,2017,2010,"Simulator, Strategy, Turn-based strategy (TBS), Tactical, Indie","PlayStation 4, Linux, PC (Microsoft Windows), Mac, Nintendo Switch"
252167,Madden NFL 24,madden-nfl-24,62.6,5,49.9,12,2023,2020,"Simulator, Sport, Strategy","Xbox Series X|S, PlayStation 4, PC (Microsoft Windows), PlayStation 5, Xbox One"
20606,Aliens: Infestation,aliens-infestation,62.5,4,71.9,7,2011,2010,Adventure,Nintendo DS
55192,Gear.Club Unlimited,gear-dot-club-unlimited,62.5,4,57.1,7,2017,2010,Racing,Nintendo Switch
91297,Minecraft: Story Mode - Episode 4: A Block and a Hard Place,minecraft-story-mode-episode-4-a-block-and-a-hard-place,62.5,6,,,2015,2010,"Point-and-click, Adventure","PlayStation 3, PlayStation 4, Android, PC (Microsoft Windows), iOS, Mac, Xbox 360, Xbox One"
10965,Need for Speed,need-for-speed,62.5,17,60.5,247,2015,2010,"Racing, Simulator, Adventure, Arcade","PlayStation 4, PC (Microsoft Windows), Xbox One"
1892,Pid,pid,62.5,4,60.0,18,2012,2010,"Shooter, Music, Platform, Puzzle, Adventure, Indie","PlayStation 3, PC (Microsoft Windows), Mac, Xbox 360"
9651,Rory McIlroy PGA Tour,rory-mcilroy-pga-tour,62.5,10,70.0,3,2015,2010,Sport,"PlayStation 4, Xbox One"
5434,Shadow of the Beast,shadow-of-the-beast,62.5,4,74.8,27,1989,1980,"Platform, Hack and slash/Beat 'em up","Commodore VIC-20, Commodore C64/128/MAX, ZX Spectrum, Atari Lynx, Super Nintendo Entertainment System, Sega Mega Drive/Genesis, Atari ST/STE, FM Towns, Amiga, Turbografx-16/PC Engine CD, Amstrad CPC, Sega Master System/Mark III"
11753,Sheltered,sheltered,62.5,3,65.5,34,2016,2010,"Role-playing (RPG), Simulator, Strategy, Indie","PlayStation 4, Linux, Android, PC (Microsoft Windows), iOS, Mac, Xbox One, Nintendo Switch"
133902,Skully,skully,62.5,4,,,2020,2020,"Platform, Puzzle, Adventure, Indie","PlayStation 4, PC (Microsoft Windows), Xbox One, Nintendo Switch"
9674,Star Fox 2,star-fox-2,62.5,4,69.8,27,2017,2010,"Shooter, Platform, Real Time Strategy (RTS), Strategy","Super Nintendo Entertainment System, Super Famicom"
20610,Star Trek: Tactical Assault,star-trek-tactical-assault,62.5,3,59.0,2,2006,2000,Strategy,"PlayStation Portable, Nintendo DS"
79,Stubbs the Zombie in Rebel Without a Pulse,stubbs-the-zombie-in-rebel-without-a-pulse,62.5,4,74.2,57,2005,2000,"Hack and slash/Beat 'em up, Adventure","Xbox, PlayStation 4, PC (Microsoft Windows), Mac, Xbox One, Nintendo Switch"
21316,The Living Dungeon,the-living-dungeon,62.5,4,60.0,0,2015,2010,"Simulator, Strategy, Adventure, Indie","Linux, PC (Microsoft Windows), Xbox One"
4978,The Lord of the Rings: Aragorn's Quest,the-lord-of-the-rings-aragorn-s-quest,62.5,4,62.1,11,2010,2010,Adventure,"PlayStation 3, Wii"
3048,The Order: 1886,the-order-1886,62.5,10,70.0,259,2015,2010,"Shooter, Adventure",PlayStation 4
6462,Touch My Katamari,touch-my-katamari,62.5,4,76.0,8,2011,2010,"Puzzle, Adventure",PlayStation Vita
19978,Tron Run/r,tron-run-slash-r,62.5,6,63.0,5,2016,2010,"Platform, Racing, Arcade","PlayStation 4, PC (Microsoft Windows), Xbox One"
194466,WrestleQuest,wrestlequest,62.5,4,,,2023,2020,"Fighting, Role-playing (RPG), Adventure, Indie","Xbox Series X|S, PlayStation 4, Android, PC (Microsoft Windows), iOS, PlayStation 5, Xbox One, Nintendo Switch"
18538,Zoo Tycoon,zoo-tycoon--1,62.5,5,66.1,17,2013,2010,"Real Time Strategy (RTS), Simulator, Strategy","PC (Microsoft Windows), Xbox 360, Xbox One"
260780,Call of Duty: Modern Warfare III,call-of-duty-modern-warfare-iii,62.4,7,60.2,181,2023,2020,Shooter,"Xbox Series X|S, PlayStation 4, PC (Microsoft Windows), PlayStation 5, Xbox One"
75865,Shining Resonance Refrain,shining-resonance-refrain,62.4,5,78.8,11,2018,2010,"Role-playing (RPG), Adventure","PlayStation 4, PC (Microsoft Windows), Xbox One, Nintendo Switch"
7485,The Witch and the Hundred Knight,the-witch-and-the-hundred-knight,62.4,8,78.9,9,2013,2010,"Role-playing (RPG), Hack and slash/Beat 'em up",PlayStation 3
24470,Yo-Kai Watch 2: Fleshy Souls,yo-kai-watch-2-fleshy-souls,62.4,5,,,2014,2010,Role-playing (RPG),Nintendo 3DS
20055,htoL#NiQ: The Firefly Diary,htol-number-niq-the-firefly-diary,62.4,5,50.0,3,2014,2010,"Platform, Puzzle, Strategy, Adventure","PC (Microsoft Windows), PlayStation Vita"
27068,Angels with Scaly Wings,angels-with-scaly-wings,62.3,3,80.0,1,2017,2010,"Role-playing (RPG), Simulator, Adventure, Indie, Visual Novel","Xbox Series X|S, PlayStation 4, Linux, PC (Microsoft Windows), PlayStation 5, Mac, Xbox One, Nintendo Switch"
6926,Brave,brave,62.3,3,,,2017,2010,"Role-playing (RPG), Simulator, Strategy, Adventure, Indie",PC (Microsoft Windows)
187471,Breakout: Recharged,breakout-recharged,62.3,3,52.2,5,2022,2020,"Puzzle, Arcade","Xbox Series X|S, PlayStation 4, Linux, PC (Microsoft Windows), PlayStation 5, Mac, Xbox One, Nintendo Switch"
25039,Chase: Cold Case Investigations - Distant Memories,chase-cold-case-investigations-distant-memories,62.3,4,60.0,3,2016,2010,"Puzzle, Adventure, Visual Novel",Nintendo 3DS
7333,Crackdown 3,crackdown-3,62.3,11,63.1,44,2019,2010,Shooter,"PC (Microsoft Windows), Xbox One"
20627,Disney's Chicken Little: Ace in Action,disneys-chicken-little-ace-in-action,62.3,4,,,2006,2000,"Shooter, Adventure","Wii, PC (Microsoft Windows), PlayStation 2"
132154,Missile Command: Recharged,missile-command-recharged,62.3,3,,,2020,2020,"Shooter, Arcade","Xbox Series X|S, PlayStation 4, Linux, Android, PC (Microsoft Windows), iOS, PlayStation 5, Mac, Xbox One, Nintendo Switch"
20082,Ninja Senki DX,ninja-senki-dx,62.3,3,69.9,7,2016,2010,Indie,"PlayStation 4, PC (Microsoft Windows), Mac, PlayStation Vita"
25577,Oh...Sir!! The Insult Simulator,oh-dot-dot-dot-sir-the-insult-simulator,62.3,4,69.9,24,2016,2010,"Simulator, Strategy, Indie, Arcade","PlayStation 4, Linux, Android, PC (Microsoft Windows), iOS, Mac, Xbox One, Nintendo Switch"
4558,PokéPark Wii: Pikachu's Adventure,pokepark-wii-pikachu-s-adventure,62.3,4,64.9,38,2009,2000,Adventure,"Wii, Wii U"
109601,Summer in Mara,summer-in-mara,62.3,6,40.6,10,2020,2020,"Role-playing (RPG), Simulator, Adventure, Indie, Visual Novel","PlayStation 4, PC (Microsoft Windows), Xbox One, Nintendo Switch"
28856,The Crew 2,the-crew-2,62.3,10,74.0,119,2018,2010,Racing,"Google Stadia, Xbox Series X|S, PlayStation 4, PC (Microsoft Windows), PlayStation 5, Xbox One"
24205,Windscape,windscape,62.3,3,70.0,2,2019,2010,"Fighting, Puzzle, Role-playing (RPG), Adventure, Indie","PC (Microsoft Windows), Xbox One, Nintendo Switch"
7324,NHL 15,nhl-15,62.2,9,73.1,23,2014,2010,"Simulator, Sport","PlayStation 3, PlayStation 4, Xbox 360, Xbox One"
132032,Pong Quest,pong-quest,62.2,5,,,2020,2020,"Role-playing (RPG), Adventure, Arcade","PlayStation 4, PC (Microsoft Windows), Xbox One, Nintendo Switch"
475,Star Wars: The Force Unleashed,star-wars-the-force-unleashed,62.2,8,73.4,450,2008,2000,"Role-playing (RPG), Hack and slash/Beat 'em up, Adventure","N-Gage, PlayStation 3, iOS, Xbox 360, Legacy Mobile Device"
14761,Rain World,rain-world,62.1,11,75.5,86,2017,2010,"Platform, Adventure, Indie","Xbox Series X|S, PlayStation 4, PC (Microsoft Windows), PlayStation 5, Xbox One, Nintendo Switch"
19803,Ride 2,ride-2,62.1,7,83.8,10,2016,2010,"Racing, Simulator, Sport","PlayStation 4, PC (Microsoft Windows), Xbox One"
134561,Alex Kidd in Miracle World DX,alex-kidd-in-miracle-world-dx,62.0,4,64.1,21,2021,2020,"Platform, Adventure, Indie, Arcade","Xbox Series X|S, PlayStation 4, PC (Microsoft Windows), PlayStation 5, Xbox One, Nintendo Switch"
27190,Cooking Mama: Sweet Shop,cooking-mama-sweet-shop,62.0,6,60.0,0,2017,2010,Simulator,Nintendo 3DS
5839,Forgotten Realms: Demon Stone,forgotten-realms-demon-stone,62.0,3,62.8,14,2004,2000,Role-playing (RPG),"Xbox, PC (Microsoft Windows), PlayStation 2"
213355,Life Is Strange: Arcadia Bay Collection,life-is-strange-arcadia-bay-collection,62.0,3,,,2022,2020,"Role-playing (RPG), Adventure",Nintendo Switch
2708,Mario & Sonic at the London 2012 Olympic Games,mario-sonic-at-the-london-2012-olympic-games,62.0,5,67.1,34,2011,2010,Sport,Wii
7382,NBA 08,nba-08,62.0,5,,,2007,2000,"Simulator, Sport","PlayStation 3, PlayStation Portable, PlayStation 2"
287858,Reynatis,reynatis,62.0,4,,,2024,2020,"Role-playing (RPG), Adventure","PlayStation 4, PC (Microsoft Windows), PlayStation 5, Nintendo Switch"
12637,Skyshine's Bedlam,skyshines-bedlam,62.0,3,69.7,3,2015,2010,"Strategy, Turn-based strategy (TBS), Tactical, Adventure, Indie",PC (Microsoft Windows)
7188,Smash Court Tennis 3,smash-court-tennis-3,62.0,5,80.0,1,2007,2000,Sport,"PlayStation Portable, Xbox 360"
2137,The Crew,the-crew,62.0,15,66.4,172,2014,2010,"Racing, Adventure","PlayStation 4, PC (Microsoft Windows), Xbox 360, Xbox One"
112674,The LEGO Movie 2 Videogame,the-lego-movie-2-videogame,62.0,6,55.6,11,2019,2010,"Hack and slash/Beat 'em up, Adventure","PlayStation 4, PC (Microsoft Windows), Mac, Xbox One, Nintendo Switch"
82370,The Liar Princess and the Blind Prince,the-liar-princess-and-the-blind-prince,62.0,3,73.0,13,2018,2010,"Platform, Puzzle, Adventure, Indie","PlayStation 4, PC (Microsoft Windows), PlayStation Vita, Nintendo Switch"
110328,The Walking Dead: The Final Season - Episode 2: Suffer the Children,the-walking-dead-the-final-season-episode-2-suffer-the-children,62.0,5,79.9,5,2018,2010,"Point-and-click, Adventure","PlayStation 4, PC (Microsoft Windows), Xbox One, Nintendo Switch"
17926,Traverser,traverser,62.0,5,60.0,0,2015,2010,"Puzzle, Adventure, Indie",PC (Microsoft Windows)
8255,Trine 3: The Artifacts of Power,trine-3-the-artifacts-of-power,62.0,5,65.0,109,2015,2010,"Platform, Puzzle, Adventure, Indie","PlayStation 4, Linux, PC (Microsoft Windows), Mac, Xbox One, Nintendo Switch"
11364,"Warhammer 40,000: Inquisitor - Martyr",warhammer-40000-inquisitor-martyr,62.0,4,60.9,21,2017,2010,"Role-playing (RPG), Adventure, Indie","Xbox Series X|S, PlayStation 4, PC (Microsoft Windows), PlayStation 5, Xbox One"
24458,Small Radios Big Televisions,small-radios-big-televisions,61.9,8,62.1,5,2016,2010,"Puzzle, Adventure, Indie","PlayStation 4, PC (Microsoft Windows)"
8921,White Night,white-night,61.9,8,70.1,12,2015,2010,"Puzzle, Adventure","PlayStation 4, Linux, PC (Microsoft Windows), Mac, Xbox One, Nintendo Switch"
6806,Heroes of Ruin,heroes-of-ruin,61.8,6,60.0,5,2012,2010,"Role-playing (RPG), Adventure",Nintendo 3DS
5712,Mario Tennis Open,mario-tennis-open,61.8,5,60.1,18,2012,2010,Sport,Nintendo 3DS
144725,Necromunda: Hired Gun,necromunda-hired-gun,61.8,4,66.9,25,2021,2020,"Shooter, Turn-based strategy (TBS), Adventure","Xbox Series X|S, PlayStation 4, PC (Microsoft Windows), PlayStation 5, Xbox One"
4742,Calling,calling,61.7,3,83.0,3,2009,2000,Adventure,Wii
4759,Divekick,divekick,61.7,3,62.1,24,2013,2010,"Fighting, Indie","PlayStation 3, PlayStation 4, PC (Microsoft Windows), PlayStation Vita, Xbox One"
19309,Dragon Ball: Revenge of King Piccolo,dragon-ball-revenge-of-king-piccolo,61.7,3,60.0,11,2009,2000,"Fighting, Platform, Hack and slash/Beat 'em up, Adventure",Wii
21517,Elements of Destruction,elements-of-destruction,61.7,3,,,2008,2000,Strategy,"PC (Microsoft Windows), Xbox 360"
138952,Fitness Boxing 2: Rhythm & Exercise,fitness-boxing-2-rhythm-and-exercise,61.7,3,,,2020,2020,"Music, Sport",Nintendo Switch
10324,Flockers,flockers,61.7,3,60.0,2,2014,2010,"Puzzle, Simulator, Strategy, Indie","PlayStation 4, Linux, Android, PC (Microsoft Windows), iOS, Mac, Xbox One"
2263,Gothic 3,gothic-3,61.7,3,77.2,226,2006,2000,"Role-playing (RPG), Adventure",PC (Microsoft Windows)
1646,James Bond 007: Quantum of Solace,james-bond-007-quantum-of-solace,61.7,7,65.7,77,2008,2000,Shooter,"PlayStation 3, PC (Microsoft Windows), Xbox 360"
18043,Just Cause 3: Sky Fortress,just-cause-3-sky-fortress,61.7,3,63.6,6,2016,2010,Adventure,"PlayStation 4, PC (Microsoft Windows), Xbox One"
4005,MediEvil: Resurrection,medievil-resurrection,61.7,3,69.2,23,2005,2000,"Platform, Puzzle, Hack and slash/Beat 'em up, Adventure",PlayStation Portable
134574,Paradise Lost,paradise-lost--2,61.7,3,66.9,15,2021,2020,"Adventure, Indie","PlayStation 4, PC (Microsoft Windows), Xbox One, Nintendo Switch"
16306,Pocket Mortys,pocket-mortys,61.7,3,69.8,15,2016,2010,"Role-playing (RPG), Simulator, Adventure","Android, iOS, Legacy Mobile Device"
13359,Pulse,pulse,61.7,3,40.0,1,2015,2010,"Adventure, Indie","Linux, PC (Microsoft Windows), Mac"
6815,Sherlock Holmes: The Awakened,sherlock-holmes-the-awakened,61.7,3,71.4,26,2007,2000,Adventure,PC (Microsoft Windows)
4156,Sonic Heroes,sonic-heroes,61.7,3,66.3,230,2003,2000,"Platform, Adventure","Xbox, PlayStation 3, Nintendo GameCube, PC (Microsoft Windows), PlayStation 2"
109282,The Last Remnant Remastered,the-last-remnant-remastered,61.7,3,88.0,3,2018,2010,"Role-playing (RPG), Adventure","PlayStation 4, Android, iOS, Nintendo Switch"
9919,The Technomancer,the-technomancer,61.7,18,66.6,27,2016,2010,"Role-playing (RPG), Adventure","PlayStation 4, PC (Microsoft Windows), Xbox One"
7630,"Warhammer 40,000: Eternal Crusade",warhammer-40-000-eternal-crusade,61.7,5,58.0,10,2016,2010,"Shooter, Role-playing (RPG), Adventure","PlayStation 4, Linux, PC (Microsoft Windows), Xbox One"
120533,YesterMorrow,yestermorrow,61.7,3,,,2020,2020,"Platform, Adventure, Indie","PlayStation 4, PC (Microsoft Windows), Xbox One, Nintendo Switch"
20047,Ride,ride,61.6,7,67.3,7,2015,2010,"Racing, Simulator, Sport","PlayStation 3, PlayStation 4, PC (Microsoft Windows), Xbox 360, Xbox One"
9272,F1 2015,f1-2015,61.5,12,70.9,31,2015,2010,"Racing, Simulator, Sport","PlayStation 4, Linux, PC (Microsoft Windows), Xbox One"
27744,House Flipper,house-flipper,61.5,4,69.0,107,2018,2010,"Simulator, Indie","PlayStation 4, PC (Microsoft Windows), Mac, Xbox One, Nintendo Switch"
5909,Marc Ecko's Getting Up: Contents Under Pressure,marc-eckos-getting-up-contents-under-pressure,61.5,4,70.4,38,2006,2000,"Racing, Strategy, Hack and slash/Beat 'em up, Adventure","Xbox, PC (Microsoft Windows), PlayStation 2"
81146,SNK Heroines: Tag Team Frenzy,snk-heroines-tag-team-frenzy,61.5,6,59.9,9,2018,2010,"Fighting, Arcade","Arcade, PlayStation 4, PC (Microsoft Windows), Nintendo Switch"
1159,Tomb Raider: The Angel of Darkness,tomb-raider-the-angel-of-darkness,61.5,4,62.1,114,2003,2000,"Shooter, Adventure","PC (Microsoft Windows), Mac, PlayStation 2"
8433,Lifeless Planet,lifeless-planet,61.4,7,59.7,38,2014,2010,"Puzzle, Adventure, Indie","PlayStation 4, Linux, PC (Microsoft Windows), Mac, Xbox One"
9374,Pix the Cat,pix-the-cat,61.4,4,60.2,11,2014,2010,"Puzzle, Role-playing (RPG), Adventure, Indie, Arcade","PlayStation 4, Linux, PC (Microsoft Windows), Mac, PlayStation Vita, Xbox One, Nintendo Switch"
5261,WALL-E,wall-e,61.4,7,65.1,35,2008,2000,"Shooter, Platform, Puzzle, Adventure","PC (Microsoft Windows), Mac, PlayStation Portable, PlayStation 2"
5472,50 Cent: Blood on the Sand,50-cent-blood-on-the-sand,61.3,4,60.6,19,2009,2000,Shooter,"PlayStation 3, Xbox 360"
3124,Blazing Angels: Squadrons of WWII,blazing-angels-squadrons-of-wwii,61.3,4,65.1,10,2006,2000,Simulator,"Arcade, Xbox, PlayStation 3, Wii, PC (Microsoft Windows), Xbox 360"
6924,Bodycount,bodycount,61.3,6,40.3,7,2011,2010,Shooter,"PlayStation 3, Xbox 360"
194682,Ghostbusters: Spirits Unleashed,ghostbusters-spirits-unleashed,61.3,4,73.1,12,2022,2020,"Shooter, Adventure","Xbox Series X|S, PlayStation 4, PC (Microsoft Windows), PlayStation 5, Xbox One, Nintendo Switch"
35844,InnerSpace,innerspace,61.3,8,51.0,10,2018,2010,"Simulator, Adventure, Indie","PlayStation 4, Linux, PC (Microsoft Windows), Mac, Xbox One, Nintendo Switch"
7025,Jurassic Park: The Game,jurassic-park-the-game,61.3,4,69.3,59,2011,2010,"Point-and-click, Adventure","PlayStation 3, PC (Microsoft Windows), iOS, Mac, Xbox 360"
105028,Override: Mech City Brawl,override-mech-city-brawl,61.3,4,,,2018,2010,"Fighting, Indie","PlayStation 4, PC (Microsoft Windows), Xbox One"
20572,ProStroke Golf: World Tour 2007,prostroke-golf-world-tour-2007,61.3,4,,,2006,2000,Sport,"Xbox, PC (Microsoft Windows), PlayStation Portable, PlayStation 2"
27217,Redeemer,redeemer,61.3,4,67.7,14,2017,2010,"Hack and slash/Beat 'em up, Indie",PC (Microsoft Windows)
8546,Ridge Racer,ridge-racer,61.3,4,67.4,5,2011,2010,Racing,PlayStation Vita
99302,Rustler,rustler,61.3,4,69.7,16,2021,2020,"Shooter, Racing, Role-playing (RPG), Adventure, Indie","Xbox Series X|S, PlayStation 4, PC (Microsoft Windows), PlayStation 5, Xbox One, Nintendo Switch"
165346,Saints Row,saints-row--1,61.3,4,56.2,69,2022,2020,"Shooter, Adventure","Google Stadia, Xbox Series X|S, PlayStation 4, PC (Microsoft Windows), PlayStation 5, Xbox One"
108797,Stranger Things 3: The Game,stranger-things-3-the-game,61.3,4,60.3,12,2019,2010,"Puzzle, Role-playing (RPG), Adventure","PlayStation 4, Android, PC (Microsoft Windows), iOS, Mac, Xbox One, Nintendo Switch"
62700,Treachery in Beatdown City,treachery-in-beatdown-city,61.3,3,70.0,1,2020,2020,"Fighting, Role-playing (RPG), Strategy, Hack and slash/Beat 'em up, Adventure, Indie","Xbox Series X|S, PC (Microsoft Windows), Xbox One, Nintendo Switch"
8507,Strike Suit Zero,strike-suit-zero,61.2,6,80.0,3,2013,2010,"Shooter, Simulator, Indie","PlayStation 4, Linux, PC (Microsoft Windows), Mac, Xbox One"
24195,Criminal Girls 2: Party Favors,criminal-girls-2-party-favors,61.1,7,,,2016,2010,Role-playing (RPG),PlayStation Vita
19399,Dead Island Definitive Collection,dead-island-definitive-collection,61.0,7,,,2016,2010,"Shooter, Role-playing (RPG), Hack and slash/Beat 'em up, Adventure","PlayStation 4, PC (Microsoft Windows), Xbox One"
4799,Deadly Creatures,deadly-creatures,61.0,3,72.0,6,2009,2000,"Platform, Adventure",Wii
18068,Dirge of Cerberus: Final Fantasy VII,dirge-of-cerberus-final-fantasy-vii,61.0,3,65.0,48,2006,2000,"Shooter, Role-playing (RPG)",PlayStation 2
19962,Legend of Kay Anniversary,legend-of-kay-anniversary,61.0,5,62.2,9,2015,2010,"Platform, Role-playing (RPG), Adventure, Arcade","PlayStation 3, PlayStation 4, PC (Microsoft Windows), Mac, Wii U, Xbox 360, Nintendo Switch"
134071,Mafia II: Definitive Edition,mafia-ii-definitive-edition,61.0,4,73.1,140,2020,2020,"Shooter, Adventure","PlayStation 4, PC (Microsoft Windows), Xbox One"
1972,Manhunt 2,manhunt-2,61.0,4,72.5,110,2007,2000,Adventure,"Wii, PC (Microsoft Windows), PlayStation Portable, PlayStation 2"
18688,Manual Samuel,manual-samuel,61.0,5,72.2,39,2016,2010,"Simulator, Adventure, Indie","PlayStation 4, Linux, PC (Microsoft Windows), PlayStation 5, Mac, Xbox One, Nintendo Switch"
21955,Marvel Trading Card Game,marvel-trading-card-game,61.0,3,74.0,1,2007,2000,"Strategy, Turn-based strategy (TBS), Card & Board Game","PC (Microsoft Windows), PlayStation Portable, Nintendo DS"
102208,Meow Motors,meow-motors,61.0,3,70.0,1,2018,2010,"Racing, Indie, Arcade","PlayStation 4, PC (Microsoft Windows), Xbox One, Nintendo Switch"
127352,Naraka: Bladepoint,naraka-bladepoint,61.0,3,64.9,57,2021,2020,"Fighting, Hack and slash/Beat 'em up","Xbox Series X|S, PC (Microsoft Windows), PlayStation 5, Xbox One"
217564,Tales of Symphonia Remastered,tales-of-symphonia-remastered,61.0,3,80.2,5,2023,2020,"Role-playing (RPG), Adventure","PlayStation 4, Xbox One, Nintendo Switch"
14389,Friday the 13th: The Game,friday-the-13th-the-game,60.9,8,66.5,98,2017,2010,Indie,"PlayStation 4, PC (Microsoft Windows), Xbox One, Nintendo Switch"
3188,Murdered: Soul Suspect,murdered-soul-suspect,60.9,14,65.8,290,2014,2010,"Puzzle, Role-playing (RPG), Adventure","PlayStation 3, PlayStation 4, PC (Microsoft Windows), Xbox 360, Xbox One"
21066,Batman Arkham Origins: Blackgate - Deluxe Edition,batman-arkham-origins-blackgate-deluxe-edition,60.8,5,59.8,17,2014,2010,"Shooter, Hack and slash/Beat 'em up, Adventure","PlayStation 3, PC (Microsoft Windows), Wii U, Xbox 360"
7587,Crimsonland,crimsonland,60.8,8,72.7,37,2014,2010,"Shooter, Role-playing (RPG), Indie, Arcade","PlayStation 3, PlayStation 4, Linux, Android, PC (Microsoft Windows), PlayStation 5, Mac, PlayStation Vita, Xbox One, Nintendo Switch"
266193,Demon Slayer: Kimetsu no Yaiba - Sweep the Board!,demon-slayer-kimetsu-no-yaiba-sweep-the-board,60.8,4,,,2024,2020,"Simulator, Card & Board Game","Xbox Series X|S, PlayStation 4, PC (Microsoft Windows), PlayStation 5, Xbox One, Nintendo Switch"
51149,Fatal Frame: Maiden of Black Water,fatal-frame-maiden-of-black-water,60.8,9,81.0,1,2014,2010,"Puzzle, Strategy, Adventure",Wii U
9807,Magicka 2,magicka-2,60.8,6,76.4,87,2015,2010,"Role-playing (RPG), Adventure","PlayStation 4, PC (Microsoft Windows)"
11074,NBA Live 16,nba-live-16,60.8,4,80.0,2,2015,2010,Sport,"PlayStation 4, Xbox One"
100,Need for Speed: ProStreet,need-for-speed-prostreet,60.8,4,69.0,261,2007,2000,"Racing, Simulator, Sport","PlayStation 3, PC (Microsoft Windows), Xbox 360"
13227,Runaway 2: The Dream of the Turtle,runaway-2-the-dream-of-the-turtle,60.8,4,76.7,32,2006,2000,"Point-and-click, Puzzle, Role-playing (RPG), Adventure","Wii, PC (Microsoft Windows), iOS, Nintendo DS"
19516,WWE 2K17,wwe-2k17,60.8,12,68.7,41,2016,2010,"Fighting, Simulator, Sport","PlayStation 3, PlayStation 4, PC (Microsoft Windows), Xbox 360, Xbox One"
18313,Worms: Open Warfare,worms-open-warfare,60.8,4,58.4,8,2006,2000,Strategy,"PlayStation Portable, Nintendo DS"
14368,Battlezone,battlezone--5,60.7,7,60.0,2,2016,2010,"Shooter, Simulator","PlayStation 4, PlayStation VR, PC (Microsoft Windows)"
28092,Brawl,brawl,60.7,3,60.0,0,2015,2010,"Fighting, Indie","PlayStation 4, Linux, PC (Microsoft Windows), Mac, Nintendo Switch"
20104,Four Sided Fantasy,four-sided-fantasy,60.7,3,60.0,3,2016,2010,"Platform, Puzzle, Strategy, Indie","PlayStation 4, PC (Microsoft Windows), Mac, Wii U, Xbox One"
4211,James Cameron's Avatar: The Game,james-cameron-s-avatar-the-game,60.7,7,70.9,60,2009,2000,"Shooter, Adventure","PlayStation 3, Wii, Android, PC (Microsoft Windows), iOS, PlayStation Portable, Xbox 360"
88887,Little Dragons Café,little-dragons-cafe,60.7,9,67.0,2,2018,2010,"Role-playing (RPG), Simulator, Strategy, Adventure","PlayStation 4, PC (Microsoft Windows), Nintendo Switch"
10224,Nightshade,nightshade,60.7,3,,,2003,2000,Hack and slash/Beat 'em up,PlayStation 2
64205,Robonauts,robonauts,60.7,3,55.0,5,2017,2010,"Shooter, Platform, Adventure, Indie, Arcade","PlayStation 4, PC (Microsoft Windows), Nintendo Switch"
5152,Shaun White Snowboarding,shaun-white-snowboarding,60.7,3,78.0,16,2008,2000,"Sport, Adventure","PlayStation 3, PC (Microsoft Windows), iOS, Mac, PlayStation Portable, Xbox 360, Nintendo DS, PlayStation 2"
21710,Short Peace: Ranko Tsukigime's Longest Day,short-peace-ranko-tsukigimes-longest-day,60.7,3,,,2014,2010,Platform,PlayStation 3
2049,Slender: The Arrival,slender-the-arrival,60.7,7,70.7,63,2013,2010,"Adventure, Indie","PlayStation 3, PlayStation 4, Android, PC (Microsoft Windows), iOS, Mac, Wii U, Xbox 360, Xbox One, Nintendo Switch"
224556,Spirit Mancer,spirit-mancer,60.7,3,,,2024,2020,"Hack and slash/Beat 'em up, Adventure, Indie, Card & Board Game","PC (Microsoft Windows), PlayStation 5, Nintendo Switch"
3106,Wii Party U,wii-party-u,60.7,6,82.6,16,2013,2010,"Simulator, Strategy, Arcade, Card & Board Game",Wii U
55027,Close to the Sun,close-to-the-sun,60.6,5,66.6,53,2019,2010,"Adventure, Indie","PlayStation 4, PC (Microsoft Windows), Xbox One, Nintendo Switch"
11423,This Is the Police,this-is-the-police,60.6,14,69.8,117,2016,2010,"Simulator, Strategy, Adventure, Indie","PlayStation 4, Linux, Android, PC (Microsoft Windows), iOS, Mac, Xbox One, Nintendo Switch"
5231,Tony Hawk's Downhill Jam,tony-hawk-s-downhill-jam,60.6,7,55.4,16,2006,2000,"Racing, Sport, Strategy","Wii, PlayStation 2"
14298,Zombie Vikings,zombie-vikings,60.6,5,62.9,11,2015,2010,"Hack and slash/Beat 'em up, Adventure, Indie","PlayStation 4, PC (Microsoft Windows), Xbox One, Nintendo Switch"
6918,Blades of Time,blades-of-time,60.5,4,63.9,32,2012,2010,"Shooter, Role-playing (RPG), Hack and slash/Beat 'em up, Adventure","PlayStation 3, PC (Microsoft Windows), Mac, Xbox 360, Nintendo Switch"
9868,Hyperdimension Neptunia Re;Birth2: Sisters Generation,hyperdimension-neptunia-re-birth2-sisters-generation,60.5,5,69.7,15,2014,2010,"Role-playing (RPG), Strategy, Turn-based strategy (TBS), Adventure","PlayStation 4, PC (Microsoft Windows), PlayStation Vita, Nintendo Switch"
122592,Medal of Honor: Above and Beyond,medal-of-honor-above-and-beyond,60.5,4,,,2020,2020,Shooter,"Oculus VR, Meta Quest 2, PC (Microsoft Windows), SteamVR"
52186,Monkey King: Hero Is Back,monkey-king-hero-is-back,60.5,4,60.0,0,2019,2010,"Role-playing (RPG), Adventure","PlayStation 4, PC (Microsoft Windows)"
36515,Sword Art Online: Fatal Bullet,sword-art-online-fatal-bullet,60.5,8,69.2,30,2018,2010,"Shooter, Role-playing (RPG)","PlayStation 4, PC (Microsoft Windows), Xbox One"
10240,Toren,toren,60.5,4,53.8,9,2015,2010,"Platform, Puzzle, Adventure, Indie","PlayStation 4, PC (Microsoft Windows), Mac"
1014,APB Reloaded,apb-reloaded,60.4,5,61.5,43,2011,2010,"Shooter, Adventure","PlayStation 4, PC (Microsoft Windows), Xbox One"
24969,Exile's End,exiles-end,60.4,5,50.0,2,2015,2010,"Platform, Adventure","PlayStation 4, Linux, PC (Microsoft Windows), Mac, Wii U, PlayStation Vita, Xbox One"
7280,Bleach: Soul Resurrección,bleach-soul-resurreccion,60.3,3,63.7,16,2011,2010,Hack and slash/Beat 'em up,PlayStation 3
110835,Borderlands 2 VR,borderlands-2-vr,60.3,4,50.0,1,2018,2010,"Shooter, Role-playing (RPG)","PlayStation VR, SteamVR"
4627,Dewy's Adventure,dewy-s-adventure,60.3,4,,,2007,2000,Platform,Wii
139126,Dynasty Warriors 9: Empires,dynasty-warriors-9-empires,60.3,3,,,2021,2020,"Simulator, Strategy, Hack and slash/Beat 'em up","Google Stadia, Xbox Series X|S, PlayStation 4, PC (Microsoft Windows), PlayStation 5, Xbox One, Nintendo Switch"
2957,Knack,knack,60.3,11,61.7,86,2013,2010,"Platform, Adventure",PlayStation 4
18082,Obliteracers,obliteracers,60.3,4,60.0,2,2016,2010,"Racing, Simulator, Indie","PlayStation 4, PC (Microsoft Windows), Xbox One"
1791,Ratchet & Clank: Size Matters,ratchet-clank-size-matters,60.3,6,68.9,90,2007,2000,"Shooter, Platform, Adventure","PlayStation Portable, PlayStation 2"
6732,Rise & Shine,rise-and-shine,60.3,10,72.9,25,2017,2010,"Shooter, Platform, Puzzle, Adventure, Indie, Arcade","PlayStation 4, Linux, PC (Microsoft Windows), Mac, Xbox One, Nintendo Switch"
4163,Speed Kings,speed-kings,60.3,3,33.0,0,2003,2000,Racing,"Xbox, Nintendo GameCube, PlayStation 2"
287851,Star Wars: Battlefront Classic Collection,star-wars-battlefront-classic-collection,60.3,4,57.2,8,2024,2020,"Shooter, Strategy","Xbox Series X|S, PlayStation 4, PC (Microsoft Windows), PlayStation 5, Xbox One, Nintendo Switch"
9402,The Ball,the-ball,60.3,3,76.9,13,2010,2010,"Shooter, Platform, Puzzle, Adventure, Indie","Linux, PC (Microsoft Windows)"
5797,The Da Vinci Code,the-da-vinci-code,60.3,3,65.3,13,2006,2000,"Puzzle, Adventure","Xbox, PC (Microsoft Windows), PlayStation 2"
11647,Woolfe: The Red Hood Diaries,woolfe-the-red-hood-diaries,60.3,4,50.1,13,2015,2010,"Platform, Adventure, Indie",PC (Microsoft Windows)
14902,Assassin's Creed Chronicles: India,assassins-creed-chronicles-india,60.2,9,68.7,75,2016,2010,"Platform, Adventure","PlayStation 4, PC (Microsoft Windows), PlayStation Vita, Xbox One"
11347,Necropolis,necropolis,60.2,15,69.9,17,2016,2010,"Puzzle, Adventure, Indie","PlayStation 4, PC (Microsoft Windows), Mac, Xbox One"
36950,Anthem,anthem,60.1,15,63.3,146,2019,2010,"Shooter, Role-playing (RPG), Adventure","PlayStation 4, PC (Microsoft Windows), Xbox One"
1274,SimCity,simcity--1,60.1,13,70.6,159,2013,2010,"Simulator, Strategy","PC (Microsoft Windows), Mac"
21110,Abyss Odyssey: Extended Dream Edition,abyss-odyssey-extended-dream-edition,60.0,3,,,2015,2010,"Platform, Adventure, Indie",PlayStation 4
21437,Arthur and the Invisibles,arthur-and-the-invisibles,60.0,3,,,2007,2000,Platform,"PC (Microsoft Windows), PlayStation Portable, Game Boy Advance, PlayStation 2"
22298,Athens 2004,athens-2004,60.0,4,30.5,5,2004,2000,Sport,"PC (Microsoft Windows), PlayStation 2"
20040,Attack on Titan: Humanity in Chains,attack-on-titan-humanity-in-chains,60.0,3,59.0,3,2013,2010,Hack and slash/Beat 'em up,Nintendo 3DS
7439,Blue Estate,blue-estate,60.0,3,64.9,19,2013,2010,Shooter,"PlayStation 4, PC (Microsoft Windows), Xbox One"
21131,Buzz! Brain of the UK,buzz-brain-of-the-uk,60.0,3,,,2009,2000,Puzzle,"PlayStation 3, PlayStation Portable, PlayStation 2"
4701,Conception II: Children of the Seven Stars,conception-ii-children-of-the-seven-stars,60.0,5,52.3,8,2013,2010,Role-playing (RPG),"Nintendo 3DS, PC (Microsoft Windows), PlayStation Vita"
22443,Copy Kitty,copy-kitty,60.0,3,70.0,4,2018,2010,"Shooter, Platform, Adventure, Indie",PC (Microsoft Windows)
89552,Crisis on the Planet of the Apes VR,crisis-on-the-planet-of-the-apes-vr,60.0,4,50.0,0,2018,2010,"Shooter, Adventure","Oculus VR, PlayStation VR, PC (Microsoft Windows), SteamVR"
20414,DarkStar One: Broken Alliance,darkstar-one-broken-alliance,60.0,4,75.0,2,2008,2000,"Shooter, Role-playing (RPG), Simulator",Xbox 360
18638,Darkspore,darkspore,60.0,3,59.4,8,2011,2010,"Role-playing (RPG), Hack and slash/Beat 'em up",PC (Microsoft Windows)
19397,Dead Island Retro Revenge,dead-island-retro-revenge,60.0,4,63.0,14,2016,2010,"Fighting, Hack and slash/Beat 'em up, Arcade","PlayStation 4, PC (Microsoft Windows), Xbox One"
11076,Drawn to Death,drawn-to-death,60.0,9,58.4,17,2017,2010,"Shooter, Hack and slash/Beat 'em up",PlayStation 4
287856,Endless Ocean: Luminous,endless-ocean-luminous,60.0,5,,,2024,2020,"Simulator, Adventure",Nintendo Switch
119170,Ghostbusters: The Video Game Remastered,ghostbusters-the-video-game-remastered,60.0,4,79.1,25,2019,2010,"Shooter, Adventure","PlayStation 4, PC (Microsoft Windows), Xbox One, Nintendo Switch"
7317,Haze,haze,60.0,3,64.2,22,2008,2000,Shooter,PlayStation 3
20749,Hitman HD Trilogy,hitman-hd-trilogy,60.0,3,70.3,5,2013,2010,Adventure,"PlayStation 3, Xbox 360"
8902,Hyperdimension Neptunia Re;Birth1,hyperdimension-neptunia-re-birth1,60.0,4,62.7,36,2013,2010,"Role-playing (RPG), Strategy, Turn-based strategy (TBS), Adventure","PC (Microsoft Windows), PlayStation Vita, Nintendo Switch"
8953,Ichi,ichi,60.0,3,80.0,4,2012,2010,"Puzzle, Strategy, Indie","Linux, Android, PC (Microsoft Windows), iOS, Mac"
5872,Justice League Heroes,justice-league-heroes,60.0,3,70.8,20,2006,2000,Role-playing (RPG),"Xbox, PlayStation 2"
28064,King's Quest: Chapter 4 - Snow Place Like Home,kings-quest-chapter-4-snow-place-like-home,60.0,4,,,2016,2010,Adventure,"PlayStation 3, PlayStation 4, PC (Microsoft Windows), Xbox 360, Xbox One"
89773,Mable and the Wood,mable-and-the-wood,60.0,4,60.0,4,2019,2010,"Platform, Adventure, Indie","Linux, PC (Microsoft Windows), Mac, Xbox One, Nintendo Switch"
11220,Mario Tennis: Ultra Smash,mario-tennis-ultra-smash,60.0,7,39.8,13,2015,2010,Sport,Wii U
8256,N.E.R.O.: Nothing Ever Remains Obscure,n-dot-e-r-dot-o-nothing-ever-remains-obscure--1,60.0,7,46.8,5,2015,2010,"Puzzle, Adventure, Indie","PlayStation 4, PC (Microsoft Windows), Xbox One, Nintendo Switch"
317845,Neptunia Riders vs. Dogoos,neptunia-riders-vs-dogoos,60.0,3,,,2024,2020,Racing,"PlayStation 4, PC (Microsoft Windows), PlayStation 5, Nintendo Switch"
74161,Never Stop Sneakin',never-stop-sneakin,60.0,3,50.0,0,2017,2010,"Shooter, Puzzle, Strategy, Indie, Arcade","PC (Microsoft Windows), Mac, Nintendo Switch"
79994,Night Call,night-call,60.0,4,67.4,25,2019,2010,"Simulator, Adventure, Indie, Visual Novel","PlayStation 4, Android, PC (Microsoft Windows), iOS, Mac, Xbox One, Nintendo Switch"
25636,Nights of Azure 2: Bride of the New Moon,nights-of-azure-2-bride-of-the-new-moon,60.0,9,86.8,8,2017,2010,Role-playing (RPG),"PlayStation 4, PC (Microsoft Windows), PlayStation Vita, Nintendo Switch"
137296,Override 2: Super Mech League,override-2-super-mech-league,60.0,3,,,2020,2020,"Fighting, Indie","Xbox Series X|S, PlayStation 4, PC (Microsoft Windows), PlayStation 5, Xbox One, Nintendo Switch"
8898,Populous DS,populous-ds,60.0,3,56.0,2,2008,2000,Strategy,Nintendo DS
5119,Real Heroes: Firefighter,real-heroes-firefighter,60.0,3,70.0,2,2009,2000,"Shooter, Puzzle, Simulator, Strategy, Adventure, Indie","PlayStation 4, Nintendo 3DS, Wii, PC (Microsoft Windows), Xbox One, Nintendo Switch"
7174,Samurai Warriors 2 Empires,samurai-warriors-2-empires,60.0,3,69.6,6,2006,2000,"Strategy, Hack and slash/Beat 'em up","Xbox 360, PlayStation 2"
5157,Skate It,skate-it,60.0,3,70.0,5,2008,2000,"Puzzle, Sport",Wii
21902,Sonic Lost World,sonic-lost-world--1,60.0,3,44.7,13,2013,2010,"Platform, Adventure",Nintendo 3DS
6889,Spirit Camera: The Cursed Memoir,spirit-camera-the-cursed-memoir,60.0,3,,,2012,2010,Adventure,Nintendo 3DS
25185,Sports Bar VR,sports-bar-vr,60.0,3,80.0,0,2016,2010,"Simulator, Sport, Indie, Arcade","PlayStation VR, SteamVR"
9618,Sword Art Online: Hollow Fragment,sword-art-online-hollow-fragment,60.0,8,66.3,8,2014,2010,Role-playing (RPG),PlayStation Vita
10952,Talisman: Digital Edition,talisman-digital-edition,60.0,3,60.3,16,2014,2010,"Role-playing (RPG), Strategy, Quiz/Trivia, Adventure, Indie, Card & Board Game","PlayStation 4, Android, PC (Microsoft Windows), iOS, Mac, PlayStation Vita, Xbox One, Nintendo Switch"
27388,Tank Troopers,tank-troopers,60.0,3,67.0,0,2017,2010,"Shooter, Simulator",Nintendo 3DS
6473,The Adventures of Tintin: The Game,the-adventures-of-tintin-the-game,60.0,3,79.9,14,2011,2010,"Platform, Adventure","PlayStation 3, Nintendo 3DS, Wii, Android, PC (Microsoft Windows), iOS, Xbox 360"
6068,The Elder Scrolls V: Skyrim - Hearthfire,the-elder-scrolls-v-skyrim-hearthfire,60.0,4,63.7,91,2012,2010,Role-playing (RPG),"PlayStation 3, PC (Microsoft Windows), Xbox 360"
112074,The Eternal Castle: Remastered,the-eternal-castle-remastered,60.0,4,64.0,6,2019,2010,"Platform, Adventure, Indie, Arcade","PlayStation 4, Linux, PC (Microsoft Windows), Mac, Nintendo Switch"
54675,The Good Life,the-good-life--1,60.0,3,,,2021,2020,"Role-playing (RPG), Simulator, Adventure, Indie","PlayStation 4, PC (Microsoft Windows), Xbox One, Nintendo Switch"
1584,The Legend of Spyro: Dawn of the Dragon,the-legend-of-spyro-dawn-of-the-dragon,60.0,4,71.0,35,2008,2000,"Platform, Adventure","PlayStation 3, Wii, Xbox 360, PlayStation 2"
7056,The Lord of the Rings: Conquest,the-lord-of-the-rings-conquest,60.0,3,70.0,102,2009,2000,"Hack and slash/Beat 'em up, Adventure","PlayStation 3, PC (Microsoft Windows), Xbox 360, Nintendo DS"
47321,Tom Clancy's Rainbow Six 3: Black Arrow,tom-clancys-rainbow-six-3-black-arrow,60.0,3,,,2004,2000,"Shooter, Simulator, Tactical",Xbox
19540,Tom Clancy's The Division: Underground,tom-clancys-the-division-underground,60.0,5,70.0,5,2016,2010,"Shooter, Adventure","PlayStation 4, PC (Microsoft Windows), Xbox One"
1161,Tomb Raider: Legend,tomb-raider-legend,60.0,6,74.7,300,2006,2000,"Shooter, Platform, Adventure","OnLive Game System, PlayStation 3, PC (Microsoft Windows), Xbox 360"
5648,Too Human,too-human,60.0,5,51.3,19,2008,2000,"Shooter, Role-playing (RPG), Hack and slash/Beat 'em up",Xbox 360
88383,Trailblazers,trailblazers,60.0,3,70.0,1,2018,2010,"Racing, Sport, Indie, Arcade","PlayStation 4, Linux, PC (Microsoft Windows), Mac, Xbox One, Nintendo DS, Nintendo Switch"
21850,Triggerheart Exelica,triggerheart-exelica,60.0,3,,,2006,2000,"Shooter, Arcade","Arcade, Xbox 360, Nintendo Switch, Dreamcast, PlayStation 2"
10158,Way of the Samurai 4,way-of-the-samurai-4,60.0,4,74.1,13,2011,2010,"Role-playing (RPG), Adventure","PlayStation 3, PC (Microsoft Windows)"
7258,You're in the Movies,you-re-in-the-movies,60.0,3,,,2008,2000,,Xbox 360
11004,Onechanbara Z2: Chaos,onechanbara-z2-chaos,59.9,8,66.2,13,2014,2010,Hack and slash/Beat 'em up,"PlayStation 4, PC (Microsoft Windows)"
11070,Perception,perception,59.9,9,64.8,12,2017,2010,"Adventure, Indie","PlayStation 4, PC (Microsoft Windows), Xbox One, Nintendo Switch"
6879,Space Hulk: Deathwing,space-hulk-deathwing,59.9,9,59.7,11,2016,2010,"Shooter, Hack and slash/Beat 'em up, Adventure","PlayStation 4, PC (Microsoft Windows), Xbox One"
19572,Here They Lie,here-they-lie,59.8,8,66.8,16,2016,2010,Adventure,"PlayStation 4, PlayStation VR"
22703,Metal Gear Survive,metal-gear-survive,59.8,14,29.9,25,2018,2010,"Shooter, Strategy, Adventure","PlayStation 4, PC (Microsoft Windows), Xbox One"
4081,Ratatouille,ratatouille--2,59.8,4,60.8,34,2007,2000,"Platform, Adventure","PlayStation 3, Wii, Xbox 360"
27519,Rogue Trooper: Redux,rogue-trooper-redux,59.8,8,65.7,10,2017,2010,"Shooter, Adventure, Arcade","PlayStation 4, PC (Microsoft Windows), Xbox One, Nintendo Switch"
11213,Star Ocean: Integrity and Faithlessness,star-ocean-integrity-and-faithlessness,59.8,18,53.3,12,2016,2010,"Role-playing (RPG), Adventure","PlayStation 3, PlayStation 4"
298314,Yars Rising,yars-rising,59.8,4,,,2024,2020,"Shooter, Platform, Adventure, Arcade","Xbox Series X|S, PlayStation 4, PC (Microsoft Windows), PlayStation 5, Xbox One, Nintendo Switch"
3083,CivCity: Rome,civcity-rome,59.7,3,68.3,12,2006,2000,Strategy,PC (Microsoft Windows)
1191,Crash: Mind Over Mutant,crash-mind-over-mutant,59.7,3,57.8,66,2008,2000,Platform,"Wii, PlayStation Portable, Xbox 360, PlayStation 2"
6658,Dance Dance Revolution Hottest Party,dance-dance-revolution-hottest-party,59.7,3,,,2007,2000,Music,Wii
11567,Elex,elex,59.7,3,70.4,103,2017,2010,"Role-playing (RPG), Adventure","PlayStation 4, PC (Microsoft Windows), Xbox One"
6995,Fist of the North Star: Ken's Rage,fist-of-the-north-star-ken-s-rage,59.7,3,75.0,3,2010,2010,"Fighting, Hack and slash/Beat 'em up","PlayStation 3, Xbox 360"
19358,Loki,loki,59.7,3,67.9,6,2007,2000,"Role-playing (RPG), Hack and slash/Beat 'em up, Adventure",PC (Microsoft Windows)
4076,R: Racing Evolution,r-racing-evolution-3f32c0cf-f126-4508-9ca8-2b93e68a0b4f,59.7,3,50.1,6,2003,2000,"Racing, Simulator","Xbox, Nintendo GameCube, PlayStation 2"
121231,Romance of the Three Kingdoms XIV,romance-of-the-three-kingdoms-xiv,59.7,3,58.9,5,2020,2020,"Simulator, Strategy, Turn-based strategy (TBS)","PlayStation 4, PC (Microsoft Windows)"
19708,Lost Sea,lost-sea,59.6,7,,,2016,2010,"Strategy, Adventure, Indie","PlayStation 4, Linux, PC (Microsoft Windows), Mac, Xbox One, Nintendo Switch"
5059,NBA Jam,nba-jam,59.6,3,79.0,15,2010,2010,Sport,"PlayStation 3, Mac, Xbox 360"
5138,Samurai Warriors 3,samurai-warriors-3,59.6,5,,,2009,2000,Hack and slash/Beat 'em up,Wii
9560,No Time to Explain,no-time-to-explain,59.5,4,78.4,8,2011,2010,"Shooter, Platform, Adventure","Linux, PC (Microsoft Windows), Mac"
24781,PlayStation VR Worlds,playstation-vr-worlds,59.5,10,70.0,13,2016,2010,Adventure,PlayStation VR
21600,Silent Hill HD Collection,silent-hill-hd-collection,59.5,4,65.7,24,2012,2010,"Puzzle, Adventure","PlayStation 3, Xbox 360"
15991,Space Giraffe,space-giraffe,59.5,4,60.0,0,2007,2000,Indie,"PC (Microsoft Windows), Xbox 360"
5250,Ultimate Band,ultimate-band,59.5,3,,,2008,2000,Music,"Wii, Nintendo DS"
19920,Destiny: The Dark Below,destiny-the-dark-below,59.4,7,52.6,13,2014,2010,"Shooter, Role-playing (RPG)","PlayStation 3, PlayStation 4, Xbox 360, Xbox One"
112005,Disjunction,disjunction,59.4,5,,,2021,2020,"Shooter, Role-playing (RPG), Indie, Arcade","PlayStation 4, PC (Microsoft Windows), Xbox One, Nintendo Switch"
4846,LocoCycle,lococycle,59.4,10,60.0,2,2013,2010,"Shooter, Racing, Hack and slash/Beat 'em up, Adventure","PC (Microsoft Windows), Xbox 360, Xbox One"
23797,Rad Rodgers: World One,rad-rodgers-world-one,59.4,5,70.0,1,2016,2010,"Platform, Adventure, Indie","PlayStation 4, Linux, PC (Microsoft Windows), Mac, Xbox One"
75283,Apex Construct,apex-construct,59.3,3,,,2018,2010,"Shooter, Adventure","Oculus VR, Meta Quest 2, PlayStation VR, PC (Microsoft Windows), SteamVR, Oculus Rift, Oculus Quest"
3821,Bleach: Shattered Blade,bleach-shattered-blade,59.3,3,55.6,10,2006,2000,Fighting,Wii
3061,Cooking Mama: Cook Off,cooking-mama-cook-off,59.3,3,67.4,9,2007,2000,Simulator,Wii
12518,Fragments of Him,fragments-of-him,59.3,3,60.0,2,2016,2010,"Simulator, Adventure, Indie, Visual Novel","PlayStation 4, Linux, PC (Microsoft Windows), Mac, Xbox One"
187,Indiana Jones and the Emperor's Tomb,indiana-jones-and-the-emperor-s-tomb,59.3,3,73.6,51,2003,2000,Adventure,"Xbox, PC (Microsoft Windows), Mac, PlayStation 2"
3109,Postal 2,postal-2,59.3,4,71.8,304,2003,2000,"Shooter, Adventure, Indie","Linux, PC (Microsoft Windows), Mac"
8716,Postal: Redux,postal-redux,59.3,4,62.2,28,2016,2010,"Shooter, Indie","PlayStation 4, Linux, PC (Microsoft Windows), PlayStation 5, Nintendo Switch"
213473,Squirrel with a Gun,squirrel-with-a-gun,59.3,3,73.2,9,2024,2020,"Shooter, Platform, Simulator, Adventure, Indie","Xbox Series X|S, Nintendo Switch 2, PC (Microsoft Windows), PlayStation 5"
135576,Tennis World Tour 2,tennis-world-tour-2,59.3,6,67.3,7,2020,2020,"Simulator, Sport","PlayStation 4, PC (Microsoft Windows), Xbox One, Nintendo Switch"
4928,The Incredible Hulk,the-incredible-hulk,59.3,8,63.0,42,2008,2000,Adventure,"PlayStation 3, Wii, PC (Microsoft Windows), Xbox 360, Nintendo DS, PlayStation 2"
2597,The Smurfs 2,the-smurfs-2,59.3,3,65.0,2,2013,2010,"Platform, Adventure","PlayStation 3, Wii, Wii U, Xbox 360"
18310,"Warhammer 40,000: Squad Command",warhammer-40000-squad-command,59.3,3,,,2007,2000,"Strategy, Turn-based strategy (TBS), Tactical","PlayStation Portable, Nintendo DS"
21216,Where's Waldo? The Fantastic Journey,wheres-waldo-the-fantastic-journey,59.3,3,,,2009,2000,"Point-and-click, Puzzle, Adventure","Wii, PC (Microsoft Windows), Nintendo DS"
27398,Genesis Alpha One,genesis-alpha-one,59.2,5,50.0,2,2019,2010,"Shooter, Role-playing (RPG), Simulator, Adventure, Indie","PlayStation 4, PC (Microsoft Windows), Xbox One"
19949,Gryphon Knight Epic,gryphon-knight-epic,59.2,5,70.0,2,2015,2010,"Shooter, Indie","PlayStation 4, Linux, PC (Microsoft Windows), Mac, Xbox One"
2539,Alpha Protocol,alpha-protocol,59.1,5,74.5,152,2010,2010,"Shooter, Role-playing (RPG)","OnLive Game System, PlayStation 3, PC (Microsoft Windows), Xbox 360"
20342,Toby: The Secret Mine,toby-the-secret-mine,59.1,7,50.1,14,2015,2010,"Platform, Puzzle, Adventure, Indie","PlayStation 4, Linux, Android, PC (Microsoft Windows), iOS, Mac, Wii U, Xbox One, Nintendo Switch"
26847,2Dark,2dark,59.0,5,40.1,9,2017,2010,"Adventure, Indie","PlayStation 4, PC (Microsoft Windows), Xbox One"
26678,99Vidas,99vidas,59.0,3,51.9,21,2016,2010,"Fighting, Hack and slash/Beat 'em up, Indie, Arcade","PlayStation 3, PlayStation 4, Android, PC (Microsoft Windows), iOS, PlayStation Vita, Xbox One"
9764,Clockwork Empires,clockwork-empires,59.0,4,50.0,1,2016,2010,"Simulator, Strategy, Indie","PC (Microsoft Windows), Mac"
5591,Deus Ex: The Fall,deus-ex-the-fall,59.0,5,48.3,43,2013,2010,"Shooter, Role-playing (RPG), Adventure","Android, PC (Microsoft Windows), iOS"
19310,Dragon Ball: Raging Blast,dragon-ball-raging-blast,59.0,4,70.4,28,2009,2000,Fighting,"PlayStation 3, Xbox 360"
3013,FireFall,firefall,59.0,4,70.1,18,2013,2010,"Shooter, Role-playing (RPG), Adventure",PC (Microsoft Windows)
11131,ReCore,recore--1,59.0,23,71.7,54,2016,2010,"Platform, Adventure","PC (Microsoft Windows), Xbox One"
19796,The Witch and the Hundred Knight: Revival Edition,the-witch-and-the-hundred-knight-revival-edition,59.0,4,,,2015,2010,Role-playing (RPG),PlayStation 4
7220,Tron: Evolution,tron-evolution,59.0,6,60.5,24,2010,2010,"Shooter, Platform, Puzzle, Adventure","PlayStation 3, PC (Microsoft Windows), Xbox 360"
24462,Touhou: Scarlet Curiosity,touhou-scarlet-curiosity,58.9,8,69.9,5,2014,2010,"Platform, Role-playing (RPG), Adventure, Indie","PlayStation 4, PC (Microsoft Windows), Nintendo Switch"
4220,Dark Void,dark-void,58.8,5,64.0,42,2010,2010,"Shooter, Simulator, Adventure","PlayStation 3, PC (Microsoft Windows), Xbox 360"
7039,Knights Contract,knights-contract,58.8,4,90.0,2,2011,2010,"Hack and slash/Beat 'em up, Adventure","PlayStation 3, Xbox 360"
3977,Lemony Snicket's A Series of Unfortunate Events,lemony-snicket-s-a-series-of-unfortunate-events,58.8,4,61.5,21,2004,2000,"Platform, Adventure","Xbox, Nintendo GameCube, PC (Microsoft Windows), PlayStation 2"
5100,Pirates of the Caribbean: At World's End,pirates-of-the-caribbean-at-world-s-end,58.8,4,51.1,38,2007,2000,Adventure,"PlayStation 3, Wii, PC (Microsoft Windows), PlayStation Portable, Xbox 360, PlayStation 2"
145804,Stitchy in Tooki Trouble,stitchy-in-tooki-trouble,58.8,4,,,2021,2020,"Platform, Adventure, Indie, Arcade",Nintendo Switch
101116,The Council: Episode 2 - Hide and Seek,the-council-episode-2-hide-and-seek,58.8,4,,,2018,2010,"Role-playing (RPG), Adventure","PlayStation 4, PC (Microsoft Windows), Xbox One"
10733,The Novelist,the-novelist,58.8,4,71.2,15,2013,2010,"Simulator, Strategy, Adventure, Indie","Linux, PC (Microsoft Windows), Mac"
15187,Toy Soldiers: War Chest,toy-soldiers-war-chest,58.8,4,80.0,1,2015,2010,"Shooter, Real Time Strategy (RTS), Strategy","PlayStation 4, PC (Microsoft Windows), Xbox One"
7250,WRC: FIA World Rally Championship,wrc-fia-world-rally-championship,58.8,4,65.6,9,2010,2010,Racing,"PlayStation 3, PC (Microsoft Windows), Xbox 360"
4685,Avatar: The Last Airbender - The Burning Earth,avatar-the-last-airbender-the-burning-earth,58.7,3,58.7,17,2007,2000,Adventure,"Wii, PlayStation Portable, Xbox 360, PlayStation 2"
4056,Carnival Games,carnival-games,58.7,6,49.0,12,2007,2000,"Strategy, Arcade","Wii, iOS"
41820,Creeping Terror,creeping-terror,58.7,3,50.0,1,2017,2010,"Adventure, Indie","Nintendo 3DS, PC (Microsoft Windows)"
28127,Kirby's Blowout Blast,kirbys-blowout-blast,58.7,3,76.0,4,2017,2010,"Platform, Adventure, Arcade",Nintendo 3DS
5178,Spider-Man 3,spider-man-3,58.7,7,62.4,123,2007,2000,Platform,"PlayStation 3, PC (Microsoft Windows), Xbox 360"
6928,Bullet Witch,bullet-witch,58.6,5,50.0,12,2006,2000,Shooter,"PC (Microsoft Windows), Xbox 360"
13164,The Dwarves,the-dwarves,58.6,9,60.8,15,2016,2010,Role-playing (RPG),"PlayStation 4, Linux, PC (Microsoft Windows), Mac, Xbox One"
2842,The Simpsons: Road Rage,the-simpsons-road-rage,58.5,4,61.3,58,2001,2000,Racing,"Xbox, Nintendo GameCube, PlayStation 2"
1382,Tony Hawk's Pro Skater HD,tony-hawk-s-pro-skater-hd,58.5,10,42.5,27,2012,2010,"Sport, Arcade","PlayStation 3, PC (Microsoft Windows), Xbox 360"
7242,Warriors Orochi,warriors-orochi,58.5,4,74.7,16,2007,2000,Hack and slash/Beat 'em up,"PlayStation 3, PC (Microsoft Windows), PlayStation Vita, PlayStation Portable, Xbox 360, PlayStation 2"
3990,Mario & Sonic at the Sochi 2014 Olympic Winter Games,mario-sonic-at-the-sochi-2014-olympic-winter-games,58.4,5,65.0,14,2013,2010,Sport,Wii U
36787,Archangel: Hellfire,archangel-hellfire,58.3,3,60.0,4,2017,2010,"Shooter, Role-playing (RPG), Simulator","Oculus VR, PlayStation 4, PlayStation VR, PC (Microsoft Windows), SteamVR"
8422,Breach & Clear,breach-and-clear,58.3,3,69.7,12,2013,2010,"Shooter, Role-playing (RPG), Simulator, Strategy, Tactical","Linux, Android, PC (Microsoft Windows), iOS, Mac, PlayStation Vita"
13231,Drive!Drive!Drive!,drive-drive-drive,58.3,3,60.0,1,2016,2010,"Racing, Indie, Arcade","PlayStation 4, PC (Microsoft Windows), Mac"
6983,Dynasty Warriors: Strikeforce,dynasty-warriors-strikeforce,58.3,3,64.3,6,2009,2000,"Role-playing (RPG), Hack and slash/Beat 'em up, Adventure","PlayStation 3, PlayStation Portable, Xbox 360"
5827,Evil Dead: A Fistful of Boomstick,evil-dead-a-fistful-of-boomstick,58.3,4,50.1,5,2003,2000,"Puzzle, Hack and slash/Beat 'em up, Adventure","Xbox, PlayStation 2"
240452,FIFA 18,fifa-18--1,58.3,3,40.5,10,2017,2010,Sport,Nintendo Switch
19590,Filthy Lucre,filthy-lucre,58.3,3,50.0,1,2016,2010,"Shooter, Adventure, Indie","PlayStation 4, PC (Microsoft Windows)"
1710,Game & Wario,game-wario,58.3,7,61.7,11,2013,2010,"Shooter, Puzzle, Sport",Wii U
214507,God of Rock,god-of-rock,58.3,4,,,2023,2020,"Fighting, Music, Strategy, Indie, Arcade","Xbox Series X|S, PlayStation 4, PC (Microsoft Windows), PlayStation 5, Xbox One, Nintendo Switch"
1631,James Bond 007: Nightfire,james-bond-007-nightfire,58.3,3,74.6,123,2002,2000,Shooter,"Xbox, Nintendo GameCube, PlayStation 2"
66788,Kirby Battle Royale,kirby-battle-royale,58.3,3,56.2,8,2017,2010,Fighting,Nintendo 3DS
12885,Laserlife,laserlife,58.3,3,60.0,0,2015,2010,"Music, Indie","PlayStation 4, PC (Microsoft Windows), Mac, Xbox One"
74500,Monster Energy Supercross: The Official Videogame,monster-energy-supercross-the-official-videogame,58.3,3,69.9,12,2018,2010,"Racing, Simulator, Sport, Arcade","PlayStation 4, PC (Microsoft Windows), iOS, Xbox One, Nintendo Switch"
128465,Monster Energy Supercross: The Official Videogame 3,monster-energy-supercross-the-official-videogame-3,58.3,3,60.0,0,2020,2020,"Racing, Simulator, Sport, Arcade","Google Stadia, PlayStation 4, PC (Microsoft Windows), Xbox One, Nintendo Switch"
54709,Planet of the Apes: Last Frontier,planet-of-the-apes-last-frontier,58.3,3,70.0,6,2017,2010,"Adventure, Indie","PlayStation 4, PC (Microsoft Windows), Xbox One"
20955,Pumped BMX+,pumped-bmx-plus,58.3,3,50.2,5,2015,2010,"Racing, Simulator, Sport, Indie, Arcade","PlayStation 3, PlayStation 4, PC (Microsoft Windows), Wii U, PlayStation Vita, Xbox One"
20531,Rise and Fall: Civilizations at War,rise-and-fall-civilizations-at-war,58.3,3,77.5,7,2006,2000,"Shooter, Real Time Strategy (RTS), Strategy",PC (Microsoft Windows)
7167,Rumble Roses XX,rumble-roses-xx,58.3,3,60.2,5,2006,2000,"Fighting, Sport",Xbox 360
2862,Scooby-Doo! First Frights,scooby-doo-first-frights,58.3,3,76.8,6,2009,2000,"Platform, Adventure","Wii, PC (Microsoft Windows), Nintendo DS, PlayStation 2"
9276,Space Siege,space-siege,58.3,3,63.5,5,2008,2000,Role-playing (RPG),PC (Microsoft Windows)
4622,Super Contra,super-contra,58.3,3,74.3,83,1988,1980,"Shooter, Platform, Arcade","Arcade, PC (Microsoft Windows), DOS, Amiga"
24982,Super Stardust Ultra VR,super-stardust-ultra-vr,58.3,4,,,2016,2010,"Shooter, Arcade",PlayStation 4
110872,The Council: Episode 4 - Burning Bridges,the-council-episode-4-burning-bridges,58.3,3,,,2018,2010,"Role-playing (RPG), Adventure","PlayStation 4, PC (Microsoft Windows), Xbox One"
18157,The Town of Light,the-town-of-light,58.3,8,70.2,26,2016,2010,"Adventure, Indie","PlayStation 4, Linux, PC (Microsoft Windows), Mac, Xbox One, Nintendo Switch"
2701,Tony Hawk: Ride,tony-hawk-ride,58.3,6,35.0,9,2009,2000,"Simulator, Sport","PlayStation 3, Xbox 360"
4561,Pokémon Rumble Blast,pokemon-rumble-blast,58.2,5,76.0,17,2011,2010,"Fighting, Role-playing (RPG), Hack and slash/Beat 'em up, Adventure",Nintendo 3DS
19940,Pac-Man and the Ghostly Adventures,pac-man-and-the-ghostly-adventures,58.1,15,70.0,7,2013,2010,"Platform, Adventure","PlayStation 3, Nintendo 3DS, PC (Microsoft Windows), Wii U, Xbox 360"
2607,Sonic Lost World,sonic-lost-world,58.1,14,51.1,51,2013,2010,"Platform, Adventure","PC (Microsoft Windows), Wii U"
23168,100ft Robot Golf,100ft-robot-golf,58.0,5,60.0,4,2016,2010,"Fighting, Sport, Indie","PlayStation 4, PlayStation VR, PC (Microsoft Windows)"
9965,Alien Spidy,alien-spidy,58.0,5,50.0,4,2013,2010,"Platform, Adventure, Indie","PlayStation 3, PC (Microsoft Windows), Mac, Xbox 360"
5730,BlackSite: Area 51,blacksite-area-51,58.0,3,61.2,41,2007,2000,"Shooter, Adventure","PlayStation 3, PC (Microsoft Windows), Xbox 360"
5756,Breakdown,breakdown,58.0,3,67.9,6,2004,2000,"Shooter, Adventure",Xbox
6973,Dreamcast Collection,dreamcast-collection,58.0,3,75.0,4,2011,2010,"Music, Platform, Racing, Sport, Adventure, Arcade","PC (Microsoft Windows), Xbox 360"
119386,Empire of Sin,empire-of-sin,58.0,3,65.3,19,2020,2020,"Role-playing (RPG), Strategy, Tactical, Adventure","PlayStation 4, PC (Microsoft Windows), Mac, Xbox One, Nintendo Switch"
6992,Fatal Inertia,fatal-inertia,58.0,4,65.0,1,2007,2000,Racing,"PlayStation 3, Xbox 360"
7319,Hyperdimension Neptunia,hyperdimension-neptunia,58.0,3,60.6,9,2010,2010,"Role-playing (RPG), Turn-based strategy (TBS), Adventure",PlayStation 3
8512,Micro Machines V4,micro-machines-v4,58.0,4,40.2,8,2006,2000,Racing,"PC (Microsoft Windows), PlayStation Portable, Nintendo DS, PlayStation 2"
7121,Ninja Blade,ninja-blade,58.0,5,69.7,40,2009,2000,Hack and slash/Beat 'em up,"PC (Microsoft Windows), Xbox 360"
25086,Pirate Pop Plus,pirate-pop-plus,58.0,5,70.0,1,2016,2010,"Shooter, Indie, Arcade","Nintendo 3DS, PC (Microsoft Windows), Mac, Wii U, New Nintendo 3DS, Nintendo Switch"
1797,Ratchet & Clank: Full Frontal Assault,ratchet-clank-full-frontal-assault,58.0,5,63.5,36,2012,2010,"Shooter, Platform, Strategy, Adventure","PlayStation 3, PlayStation Vita"
20456,Resident Evil: Deadly Silence,resident-evil-deadly-silence,58.0,3,62.4,19,2006,2000,"Shooter, Puzzle, Adventure",Nintendo DS
6891,Steel Diver,steel-diver,58.0,4,41.1,7,2011,2010,"Simulator, Strategy",Nintendo 3DS
225,The Sims 2: Pets,the-sims-2-pets,58.0,5,65.0,44,2006,2000,"Role-playing (RPG), Simulator, Strategy","PC (Microsoft Windows), Mac"
248534,X-Men: The Official Game,x-men-the-official-game--3,58.0,3,,,2006,2000,Hack and slash/Beat 'em up,"Xbox, Nintendo GameCube, PlayStation 2"
3011,Harry Potter and the Order of the Phoenix,harry-potter-and-the-order-of-the-phoenix,57.9,8,66.6,118,2007,2000,Adventure,"PlayStation 3, Wii, PC (Microsoft Windows), Mac, PlayStation Portable, Xbox 360"
26939,Mario Sports Superstars,mario-sports-superstars,57.8,6,60.0,3,2017,2010,Sport,Nintendo 3DS
52263,All-Star Fruit Racing,all-star-fruit-racing,57.7,3,60.0,4,2018,2010,"Racing, Sport, Indie","PlayStation 4, PC (Microsoft Windows), Xbox One, Nintendo Switch"
361,Far Cry 2,far-cry-2,57.7,6,72.3,561,2008,2000,"Shooter, Adventure","PlayStation 3, PC (Microsoft Windows), Xbox 360"
194436,Flintlock: The Siege of Dawn,flintlock-the-siege-of-dawn,57.7,3,65.7,26,2024,2020,"Role-playing (RPG), Adventure, Indie","Xbox Series X|S, PC (Microsoft Windows), PlayStation 5"
9879,"I, Zombie",i-zombie,57.7,3,69.8,7,2013,2010,"Puzzle, Simulator, Strategy, Indie, Arcade","PlayStation 4, Windows Phone, PC (Microsoft Windows), Xbox One, Nintendo Switch"
1916,Lost Planet 3,lost-planet-3,57.7,12,68.6,45,2013,2010,Shooter,"PlayStation 3, PC (Microsoft Windows), Xbox 360, Xbox One"
2193,Mario Party 8,mario-party-8,57.7,3,71.8,123,2007,2000,"Puzzle, Card & Board Game",Wii
28070,Planet Alpha,planet-alpha,57.7,3,68.9,32,2018,2010,"Platform, Puzzle, Adventure, Indie","PlayStation 4, PC (Microsoft Windows), Xbox One, Nintendo Switch"
264302,Rugrats: Adventures in Gameland,rugrats-adventures-in-gameland,57.7,3,,,2024,2020,"Platform, Puzzle, Adventure, Indie","Xbox Series X|S, PlayStation 4, PC (Microsoft Windows), PlayStation 5, Xbox One, Nintendo Switch"
10628,Shrek SuperSlam,shrek-superslam,57.7,3,64.2,19,2005,2000,Fighting,"Xbox, Nintendo GameCube, PC (Microsoft Windows), PlayStation 2"
28002,Final Fantasy XV: Episode Gladiolus,final-fantasy-xv-episode-gladiolus,57.6,5,67.5,15,2016,2010,"Role-playing (RPG), Adventure","PlayStation 4, PC (Microsoft Windows), Xbox One"
4059,Over the Hedge,over-the-hedge,57.6,5,53.4,27,2006,2000,"Platform, Adventure","Xbox, Nintendo GameCube, PC (Microsoft Windows), PlayStation 2"
132051,Windbound,windbound,57.6,5,45.1,21,2020,2020,"Role-playing (RPG), Adventure, Indie","Google Stadia, PlayStation 4, PC (Microsoft Windows), Xbox One, Nintendo Switch"
21359,Defend Your Castle,defend-your-castle,57.5,4,69.9,5,2008,2000,"Strategy, Indie, Arcade","Wii, PC (Microsoft Windows), iOS, Nintendo Switch"
1828,Fuse,fuse,57.5,8,65.0,14,2013,2010,"Shooter, Adventure","PlayStation 3, Xbox 360"
5899,L.A. Rush,l-a-rush,57.5,4,60.0,11,2005,2000,Racing,"Xbox, PC (Microsoft Windows), PlayStation Portable, PlayStation 2"
23280,One Way Trip,one-way-trip,57.5,4,,,2016,2010,Adventure,PlayStation 4
19964,Samurai Warriors Chronicles 3,samurai-warriors-chronicles-3,57.5,4,77.0,1,2014,2010,"Strategy, Hack and slash/Beat 'em up, Adventure","Nintendo 3DS, PlayStation Vita, New Nintendo 3DS"
8036,Verdun,verdun,57.5,6,61.4,34,2015,2010,"Shooter, Simulator, Strategy, Indie","PlayStation 4, Linux, PC (Microsoft Windows), PlayStation 5, Mac, Xbox One"
7208,Bound By Flame,bound-by-flame,57.4,11,65.5,46,2014,2010,"Role-playing (RPG), Adventure","PlayStation 3, PlayStation 4, PC (Microsoft Windows), Xbox 360, Xbox One"
20873,Natural Doctrine,natural-doctrine,57.4,5,,,2014,2010,"Role-playing (RPG), Simulator, Strategy, Turn-based strategy (TBS), Tactical","PlayStation 3, PlayStation 4, PlayStation Vita"
101,Need for Speed: Undercover,need-for-speed-undercover,57.4,4,61.1,305,2008,2000,"Racing, Arcade","PlayStation 3, PC (Microsoft Windows), Xbox 360"
3669,Shrek the Third,shrek-the-third,57.4,9,60.0,26,2007,2000,"Platform, Hack and slash/Beat 'em up, Adventure","Wii, PC (Microsoft Windows), PlayStation Portable, Xbox 360, PlayStation 2"
8643,Army Corps of Hell,army-corps-of-hell,57.3,3,,,2011,2010,Strategy,PlayStation Vita
251567,Bulletstorm VR,bulletstorm-vr,57.3,3,,,2024,2020,"Shooter, Adventure","Meta Quest 2, PlayStation VR2, SteamVR, Meta Quest 3"
3942,Harry Potter and the Goblet of Fire,harry-potter-and-the-goblet-of-fire,57.3,4,60.6,154,2005,2000,Adventure,"Xbox, Nintendo GameCube, PC (Microsoft Windows), PlayStation 2"
21591,Saint Seiya: Soldiers' Soul,saint-seiya-soldiers-soul,57.3,4,67.4,16,2015,2010,Fighting,"PlayStation 3, PlayStation 4, PC (Microsoft Windows)"
37089,The Inpatient,the-inpatient,57.3,6,69.9,6,2018,2010,Adventure,"PlayStation 4, PlayStation VR"
5415,Twisted Metal: Head-On - Extra Twisted Edition,twisted-metal-head-on-extra-twisted-edition,57.3,3,,,2008,2000,Racing,PlayStation 2
18053,Zombie Apocalypse,zombie-apocalypse,57.3,3,69.9,5,2009,2000,"Shooter, Arcade","PlayStation 3, Xbox 360"
11093,Armikrog,armikrog,57.2,9,76.2,19,2015,2010,"Point-and-click, Platform, Puzzle, Strategy, Adventure, Indie","PlayStation 4, Linux, PC (Microsoft Windows), Mac, Wii U, Xbox One"
11409,Submerged,submerged,57.2,9,59.6,43,2015,2010,"Platform, Puzzle, Adventure, Indie","PlayStation 4, PC (Microsoft Windows), iOS, Xbox One, Nintendo Switch"
5489,Game of Thrones,game-of-thrones,57.1,7,63.9,45,2012,2010,"Role-playing (RPG), Adventure","PlayStation 3, PC (Microsoft Windows), Xbox 360"
135992,Balan Wonderworld,balan-wonderworld,57.0,6,26.7,12,2021,2020,Platform,"Xbox Series X|S, PlayStation 4, PC (Microsoft Windows), PlayStation 5, Xbox One, Nintendo Switch"
27186,Earthfall,earthfall,57.0,5,66.2,8,2018,2010,"Shooter, Adventure","PlayStation 4, PC (Microsoft Windows), Xbox One, Nintendo Switch"
4852,FaceBreaker,facebreaker,57.0,4,70.0,2,2008,2000,"Fighting, Simulator, Sport, Arcade","PlayStation 3, Wii, Xbox 360"
103369,Kill la Kill: If,kill-la-kill-if,57.0,3,69.4,32,2019,2010,"Fighting, Adventure, Arcade","PlayStation 4, PC (Microsoft Windows), Nintendo Switch"
144542,Kitaria Fables,kitaria-fables,57.0,3,,,2021,2020,"Role-playing (RPG), Simulator, Adventure","Xbox Series X|S, PlayStation 4, Android, PC (Microsoft Windows), iOS, PlayStation 5, Xbox One, Nintendo Switch"
4018,Monster House,monster-house,57.0,5,49.8,6,2006,2000,"Shooter, Adventure","Nintendo GameCube, PlayStation 2"
5166,Sonic and the Black Knight,sonic-and-the-black-knight,57.0,3,58.3,50,2009,2000,"Platform, Hack and slash/Beat 'em up",Wii
23483,SwapQuest,swapquest,57.0,4,,,2015,2010,"Puzzle, Role-playing (RPG), Indie","PlayStation 4, PC (Microsoft Windows), iOS, PlayStation Vita, Xbox One"
116805,Sword Art Online: Alicization Lycoris,sword-art-online-alicization-lycoris,57.0,4,51.7,5,2020,2020,"Role-playing (RPG), Adventure","PlayStation 4, PC (Microsoft Windows), Xbox One, Nintendo Switch"
29147,Tartarus,tartarus,57.0,3,50.0,2,2017,2010,"Puzzle, Role-playing (RPG), Simulator, Hack and slash/Beat 'em up, Adventure, Indie","Linux, PC (Microsoft Windows)"
103266,Twin Mirror,twin-mirror,57.0,7,71.3,54,2020,2020,Adventure,"PlayStation 4, PC (Microsoft Windows), Xbox One"
23687,MeiQ: Labyrinth of Death,meiq-labyrinth-of-death,56.9,9,,,2015,2010,"Role-playing (RPG), Adventure",PlayStation Vita
35526,Oriental Empires,oriental-empires,56.8,4,50.0,4,2016,2010,"Simulator, Strategy, Indie",PC (Microsoft Windows)
5244,Transformers: The Game,transformers-the-game,56.8,8,68.1,64,2007,2000,Hack and slash/Beat 'em up,"PlayStation 3, Wii, PC (Microsoft Windows), Xbox 360, PlayStation 2"
132956,WWE 2K Battlegrounds,wwe-2k-battlegrounds,56.8,6,50.2,16,2020,2020,"Fighting, Sport, Arcade","Google Stadia, PlayStation 4, PC (Microsoft Windows), Xbox One, Nintendo Switch"
19944,A Bastard's Tale,a-bastards-tale,56.7,3,80.0,2,2016,2010,"Adventure, Indie, Arcade","PlayStation 4, PC (Microsoft Windows)"
15847,Aeon Flux,aeon-flux--1,56.7,3,,,2005,2000,Adventure,"Xbox, PlayStation 2"
20636,Agatha Christie: Murder on the Orient Express,agatha-christie-murder-on-the-orient-express,56.7,3,70.2,12,2006,2000,"Point-and-click, Puzzle, Adventure",PC (Microsoft Windows)
6746,Asphalt 3D,asphalt-3d,56.7,3,69.6,6,2011,2010,Racing,Nintendo 3DS
54774,Astro Bears Party,astro-bears-party,56.7,3,57.0,3,2017,2010,"Fighting, Arcade",Nintendo Switch
14292,Baldur's Gate: Siege of Dragonspear,baldurs-gate-siege-of-dragonspear,56.7,3,69.9,31,2016,2010,"Role-playing (RPG), Strategy, Adventure","Linux, Android, PC (Microsoft Windows), iOS, Mac"
22445,Battleship,battleship--1,56.7,3,80.0,1,2016,2010,"Simulator, Strategy, Card & Board Game","PlayStation 4, Xbox One"
106790,Bee Simulator,bee-simulator,56.7,3,50.3,15,2019,2010,"Simulator, Adventure","PlayStation 4, PC (Microsoft Windows), Xbox One, Nintendo Switch"
11106,Blitzkrieg 2: Fall of the Reich,blitzkrieg-2-fall-of-the-reich,56.7,3,,,2007,2000,"Real Time Strategy (RTS), Strategy, Tactical",PC (Microsoft Windows)
3839,Contrast,contrast,56.7,6,58.2,103,2013,2010,"Platform, Puzzle, Indie","PlayStation 3, PlayStation 4, PC (Microsoft Windows), Xbox 360, Xbox One"
6366,Danny Phantom: Urban Jungle,danny-phantom-urban-jungle,56.7,3,,,2006,2000,"Shooter, Platform","Game Boy Advance, Nintendo DS"
24932,Dexed,dexed,56.7,3,70.0,0,2016,2010,"Shooter, Indie","PlayStation VR, SteamVR, Oculus Rift"
17501,Fist of Awesome,fist-of-awesome--1,56.7,3,60.0,1,2013,2010,"Hack and slash/Beat 'em up, Adventure, Indie","Ouya, Android, PC (Microsoft Windows), iOS, Mac"
298,Glory of the Roman Empire,glory-of-the-roman-empire,56.7,3,65.4,8,2006,2000,"Real Time Strategy (RTS), Strategy",PC (Microsoft Windows)
8949,God Mode,god-mode,56.7,3,44.4,7,2013,2010,Shooter,"PlayStation 3, PC (Microsoft Windows), Xbox 360"
10494,Last Inua,last-inua,56.7,3,50.0,2,2014,2010,"Platform, Adventure, Indie","PC (Microsoft Windows), Mac"
42897,Loading Human: Chapter 1,loading-human-chapter-1,56.7,3,,,2016,2010,Adventure,"Oculus VR, PlayStation VR, PC (Microsoft Windows), SteamVR"
18218,Magic: The Gathering - Duels of the Planeswalkers 2015,magic-the-gathering-duels-of-the-planeswalkers-2015,56.7,6,78.5,14,2014,2010,"Strategy, Turn-based strategy (TBS), Tactical, Card & Board Game","Android, PC (Microsoft Windows), iOS, Xbox 360, Xbox One"
95616,Monster Crown,monster-crown,56.7,3,,,2020,2020,"Role-playing (RPG), Adventure, Indie","PlayStation 4, PC (Microsoft Windows), Xbox One, Nintendo Switch"
1789,Painkiller: Hell & Damnation,painkiller-hell-damnation,56.7,6,55.5,38,2012,2010,Shooter,"PlayStation 3, PC (Microsoft Windows), Xbox 360"
20237,Red Bull Crashed Ice Kinect,red-bull-crashed-ice-kinect,56.7,3,,,2012,2010,"Racing, Sport",Xbox 360
20201,Ridge Racer DS,ridge-racer-ds,56.7,3,69.0,4,2005,2000,Racing,Nintendo DS
21063,Sonic Forces,sonic-forces,56.7,11,55.5,107,2017,2010,Platform,"PlayStation 4, PC (Microsoft Windows), Xbox One, Nintendo Switch"
319362,Star Wars: Episode I - Jedi Power Battles,star-wars-episode-i-jedi-power-battles--3,56.7,3,,,2025,2020,"Hack and slash/Beat 'em up, Adventure","Xbox Series X|S, PlayStation 4, PC (Microsoft Windows), PlayStation 5, Xbox One, Nintendo Switch"
8238,The Getaway: Black Monday,the-getaway-black-monday,56.7,3,70.0,7,2004,2000,"Shooter, Racing",PlayStation 2
11317,The Legend of Legacy,the-legend-of-legacy,56.7,3,75.0,2,2015,2010,Role-playing (RPG),Nintendo 3DS
17753,The Princess and the Frog,the-princess-and-the-frog,56.7,3,,,2009,2000,Adventure,"Wii, PC (Microsoft Windows)"
7476,Untold Legends: Dark Kingdom,untold-legends-dark-kingdom,56.7,3,,,2006,2000,"Role-playing (RPG), Hack and slash/Beat 'em up",PlayStation 3
5678,War of the Vikings,war-of-the-vikings,56.7,3,,,2013,2010,Hack and slash/Beat 'em up,PC (Microsoft Windows)
2583,Dragon Ball Z: Battle of Z,dragon-ball-z-battle-of-z,56.6,8,59.6,25,2014,2010,Fighting,"PlayStation 3, PlayStation Vita, Xbox 360"
2940,Killer Is Dead,killer-is-dead,56.6,10,59.2,80,2013,2010,Hack and slash/Beat 'em up,"PlayStation 3, Xbox 360"
112409,Narcos: Rise of the Cartels,narcos-rise-of-the-cartels,56.5,6,40.0,1,2019,2010,"Simulator, Strategy, Turn-based strategy (TBS), Adventure","PlayStation 4, PC (Microsoft Windows), Xbox One, Nintendo Switch"
22778,Outward,outward,56.5,5,78.5,38,2019,2010,"Role-playing (RPG), Indie","Google Stadia, PlayStation 4, PC (Microsoft Windows), PlayStation 5, Xbox One"
152247,Redfall,redfall,56.5,6,45.9,37,2023,2020,"Shooter, Role-playing (RPG), Adventure","Xbox Series X|S, PC (Microsoft Windows)"
24954,The Caligula Effect,the-caligula-effect,56.5,6,,,2016,2010,Role-playing (RPG),PlayStation Vita
111558,Bubsy: Paws on Fire!,bubsy-paws-on-fire,56.4,5,70.0,1,2019,2010,"Platform, Adventure","PlayStation 4, PC (Microsoft Windows), Nintendo Switch"
145783,Aztech Forgotten Gods,aztech-forgotten-gods,56.3,4,,,2022,2020,"Platform, Adventure, Indie","Xbox Series X|S, PlayStation 4, PC (Microsoft Windows), PlayStation 5, Xbox One, Nintendo Switch"
5634,Conflict: Denied Ops,conflict-denied-ops,56.3,4,53.7,7,2008,2000,Shooter,"PlayStation 3, PC (Microsoft Windows), Xbox 360"
97258,Destiny 2: Warmind,destiny-2-warmind,56.3,4,63.8,30,2018,2010,"Shooter, Role-playing (RPG)","PlayStation 4, PC (Microsoft Windows), Xbox One"
8576,Drakengard 3,drakengard-3,56.3,8,74.6,49,2013,2010,"Role-playing (RPG), Strategy, Hack and slash/Beat 'em up, Adventure",PlayStation 3
78113,Gungrave G.O.R.E,gungrave-gore,56.3,3,59.9,6,2022,2020,"Fighting, Shooter, Simulator, Strategy, Adventure","Xbox Series X|S, PlayStation 4, PC (Microsoft Windows), PlayStation 5, Xbox One"
26232,PaRappa the Rapper Remastered,parappa-the-rapper-remastered,56.3,4,68.0,6,2017,2010,Music,PlayStation 4
23229,Pac-Man and the Ghostly Adventures 2,pac-man-and-the-ghostly-adventures-2,56.3,4,60.1,5,2014,2010,"Platform, Adventure","PlayStation 3, Nintendo 3DS, Wii U, Xbox 360"
1367,Sniper: Ghost Warrior,sniper-ghost-warrior,56.3,3,56.5,108,2010,2010,"Shooter, Simulator, Tactical","PlayStation 3, Linux, PC (Microsoft Windows), Xbox 360"
75990,The Caligula Effect: Overdose,the-caligula-effect-overdose,56.3,4,60.0,3,2018,2010,"Role-playing (RPG), Adventure","PlayStation 4, PC (Microsoft Windows), PlayStation 5, Nintendo Switch"
5239,Tournament of Legends,tournament-of-legends,56.3,4,,,2010,2010,Fighting,Wii
14673,Valkyria Revolution,valkyria-revolution,56.3,11,,,2017,2010,"Role-playing (RPG), Strategy","PlayStation 4, PlayStation Vita, Xbox One"
1681,Wild Arms 4,wild-arms-4,56.3,3,79.9,5,2005,2000,Role-playing (RPG),PlayStation 2
20787,The Assembly,the-assembly,56.2,5,69.5,5,2016,2010,"Puzzle, Adventure, Indie","PlayStation 4, PlayStation VR, PC (Microsoft Windows), SteamVR, Oculus Rift, Xbox One"
4663,Agatha Christie: And Then There Were None,agatha-christie-and-then-there-were-none,56.0,4,70.1,19,2005,2000,"Point-and-click, Adventure","Wii, PC (Microsoft Windows)"
1832,Army of Two: The Devil's Cartel,army-of-two-the-devil-s-cartel,56.0,12,61.2,44,2013,2010,Shooter,"PlayStation 3, Xbox 360"
10177,Defenders of Ardania,defenders-of-ardania,56.0,4,40.0,3,2011,2010,"Real Time Strategy (RTS), Strategy, Arcade","PlayStation 3, PC (Microsoft Windows), iOS, Xbox 360"
23425,Demetrios: The Big Cynical Adventure,demetrios-the-big-cynical-adventure,56.0,5,69.7,6,2016,2010,"Point-and-click, Puzzle, Adventure, Indie","PlayStation 4, Linux, Android, PC (Microsoft Windows), iOS, Mac, PlayStation Vita, Xbox One, Nintendo Switch"
15557,Escape from Paradise City,escape-from-paradise-city,56.0,3,,,2007,2000,"Real Time Strategy (RTS), Strategy",PC (Microsoft Windows)
10889,StarDrive,stardrive--1,56.0,3,70.1,6,2013,2010,"Real Time Strategy (RTS), Strategy, Indie",PC (Microsoft Windows)
37294,Staxel,staxel,56.0,3,53.1,5,2018,2010,"Role-playing (RPG), Simulator, Indie","PC (Microsoft Windows), Nintendo Switch"
5214,Teenage Mutant Ninja Turtles: Smash-Up,teenage-mutant-ninja-turtles-smash-up,56.0,3,72.2,8,2009,2000,Fighting,Wii
19445,Trillion: God of Destruction,trillion-god-of-destruction,56.0,5,60.0,3,2015,2010,"Role-playing (RPG), Simulator, Strategy, Visual Novel","PC (Microsoft Windows), PlayStation Vita"
1003,Enter the Matrix,enter-the-matrix,55.8,6,63.4,156,2003,2000,"Fighting, Shooter, Hack and slash/Beat 'em up, Adventure","Xbox, Nintendo GameCube, PC (Microsoft Windows), PlayStation 2"
135655,Shadow Warrior 3,shadow-warrior-3,55.8,5,65.1,52,2022,2020,"Shooter, Role-playing (RPG), Adventure, Indie, Arcade","Xbox Series X|S, PlayStation 4, PC (Microsoft Windows), PlayStation 5, Xbox One"
37062,Skull and Bones,skull-and-bones,55.8,5,50.1,39,2024,2020,"Role-playing (RPG), Adventure","Xbox Series X|S, PC (Microsoft Windows), PlayStation 5"
6893,Super Monkey Ball 3D,super-monkey-ball-3d,55.8,4,61.0,3,2011,2010,"Platform, Puzzle, Sport, Strategy",Nintendo 3DS
6978,Dynasty Warriors: Gundam 2,dynasty-warriors-gundam-2,55.7,7,67.4,6,2008,2000,"Fighting, Role-playing (RPG), Strategy, Hack and slash/Beat 'em up","PlayStation 3, Xbox 360, PlayStation 2"
21573,Nat Geo Challenge! Wild Life,nat-geo-challenge-wild-life,55.7,3,,,2010,2010,Quiz/Trivia,"PlayStation 3, Wii, PC (Microsoft Windows), Xbox 360, Xbox One"
111650,Warcraft III: Reforged,warcraft-iii-reforged,55.7,6,56.3,58,2020,2020,Real Time Strategy (RTS),"PC (Microsoft Windows), Mac"
19167,Asemblance,asemblance,55.6,9,69.0,6,2016,2010,"Puzzle, Simulator, Adventure, Indie","PlayStation 4, PC (Microsoft Windows), Xbox One, Nintendo Switch"
14903,Assassin's Creed Chronicles: Russia,assassins-creed-chronicles-russia,55.5,10,67.2,64,2016,2010,"Platform, Adventure","PlayStation 4, PC (Microsoft Windows), PlayStation Vita, Xbox One"
7036,The King of Fighters XII,the-king-of-fighters-xii,55.5,4,69.9,10,2009,2000,Fighting,"Arcade, PlayStation 3, Xbox 360"
81371,Warlords,warlords--2,55.5,4,,,2012,2010,"Strategy, Arcade","PlayStation 3, Xbox 360"
6233,Whiplash,whiplash,55.5,3,,,2003,2000,"Platform, Adventure","Xbox, PlayStation 2"
20993,World Heroes Anthology,world-heroes-anthology,55.5,4,,,2007,2000,"Fighting, Arcade",PlayStation 2
27371,8Days,8days,55.3,3,70.0,0,2016,2010,"Shooter, Indie, Arcade","PlayStation 4, PC (Microsoft Windows), Mac, Xbox One"
5313,Fist of the North Star: Ken's Rage 2,fist-of-the-north-star-ken-s-rage-2,55.3,6,75.0,4,2012,2010,"Fighting, Hack and slash/Beat 'em up, Adventure","PlayStation 3, Wii U, Xbox 360"
306142,Looney Tunes: Wacky World of Sports,looney-tunes-wacky-world-of-sports,55.3,3,,,2024,2020,Sport,"Xbox Series X|S, PlayStation 4, PC (Microsoft Windows), PlayStation 5, Xbox One, Nintendo Switch"
171216,MX vs. ATV: Legends,mx-vs-atv-legends,55.3,3,62.7,7,2022,2020,"Racing, Simulator, Sport, Arcade","Xbox Series X|S, PlayStation 4, PC (Microsoft Windows), PlayStation 5, Xbox One"
1001,Oddworld: Munch's Oddysee,oddworld-munch-s-oddysee,55.3,4,65.9,35,2001,2000,"Platform, Puzzle, Strategy, Adventure","Xbox, Android, PC (Microsoft Windows), iOS, Mac, PlayStation 2"
20118,Sonic Free Riders,sonic-free-riders,55.2,5,30.5,10,2010,2010,"Racing, Adventure",Xbox 360
11135,Beyond Eyes,beyond-eyes,55.1,8,68.6,22,2015,2010,"Puzzle, Adventure, Indie","PlayStation 4, Linux, PC (Microsoft Windows), Mac, Xbox One"
2338,Mario Party: Island Tour,mario-party-island-tour,55.1,7,58.7,18,2013,2010,"Puzzle, Strategy, Adventure, Card & Board Game",Nintendo 3DS
11988,.Hack//G.U. Vol. 2: Reminisce,dot-hack-slash-slash-g-dot-u-vol-2-reminisce,55.0,3,79.7,7,2006,2000,Role-playing (RPG),PlayStation 2
20170,Adrenalin Misfits,adrenalin-misfits,55.0,6,70.0,1,2010,2010,"Racing, Sport",Xbox 360
20864,Assassin's Creed: Liberation HD,assassins-creed-liberation-hd,55.0,3,62.5,119,2014,2010,Adventure,"Google Stadia, PlayStation 3, PC (Microsoft Windows), Xbox 360"
8650,Attractio,attractio,55.0,3,60.0,0,2014,2010,"Platform, Puzzle, Indie","PlayStation 4, Linux, PC (Microsoft Windows), Mac, PlayStation Vita"
21234,Combat Mission: Shock Force,combat-mission-shock-force,55.0,3,,,2007,2000,"Simulator, Strategy",PC (Microsoft Windows)
4757,Crimson Dragon,crimson-dragon,55.0,4,60.0,2,2013,2010,Shooter,"Xbox 360, Xbox One"
23891,Daymare: 1998,daymare-1998,55.0,3,71.1,25,2019,2010,"Adventure, Indie","PlayStation 4, PC (Microsoft Windows), Xbox One"
90082,Far Cry 5: Lost on Mars,far-cry-5-lost-on-mars,55.0,6,61.2,19,2018,2010,"Shooter, Adventure","PlayStation 4, PC (Microsoft Windows), Xbox One"
16608,Feist,feist,55.0,4,67.6,11,2015,2010,"Platform, Adventure, Indie","PlayStation 4, Linux, Android, PC (Microsoft Windows), iOS, Mac, Xbox One"
7315,Genji: Days of the Blade,genji-days-of-the-blade,55.0,3,69.8,8,2006,2000,"Hack and slash/Beat 'em up, Adventure",PlayStation 3
10436,Insecticide,insecticide,55.0,3,,,2008,2000,"Point-and-click, Shooter, Platform, Adventure, Indie",Nintendo DS
8560,Kinect Star Wars,kinect-star-wars,55.0,7,53.0,20,2012,2010,"Fighting, Music, Strategy, Adventure, Indie",Xbox 360
142603,Monster Jam Steel Titans 2,monster-jam-steel-titans-2,55.0,4,,,2021,2020,"Racing, Simulator, Sport","Google Stadia, Xbox Series X|S, PlayStation 4, PC (Microsoft Windows), Xbox One, Nintendo Switch"
7103,NASCAR 08,nascar-08,55.0,3,59.2,7,2007,2000,"Racing, Sport","PlayStation 3, Xbox 360, PlayStation 2"
5080,ObsCure: The Aftermath,obscure-the-aftermath,55.0,4,75.9,51,2007,2000,Adventure,"Wii, PC (Microsoft Windows), PlayStation Portable, PlayStation 2"
2161,Playboy: The Mansion,playboy-the-mansion,55.0,3,51.7,20,2005,2000,"Simulator, Strategy","Xbox, PC (Microsoft Windows), PlayStation 2"
114032,Power Rangers: Battle for the Grid,power-rangers-battle-for-the-grid,55.0,4,75.7,22,2019,2010,Fighting,"Google Stadia, PlayStation 4, PC (Microsoft Windows), Xbox One, Nintendo Switch"
9915,Senran Kagura Burst,senran-kagura-burst,55.0,3,50.3,7,2012,2010,"Fighting, Platform, Hack and slash/Beat 'em up",Nintendo 3DS
11254,Shadow of the Beast,shadow-of-the-beast--1,55.0,5,74.1,10,2016,2010,Adventure,PlayStation 4
14747,Shadwen,shadwen,55.0,10,66.0,6,2016,2010,"Platform, Adventure","PlayStation 4, Linux, PC (Microsoft Windows), Mac"
26550,Smashbox Arena,smashbox-arena,55.0,3,80.0,2,2016,2010,"Shooter, Sport, Indie","PlayStation 4, PC (Microsoft Windows), SteamVR"
5168,Sonic Riders: Zero Gravity,sonic-riders-zero-gravity,55.0,3,66.3,38,2008,2000,"Racing, Sport","Wii, PlayStation 2"
5180,Spider-Man: Friend or Foe,spider-man-friend-or-foe,55.0,5,58.5,42,2007,2000,"Platform, Hack and slash/Beat 'em up, Adventure","Wii, PC (Microsoft Windows), Xbox 360, PlayStation 2"
7217,Test Drive: Ferrari Racing Legends,test-drive-ferrari-racing-legends,55.0,3,61.4,6,2012,2010,"Racing, Simulator","PlayStation 3, PC (Microsoft Windows), Xbox 360"
27069,The Hong Kong Massacre,the-hong-kong-massacre,55.0,4,66.1,22,2019,2010,"Fighting, Shooter, Indie, Arcade","Xbox Series X|S, PlayStation 4, Linux, PC (Microsoft Windows), Mac, Xbox One, Nintendo Switch"
5896,The King of Fighters Neowave,the-king-of-fighters-neowave,55.0,3,60.1,8,2004,2000,Fighting,"Arcade, Xbox, PlayStation 3, Xbox One, PlayStation 2"
3698,The Settlers: Heritage of Kings,the-settlers-heritage-of-kings,55.0,3,76.5,29,2005,2000,"Real Time Strategy (RTS), Strategy",PC (Microsoft Windows)
17120,Ubersoldier II,ubersoldier-ii,55.0,4,60.0,12,2007,2000,"Shooter, Adventure",PC (Microsoft Windows)
490,Duke Nukem Forever,duke-nukem-forever,54.8,8,57.2,234,2011,2010,"Shooter, Adventure","PlayStation 3, PC (Microsoft Windows), Mac, Xbox 360"
51995,ELEX: Collector's Edition,elex-collectors-edition,54.8,5,,,2017,2010,"Role-playing (RPG), Adventure","PlayStation 4, PC (Microsoft Windows), Xbox One"
236,Myst,myst,54.8,4,75.7,184,1993,1990,"Point-and-click, Puzzle, Adventure","Windows Mobile, Philips CD-i, PlayStation 3, Windows Phone, PC (Microsoft Windows), 3DO Interactive Multiplayer, Mac, LaserActive, Amiga, Atari Jaguar CD, Sega Saturn, PlayStation, PlayStation Portable"
26986,The Bard's Tale IV,the-bards-tale-iv,54.8,6,69.8,12,2018,2010,Role-playing (RPG),"PlayStation 4, PC (Microsoft Windows), Xbox One"
6961,Deadfall Adventures,deadfall-adventures,54.7,6,50.2,16,2013,2010,"Shooter, Puzzle, Adventure","PlayStation 3, Linux, PC (Microsoft Windows), Xbox 360, Xbox One"
19311,Dragon Ball: Raging Blast 2,dragon-ball-raging-blast-2,54.7,3,73.1,40,2010,2010,Fighting,"PlayStation 3, Xbox 360"
6330,Omerta: City of Gangsters,omerta-city-of-gangsters--1,54.7,6,61.8,21,2013,2010,"Role-playing (RPG), Simulator, Strategy, Turn-based strategy (TBS)","PC (Microsoft Windows), Mac, Xbox 360"
68534,Spelunker Party,spelunker-party,54.7,3,79.0,3,2017,2010,"Platform, Adventure","PC (Microsoft Windows), Nintendo Switch"
1237,Tekken 3D: Prime Edition,tekken-3d-prime-edition,54.7,6,60.0,9,2012,2010,Fighting,Nintendo 3DS
66812,Mario Party: The Top 100,mario-party-the-top-100,54.6,5,63.7,13,2017,2010,"Puzzle, Card & Board Game",Nintendo 3DS
18985,Dangerous Golf,dangerous-golf,54.5,14,65.9,10,2016,2010,"Sport, Indie, Arcade","PlayStation 4, PC (Microsoft Windows), Xbox One"
96135,Double Cross,double-cross,54.5,4,70.0,3,2019,2010,"Shooter, Platform, Puzzle, Role-playing (RPG), Adventure, Indie","PC (Microsoft Windows), Xbox One, Nintendo Switch"
247567,Funko Fusion,funko-fusion,54.5,4,,,2024,2020,"Shooter, Platform, Puzzle, Adventure","Xbox Series X|S, PlayStation 4, PC (Microsoft Windows), PlayStation 5, Nintendo Switch"
103288,Jump Force,jump-force,54.5,11,53.3,83,2019,2010,Fighting,"PlayStation 4, PC (Microsoft Windows), Xbox One"
76216,Lemmings,lemmings--1,54.5,3,,,2006,2000,"Music, Platform, Puzzle, Simulator, Strategy","PlayStation 3, PlayStation Portable, PlayStation 2"
3992,Marvel Nemesis: Rise of the Imperfects,marvel-nemesis-rise-of-the-imperfects,54.5,4,65.8,30,2005,2000,Fighting,"Xbox, Nintendo GameCube, PlayStation Portable, PlayStation 2"
26399,Memoranda,memoranda,54.5,4,76.6,6,2017,2010,"Point-and-click, Puzzle, Adventure, Indie","PlayStation 4, Linux, PC (Microsoft Windows), Mac, Xbox One, Nintendo Switch"
5302,X-Men: Destiny,x-men-destiny,54.5,6,60.6,9,2011,2010,"Role-playing (RPG), Hack and slash/Beat 'em up, Adventure","PlayStation 3, Wii, Xbox 360, Nintendo DS"
2048,Zeno Clash II,zeno-clash-ii,54.5,6,69.4,17,2013,2010,"Fighting, Shooter, Hack and slash/Beat 'em up, Indie","PlayStation 3, PC (Microsoft Windows), Xbox 360"
4907,Harvey Birdman: Attorney at Law,harvey-birdman-attorney-at-law,54.4,5,77.0,4,2008,2000,"Adventure, Visual Novel","Wii, PlayStation Portable, PlayStation 2"
20882,Chasing Aurora,chasing-aurora,54.3,3,75.0,0,2012,2010,"Racing, Adventure",Wii U
115332,Disney Tsum Tsum Festival,disney-tsum-tsum-festival,54.3,4,,,2019,2010,Puzzle,Nintendo Switch
21848,Teenage Mutant Ninja Turtles: Turtles in Time Re-Shelled,teenage-mutant-ninja-turtles-turtles-in-time-re-shelled,54.3,3,59.3,9,2009,2000,Hack and slash/Beat 'em up,"PlayStation 3, Xbox 360"
19922,Time and Eternity,time-and-eternity,54.2,6,,,2012,2010,Role-playing (RPG),PlayStation 3
5821,Eragon,eragon,54.1,8,44.6,25,2006,2000,"Hack and slash/Beat 'em up, Adventure","Xbox, PC (Microsoft Windows), PlayStation Portable, Xbox 360, Game Boy Advance, Nintendo DS, PlayStation 2"
36662,Need for Speed: Payback,need-for-speed-payback,54.1,16,60.3,233,2017,2010,"Racing, Sport","PlayStation 4, PC (Microsoft Windows), Xbox One"
4664,Agatha Christie: Evil Under the Sun,agatha-christie-evil-under-the-sun,54.0,3,75.0,11,2007,2000,"Point-and-click, Adventure","Wii, PC (Microsoft Windows)"
19904,Diabolical Pitch,diabolical-pitch,54.0,7,,,2012,2010,Sport,Xbox 360
20033,Dragon Ball Z: Extreme Butouden,dragon-ball-z-extreme-butouden,54.0,5,60.0,9,2015,2010,"Fighting, Adventure",Nintendo 3DS
7020,Inversion,inversion,54.0,7,63.2,51,2012,2010,Shooter,"PlayStation 3, PC (Microsoft Windows), Xbox 360"
19832,Mortal Kombat Arcade Kollection,mortal-kombat-arcade-kollection,54.0,3,70.0,10,2011,2010,Fighting,"PlayStation 3, PC (Microsoft Windows), Xbox 360"
19960,Spectra,spectra,54.0,8,60.0,0,2015,2010,"Music, Racing, Indie","Linux, PC (Microsoft Windows), Mac, Xbox One"
7232,Velvet Assassin,velvet-assassin,54.0,5,47.1,27,2009,2000,Shooter,"PC (Microsoft Windows), Mac, Xbox 360"
5794,"Crouching Tiger, Hidden Dragon",crouching-tiger-hidden-dragon,53.8,3,,,2003,2000,"Fighting, Adventure","Xbox, PlayStation 2"
14397,Hatoful Boyfriend: Holiday Star,hatoful-boyfriend-holiday-star,53.8,4,80.0,4,2015,2010,"Role-playing (RPG), Adventure, Indie, Visual Novel","PlayStation 4, Linux, PC (Microsoft Windows), Mac, PlayStation Vita"
26853,Micro Machines World Series,micro-machines-world-series,53.8,6,63.9,9,2017,2010,"Racing, Arcade","PlayStation 4, Linux, PC (Microsoft Windows), Mac, Xbox One"
120184,SolSeraph,solseraph,53.8,4,50.0,1,2019,2010,"Platform, Strategy, Adventure","PlayStation 4, PC (Microsoft Windows), Xbox One, Nintendo Switch"
9639,Weapon Shop de Omasse,weapon-shop-de-omasse,53.8,4,69.0,3,2014,2010,"Music, Role-playing (RPG), Simulator, Strategy, Adventure",Nintendo 3DS
6234,WinBack 2: Project Poseidon,winback-2-project-poseidon,53.8,4,,,2006,2000,"Shooter, Adventure","Xbox, PlayStation 2"
26762,1-2-Switch,1-2-switch,53.7,9,49.7,33,2017,2010,Arcade,Nintendo Switch
8646,Asphalt: Injection,asphalt-injection,53.7,3,,,2011,2010,"Racing, Arcade",PlayStation Vita
19013,Fated: The Silent Oath,fated-the-silent-oath,53.7,6,60.0,3,2016,2010,Adventure,"PlayStation VR, PC (Microsoft Windows), SteamVR, Oculus Rift"
97255,Super Neptunia RPG,super-neptunia-rpg,53.7,3,70.0,2,2018,2010,"Platform, Role-playing (RPG), Adventure","PlayStation 4, PC (Microsoft Windows), Nintendo Switch"
6950,The Cursed Crusade,the-cursed-crusade,53.7,3,66.6,10,2011,2010,Adventure,"PlayStation 3, PC (Microsoft Windows), Xbox 360"
7868,I am Bread,i-am-bread,53.6,7,58.0,20,2014,2010,"Platform, Puzzle, Simulator, Adventure, Indie","PlayStation 4, PC (Microsoft Windows), iOS, Mac, Xbox One"
7365,MAG,mag,53.5,3,69.6,7,2010,2010,Shooter,PlayStation 3
5228,TNA Impact!,tna-impact,53.4,5,52.0,12,2008,2000,"Fighting, Sport","PlayStation 3, Wii, Xbox 360, PlayStation 2"
118218,Tom Clancy's Ghost Recon: Breakpoint,tom-clancys-ghost-recon-breakpoint,53.4,13,63.2,108,2019,2010,"Shooter, Tactical, Adventure","Google Stadia, Xbox Series X|S, PlayStation 4, PC (Microsoft Windows), PlayStation 5, Xbox One"
4656,A Boy and His Blob,a-boy-and-his-blob--1,53.3,3,69.2,18,2009,2000,"Platform, Puzzle, Adventure","PlayStation 3, PlayStation 4, Linux, Wii, Android, PC (Microsoft Windows), iOS, Mac, PlayStation Vita, Xbox One, Nintendo Switch"
18075,Carmageddon: Max Damage,carmageddon-max-damage,53.3,7,62.0,20,2016,2010,Racing,"PlayStation 4, PC (Microsoft Windows), Xbox One"
4248,Dragon's Lair,dragon-s-lair,53.3,3,72.2,45,1983,1980,"Adventure, Arcade","Arcade, DVD Player, Philips CD-i, Blu-ray Player, PlayStation 3, Android, Atari ST/STE, iOS, 3DO Interactive Multiplayer, Mac, DOS, Amiga, Atari Jaguar, Atari Jaguar CD, Xbox 360, Sega CD"
1320,EVE: Dust 514,eve-dust-514,53.3,3,57.3,8,2013,2010,Shooter,PlayStation 3
20841,Fuel Overdose,fuel-overdose,53.3,3,,,2012,2010,"Racing, Simulator",PlayStation 3
68279,Gal*Gun 2,gal-star-gun-2,53.3,4,55.5,10,2018,2010,"Shooter, Adventure, Arcade","PlayStation 4, PC (Microsoft Windows), Nintendo Switch"
2675,Guitar Hero: Van Halen,guitar-hero-van-halen,53.3,3,65.1,13,2009,2000,Music,"PlayStation 3, Wii, Xbox 360, PlayStation 2"
8610,IronFall: Invasion,ironfall-invasion,53.3,3,62.0,2,2015,2010,Shooter,Nintendo 3DS
20828,Jeremy McGrath's Offroad,jeremy-mcgraths-offroad,53.3,3,,,2012,2010,Racing,"PlayStation 3, Xbox 360"
139280,Love: A Puzzle Box Filled with Stories,love-a-puzzle-box-filled-with-stories--1,53.3,3,,,2020,2020,"Puzzle, Adventure","PC (Microsoft Windows), Mac, Nintendo Switch"
25107,Office Freakout,office-freakout,53.3,3,,,2016,2010,Simulator,PC (Microsoft Windows)
7125,Operation Darkness,operation-darkness,53.3,3,75.0,0,2007,2000,"Role-playing (RPG), Strategy, Tactical",Xbox 360
5092,PDC World Championship Darts 2008,pdc-world-championship-darts-2008,53.3,3,,,2008,2000,Sport,"Wii, PC (Microsoft Windows), PlayStation Portable, Xbox 360, PlayStation 2"
2325,Pokémon Battle Revolution,pokemon-battle-revolution,53.3,4,68.1,77,2006,2000,"Fighting, Role-playing (RPG), Strategy, Turn-based strategy (TBS)",Wii
111937,Precipice,precipice,53.3,3,50.0,1,2019,2010,"Simulator, Strategy, Indie","Linux, PC (Microsoft Windows)"
17726,Quantum Rush Champions,quantum-rush-champions,53.3,3,50.0,0,2014,2010,"Racing, Simulator, Sport, Indie",PC (Microsoft Windows)
10964,Sniper: Ghost Warrior 3,sniper-ghost-warrior-3,53.3,15,54.1,58,2017,2010,"Shooter, Tactical","PlayStation 4, PC (Microsoft Windows), Xbox One"
9932,Stronghold Legends,stronghold-legends,53.3,3,78.4,26,2006,2000,"Real Time Strategy (RTS), Simulator, Strategy",PC (Microsoft Windows)
21545,Time Ace,time-ace,53.3,3,50.0,0,2007,2000,"Shooter, Simulator",Nintendo DS
21547,Trioncube,trioncube,53.3,3,,,2007,2000,Puzzle,Nintendo DS
20674,War Rock,war-rock,53.3,3,75.3,7,2009,2000,Shooter,PC (Microsoft Windows)
3244,Wii Music,wii-music,53.3,3,65.9,34,2008,2000,Music,Wii
4579,X2: Wolverine's Revenge,x2-wolverine-s-revenge,53.3,3,56.5,19,2003,2000,"Hack and slash/Beat 'em up, Adventure","Xbox, Nintendo GameCube, PC (Microsoft Windows), Mac, PlayStation 2"
15695,Hardware: Rivals,hardware-rivals,53.2,5,59.8,19,2016,2010,"Shooter, Racing",PlayStation 4
3949,Hulk,hulk,53.2,5,65.4,46,2003,2000,Adventure,"Xbox, Nintendo GameCube, PC (Microsoft Windows), PlayStation 2"
18113,The Church in the Darkness,the-church-in-the-darkness,53.1,9,50.0,2,2019,2010,"Strategy, Adventure, Indie","PlayStation 4, PC (Microsoft Windows), Mac, Xbox One, Nintendo Switch"
7846,WWE 2K15,wwe-2k15,53.1,15,57.9,62,2014,2010,"Fighting, Simulator, Sport","PlayStation 3, PlayStation 4, PC (Microsoft Windows), Xbox 360, Xbox One"
9474,Sonic the Hedgehog 4: Episode II,sonic-the-hedgehog-4-episode-ii,53.0,4,59.3,29,2012,2010,"Platform, Adventure, Arcade","PlayStation 3, Ouya, Wii, Windows Phone, Android, PC (Microsoft Windows), iOS, Xbox 360"
7193,Star Trek: Legacy,star-trek-legacy,53.0,3,66.2,9,2006,2000,"Real Time Strategy (RTS), Simulator, Strategy, Adventure","PC (Microsoft Windows), Xbox 360"
103302,Wolfenstein: Cyberpilot,wolfenstein-cyberpilot,53.0,6,40.0,4,2019,2010,"Shooter, Simulator","Oculus VR, PlayStation VR, PC (Microsoft Windows), SteamVR"
19553,Trials of the Blood Dragon,trials-of-the-blood-dragon,52.9,17,67.5,16,2016,2010,"Shooter, Platform, Racing, Arcade","PlayStation 4, PC (Microsoft Windows), Xbox One"
10017,Babel Rising,babel-rising,52.8,4,50.0,2,2012,2010,Strategy,"PlayStation 3, Wii, PC (Microsoft Windows), Xbox 360"
65445,Generation Zero,generation-zero,52.8,12,64.1,46,2019,2010,"Shooter, Adventure","PlayStation 4, PC (Microsoft Windows), PlayStation 5, Xbox One"
120175,One Punch Man: A Hero Nobody Knows,one-punch-man-a-hero-nobody-knows,52.8,5,30.1,6,2020,2020,"Fighting, Hack and slash/Beat 'em up","PlayStation 4, PC (Microsoft Windows), Xbox One"
78149,Adventure Time: Pirates of the Enchiridion,adventure-time-pirates-of-the-enchiridion,52.7,3,65.0,18,2018,2010,"Fighting, Role-playing (RPG), Adventure","Google Stadia, PlayStation 4, PC (Microsoft Windows), Xbox One, Nintendo Switch"
121202,Kandagawa Jet Girls,kandagawa-jet-girls,52.7,3,,,2020,2020,"Racing, Adventure","PlayStation 4, PC (Microsoft Windows)"
58892,Lost in Harmony,lost-in-harmony,52.7,3,59.5,5,2016,2010,"Music, Adventure, Indie, Arcade","Android, PC (Microsoft Windows), iOS, Nintendo Switch"
2805,Jackass: The Game,jackass-the-game,52.6,5,56.0,18,2007,2000,"Sport, Adventure","PlayStation Portable, Nintendo DS, PlayStation 2"
9891,Tom Clancy's Rainbow Six 3,tom-clancys-rainbow-six-3,52.6,5,73.6,14,2003,2000,"Shooter, Tactical","Xbox, Nintendo GameCube, PlayStation 2"
134072,Bright Memory,bright-memory,52.5,4,63.2,44,2020,2020,"Shooter, Adventure, Indie","Xbox Series X|S, PC (Microsoft Windows)"
69014,Castle of Heart,castle-of-heart,52.5,4,80.0,3,2018,2010,"Platform, Adventure",Nintendo Switch
148312,Itadaki Smash,itadaki-smash,52.5,4,,,2021,2020,"Fighting, Hack and slash/Beat 'em up, Adventure, Indie, Arcade","PlayStation 4, PC (Microsoft Windows)"
3967,King Arthur,king-arthur,52.5,4,70.0,12,2004,2000,"Platform, Hack and slash/Beat 'em up, Adventure","Xbox, Nintendo GameCube, PlayStation 2"
20401,Mobile Suit Gundam: Extreme Vs Force,mobile-suit-gundam-extreme-vs-force,52.5,8,,,2015,2010,Fighting,PlayStation Vita
12770,Space Hulk,space-hulk,52.5,4,69.4,6,1993,1990,"Shooter, Real Time Strategy (RTS), Strategy, Tactical","DOS, Amiga"
5327,Mighty No. 9,mighty-no-9,52.4,20,59.3,42,2016,2010,"Shooter, Platform, Adventure, Arcade","PlayStation 3, PlayStation 4, Linux, Nintendo 3DS, PC (Microsoft Windows), Mac, Wii U, PlayStation Vita, Xbox 360, Xbox One"
3818,Bionicle Heroes,bionicle-heroes,52.3,3,56.7,21,2006,2000,"Shooter, Adventure","PC (Microsoft Windows), Xbox 360"
19927,Bladestorm: Nightmare,bladestorm-nightmare,52.3,7,70.0,3,2015,2010,"Strategy, Hack and slash/Beat 'em up","PlayStation 3, PlayStation 4, PC (Microsoft Windows), Xbox One"
17722,Defenders of Time,defenders-of-time,52.3,3,50.0,0,2014,2010,Strategy,"PC (Microsoft Windows), Mac"
14703,Sunset,sunset,52.3,3,60.9,8,2015,2010,"Shooter, Simulator, Strategy, Adventure, Indie","Linux, PC (Microsoft Windows), Mac"
4755,The Amazing Spider-Man 2,the-amazing-spider-man-2,52.3,14,59.7,105,2014,2010,"Fighting, Hack and slash/Beat 'em up, Adventure","PlayStation 3, PlayStation 4, PC (Microsoft Windows), Wii U, Xbox 360, Xbox One"
26879,Werewolf: The Apocalypse - Earthblood,werewolf-the-apocalypse-earthblood,52.3,12,67.3,14,2021,2020,"Role-playing (RPG), Adventure","Xbox Series X|S, PlayStation 4, PC (Microsoft Windows), PlayStation 5, Xbox One"
984,Tom Clancy's H.A.W.X 2,tom-clancy-s-h-a-w-x-2,52.2,6,65.8,23,2010,2010,"Simulator, Adventure","OnLive Game System, PlayStation 3, PC (Microsoft Windows), Xbox 360"
1510,Epic Mickey 2: The Power of Two,epic-mickey-2-the-power-of-two,52.1,9,69.8,17,2012,2010,"Platform, Adventure","PlayStation 3, Wii, PC (Microsoft Windows), Mac, Wii U, PlayStation Vita, Xbox 360"
5335,Goat Simulator,goat-simulator,52.1,11,54.1,310,2014,2010,"Simulator, Adventure, Indie, Arcade","PlayStation 3, PlayStation 4, Linux, PC (Microsoft Windows), Mac, Xbox 360, Xbox One"
4725,Boogie,boogie,52.0,4,,,2007,2000,"Music, Adventure","Wii, PlayStation 2"
14693,Disaster Report 4: Summer Memories,disaster-report-4-summer-memories,52.0,3,79.3,11,2018,2010,"Simulator, Adventure","PlayStation 4, PlayStation VR, PC (Microsoft Windows), Nintendo Switch"
27717,Late Shift,late-shift,52.0,3,66.9,79,2016,2010,"Adventure, Indie","PlayStation 4, PC (Microsoft Windows), iOS, PlayStation 5, Mac, Xbox One, Nintendo Switch"
84920,Super Mario All-Stars: Limited Edition,super-mario-all-stars-limited-edition,52.0,4,75.0,3,2010,2010,"Platform, Arcade",Wii
17952,The Deer God,the-deer-god,52.0,7,62.6,5,2015,2010,"Platform, Simulator, Adventure, Indie, Arcade","PlayStation 4, Linux, Android, PC (Microsoft Windows), iOS, Mac, Wii U, PlayStation Vita, Xbox One, Nintendo Switch"
22813,The Huntsman: Winter's Curse,the-huntsman-winters-curse,52.0,4,70.0,2,2016,2010,"Role-playing (RPG), Adventure, Indie","PlayStation 4, PC (Microsoft Windows), Mac"
5808,Darkwatch,darkwatch,51.8,3,76.0,29,2005,2000,Shooter,"Xbox, PlayStation 2"
1313,Medal of Honor: Vanguard,medal-of-honor-vanguard,51.8,4,69.1,34,2007,2000,Shooter,"Wii, PlayStation 2"
4013,Mission: Impossible - Operation Surma,mission-impossible-operation-surma,51.8,3,43.0,4,2003,2000,"Shooter, Adventure","Xbox, Nintendo GameCube, PlayStation 2"
1368,Sniper: Ghost Warrior 2,sniper-ghost-warrior-2,51.8,10,61.6,93,2013,2010,"Shooter, Tactical","PlayStation 3, PC (Microsoft Windows), Xbox 360"
5219,Thor: God of Thunder,thor-god-of-thunder,51.8,6,50.0,8,2011,2010,Adventure,"PlayStation 3, Nintendo 3DS, Wii, Xbox 360"
23025,101-in-1 Explosive Megamix,101-in-1-explosive-megamix,51.7,3,52.0,1,2008,2000,Arcade,"Wii, Nintendo DS"
106684,Arc of Alchemist,arc-of-alchemist,51.7,3,,,2019,2010,"Role-playing (RPG), Tactical, Adventure","PlayStation 4, Nintendo Switch"
13391,Bedlam,bedlam--1,51.7,6,50.0,3,2014,2010,"Shooter, Adventure, Indie","PlayStation 4, PC (Microsoft Windows), Mac, Xbox One"
91970,Desert Child,desert-child,51.7,3,47.1,6,2018,2010,"Shooter, Racing, Role-playing (RPG), Simulator, Adventure, Indie, Arcade","PlayStation 4, Linux, PC (Microsoft Windows), Mac, Xbox One, Nintendo Switch"
21294,Dreambreak,dreambreak,51.7,3,,,2016,2010,"Platform, Adventure, Indie","PlayStation 4, PC (Microsoft Windows), Mac, Xbox One"
36651,Extinction,extinction,51.7,10,32.0,5,2018,2010,"Hack and slash/Beat 'em up, Adventure","PlayStation 4, PC (Microsoft Windows), Xbox One"
5605,Hover: Revolt of Gamers,hover-revolt-of-gamers--1,51.7,3,67.5,8,2017,2010,"Platform, Racing, Adventure, Indie, Arcade","PlayStation 4, Linux, PC (Microsoft Windows), Mac, Xbox One, Nintendo DS, Nintendo Switch"
7072,MindJack,mindjack,51.7,3,65.0,4,2011,2010,Shooter,"PlayStation 3, Xbox 360"
19292,Shooting Stars!,shooting-stars,51.7,3,80.0,4,2015,2010,"Shooter, Indie, Arcade","Android, PC (Microsoft Windows), iOS, Mac"
9461,Stronghold 3,stronghold-3,51.7,3,46.7,20,2011,2010,"Real Time Strategy (RTS), Simulator, Strategy","Linux, PC (Microsoft Windows), Mac"
23676,Transformers Prime: The Game,transformers-prime-the-game--1,51.7,5,71.3,6,2012,2010,Hack and slash/Beat 'em up,"Nintendo 3DS, Wii, Wii U, Nintendo DS"
7475,Trinity: Souls of Zill O'll,trinity-souls-of-zill-o-ll,51.7,3,,,2010,2010,Role-playing (RPG),PlayStation 3
4711,Bee Movie Game,bee-movie-game,51.6,5,57.9,21,2007,2000,Adventure,"PC (Microsoft Windows), Xbox 360, PlayStation 2"
11190,Animal Crossing: Amiibo Festival,animal-crossing-amiibo-festival,51.5,6,25.4,12,2015,2010,"Puzzle, Quiz/Trivia",Wii U
7877,The Legend of Korra,the-legend-of-korra,51.5,8,67.1,36,2014,2010,"Fighting, Hack and slash/Beat 'em up, Adventure","PlayStation 3, PlayStation 4, PC (Microsoft Windows), Xbox 360, Xbox One"
103020,Fallout 76,fallout-76,51.4,14,61.1,283,2018,2010,"Shooter, Role-playing (RPG)","Xbox Series X|S, PlayStation 4, PC (Microsoft Windows), PlayStation 5, Xbox One"
5951,NBA Live 07,nba-live-07,51.3,4,79.3,23,2006,2000,"Simulator, Sport","PlayStation 3, PC (Microsoft Windows), Xbox 360"
5047,Namco Museum Remix,namco-museum-remix,51.3,3,,,2007,2000,"Shooter, Arcade",Wii
319,SWAT: Target Liberty,swat-target-liberty,51.3,3,,,2007,2000,"Shooter, Strategy, Tactical",PlayStation Portable
5323,Tank! Tank! Tank!,tank-tank-tank,51.3,6,61.0,4,2009,2000,Simulator,"Arcade, Wii U"
122611,Terminator: Resistance,terminator-resistance,51.3,4,69.9,65,2019,2010,"Shooter, Role-playing (RPG), Adventure","PlayStation 4, PC (Microsoft Windows), Xbox One"
5151,Shaun White Skateboarding,shaun-white-skateboarding,51.2,6,61.0,13,2010,2010,Sport,"PlayStation 3, PC (Microsoft Windows), Xbox 360"
5817,Driv3r,driv3r,51.0,7,54.6,93,2004,2000,"Shooter, Racing","Xbox, Nintendo GameCube, PC (Microsoft Windows), PlayStation 2"
19906,Fable Heroes,fable-heroes,51.0,5,,,2012,2010,Hack and slash/Beat 'em up,Xbox 360
6991,Fairytale Fights,fairytale-fights,51.0,4,58.8,6,2009,2000,"Platform, Puzzle, Hack and slash/Beat 'em up, Adventure","PlayStation 3, Xbox 360"
20888,Magnetic: Cage Closed,magnetic-cage-closed,51.0,5,60.0,1,2015,2010,"Shooter, Platform, Puzzle, Adventure, Indie","PC (Microsoft Windows), Xbox One"
19806,NASCAR Heat Evolution,nascar-heat-evolution,51.0,5,60.0,0,2016,2010,"Racing, Simulator, Sport","PlayStation 4, PC (Microsoft Windows), Xbox One"
5048,Namco Museum Megamix,namco-museum-megamix,51.0,3,,,2010,2010,Arcade,Wii
8087,Scooby-Doo! Who's Watching Who?,scooby-doo-whos-watching-who,51.0,3,47.0,1,2006,2000,"Platform, Puzzle, Adventure","PlayStation Portable, Nintendo DS"
543,Call of Juarez: The Cartel,call-of-juarez-the-cartel,50.8,6,54.1,74,2011,2010,"Shooter, Adventure","PlayStation 3, PC (Microsoft Windows), Xbox 360"
3852,Cel Damage,cel-damage,50.8,5,60.6,20,2001,2000,"Fighting, Shooter, Racing","Xbox, Nintendo GameCube, PlayStation 2"
9286,Digimon All-Star Rumble,digimon-all-star-rumble,50.8,4,49.1,7,2014,2010,"Fighting, Adventure","PlayStation 3, Xbox 360"
2633,Naughty Bear,naughty-bear,50.8,3,48.7,12,2010,2010,"Strategy, Hack and slash/Beat 'em up","PlayStation 3, Xbox 360"
5602,Overgrowth,overgrowth,50.8,5,51.6,18,2017,2010,"Fighting, Tactical, Hack and slash/Beat 'em up, Adventure, Indie","Linux, PC (Microsoft Windows), Mac"
5206,Spyborgs,spyborgs,50.8,5,70.0,0,2009,2000,"Platform, Hack and slash/Beat 'em up",Wii
2972,The Lord of the Rings: The Fellowship of the Ring,the-lord-of-the-rings-the-fellowship-of-the-ring,50.8,4,59.5,71,2002,2000,Adventure,"Xbox, PC (Microsoft Windows), PlayStation 2"
2716,Destroy All Humans! Big Willy Unleashed,destroy-all-humans-big-willy-unleashed,50.7,3,,,2008,2000,"Shooter, Adventure",Wii
21140,Dungeon Hunter: Alliance,dungeon-hunter-alliance,50.7,3,69.8,8,2011,2010,Role-playing (RPG),"PlayStation 3, iOS, PlayStation Vita"
2634,Rampage: Total Destruction,rampage-total-destruction,50.7,3,61.7,21,2006,2000,Fighting,"Nintendo GameCube, Wii, PlayStation 2"
6142,Risen 3: Titan Lords,risen-3-titan-lords,50.7,7,71.5,65,2014,2010,"Role-playing (RPG), Adventure","PlayStation 3, PC (Microsoft Windows), Xbox 360"
4560,Pokémon Rumble U,pokemon-rumble-u,50.5,4,69.0,2,2013,2010,"Fighting, Role-playing (RPG), Hack and slash/Beat 'em up",Wii U
29250,Caveman Warriors,caveman-warriors,50.3,3,60.0,2,2017,2010,"Platform, Adventure, Indie, Arcade","PlayStation 4, Linux, PC (Microsoft Windows), Mac, Xbox One, Nintendo Switch"
16947,Industry Giant II,industry-giant-ii,50.3,3,60.0,3,2002,2000,"Simulator, Strategy","PlayStation 4, PC (Microsoft Windows), Xbox One"
85663,Mario Kart Tour,mario-kart-tour,50.3,3,57.5,56,2019,2010,Racing,"Android, iOS"
1836,Painkiller: Overdose,painkiller-overdose,50.3,3,67.9,27,2007,2000,Shooter,PC (Microsoft Windows)
28066,Skylar & Plux: Adventure on Clover Island,skylar-and-plux-adventure-on-clover-island,50.3,3,58.8,7,2017,2010,"Platform, Adventure, Indie","PlayStation 4, PC (Microsoft Windows), Xbox One"
36796,Accel World vs. Sword Art Online: Millennium Twilight,accel-world-vs-sword-art-online-millennium-twilight,50.0,3,,,2017,2010,"Role-playing (RPG), Adventure","PlayStation 4, PC (Microsoft Windows), PlayStation Vita"
21406,Atelier Iris 3: Grand Phantasm,atelier-iris-3-grand-phantasm,50.0,3,70.0,9,2006,2000,Role-playing (RPG),PlayStation 2
7281,Brain Challenge,brain-challenge,50.0,4,70.0,4,2007,2000,Puzzle,"Zeebo, PlayStation 3, Wii, Windows Phone, Mac, PlayStation Portable, Xbox 360, Nintendo DSi, Nintendo DS, Legacy Mobile Device"
18845,Breached,breached,50.0,6,50.0,2,2016,2010,"Adventure, Indie","Linux, PC (Microsoft Windows), Mac"
6952,Damnation,damnation,50.0,3,62.6,19,2009,2000,"Shooter, Adventure","PlayStation 3, PC (Microsoft Windows), Xbox 360"
9499,Farming Simulator 15,farming-simulator-15,50.0,6,71.2,16,2014,2010,"Simulator, Strategy","PlayStation 3, PlayStation 4, PC (Microsoft Windows), Mac, Xbox 360, Xbox One"
6420,Ghost Rider,ghost-rider,50.0,4,65.7,29,2007,2000,Adventure,"PlayStation Portable, PlayStation 2"
1348,Ghost Trick: Phantom Detective,ghost-trick-phantom-detective,50.0,3,90.0,102,2010,2010,"Point-and-click, Puzzle, Adventure","iOS, Nintendo DS"
4932,Indiana Jones and the Staff of Kings,indiana-jones-and-the-staff-of-kings,50.0,3,66.5,20,2009,2000,"Platform, Adventure","Wii, PlayStation Portable, Nintendo DS, PlayStation 2"
18108,Kingdom Under Fire: Circle of Doom,kingdom-under-fire-circle-of-doom,50.0,3,75.0,4,2007,2000,Role-playing (RPG),Xbox 360
20035,Koi,koi,50.0,7,70.0,1,2016,2010,"Puzzle, Adventure, Indie","PlayStation 4, PC (Microsoft Windows), PlayStation Vita, Nintendo Switch"
68442,Metropolis: Lux Obscura,metropolis-lux-obscura,50.0,3,59.8,5,2017,2010,"Fighting, Puzzle, Indie, Arcade","PlayStation 4, Linux, PC (Microsoft Windows), Mac, PlayStation Vita, Xbox One, Nintendo Switch"
5540,Moebius: Empire Rising,moebius-empire-rising,50.0,3,80.0,11,2014,2010,"Point-and-click, Adventure, Indie","Linux, Android, PC (Microsoft Windows), iOS, Mac"
2658,MotionSports: Play for Real,motionsports-play-for-real,50.0,4,,,2010,2010,Sport,Xbox 360
15022,Mushroom Men: Rise of the Fungi,mushroom-men-rise-of-the-fungi,50.0,3,43.0,0,2008,2000,Adventure,Nintendo DS
21723,Pac-Man Party 3D,pac-man-party-3d,50.0,3,,,2011,2010,,Nintendo 3DS
2323,Pokémon Mystery Dungeon: Explorers of Sky,pokemon-mystery-dungeon-explorers-of-sky,50.0,3,83.1,79,2009,2000,"Role-playing (RPG), Turn-based strategy (TBS)","Wii U, Nintendo DS"
17158,Q*bert: Rebooted,q-star-bert-rebooted,50.0,3,76.5,6,2014,2010,"Platform, Puzzle, Indie, Arcade","PlayStation 3, PlayStation 4, Linux, Android, PC (Microsoft Windows), iOS, Mac, PlayStation Vita"
5135,Safecracker: The Ultimate Puzzle Adventure,safecracker-the-ultimate-puzzle-adventure,50.0,3,68.6,5,2006,2000,"Point-and-click, Puzzle, Strategy, Adventure","Wii, PC (Microsoft Windows)"
21195,Star Trek: D-A-C,star-trek-d-a-c,50.0,3,,,2009,2000,"Shooter, Simulator","PlayStation 3, PC (Microsoft Windows), Xbox 360"
20407,Start the Party!,start-the-party,50.0,3,60.7,5,2010,2010,,PlayStation 3
22777,The Girl and the Robot,the-girl-and-the-robot,50.0,4,50.0,0,2016,2010,"Puzzle, Role-playing (RPG), Adventure, Indie","PlayStation 4, Linux, PC (Microsoft Windows), Mac, Wii U"
20072,Valhalla Knights 3,valhalla-knights-3,50.0,3,,,2013,2010,"Role-playing (RPG), Adventure",PlayStation Vita
7237,Viva Piñata: Party Animals,viva-pinata-party-animals,50.0,3,55.9,7,2007,2000,,Xbox 360
7243,Warriors Orochi 2,warriors-orochi-2,50.0,3,70.1,12,2008,2000,"Fighting, Hack and slash/Beat 'em up, Adventure","PlayStation Portable, Xbox 360, PlayStation 2"
21819,Wits & Wagers,wits-and-wagers,50.0,3,,,2008,2000,"Puzzle, Quiz/Trivia",Xbox 360
18509,Slain: Back from Hell,slain-back-from-hell,49.9,12,60.0,16,2016,2010,"Fighting, Platform, Adventure, Indie, Arcade","PlayStation 4, Linux, PC (Microsoft Windows), Mac, Wii U, PlayStation Vita, Xbox One, Nintendo Switch"
26621,Double Dragon IV,double-dragon-iv,49.8,9,68.1,10,2017,2010,"Fighting, Hack and slash/Beat 'em up","PlayStation 4, Android, PC (Microsoft Windows), iOS, Xbox One, Nintendo Switch"
2632,Jaws Unleashed,jaws-unleashed,49.8,5,51.4,17,2006,2000,Hack and slash/Beat 'em up,"Xbox, PC (Microsoft Windows), Legacy Mobile Device, PlayStation 2"
7106,NBA Ballers: Chosen One,nba-ballers-chosen-one,49.8,5,75.0,2,2008,2000,Sport,"PlayStation 3, Xbox 360"
3113,Soldier of Fortune: Payback,soldier-of-fortune-payback,49.8,4,40.2,40,2007,2000,Shooter,"PlayStation 3, PC (Microsoft Windows), Xbox 360"
5593,Daylight,daylight,49.7,10,47.8,22,2014,2010,"Puzzle, Adventure, Indie","PlayStation 4, PC (Microsoft Windows)"
7631,Overkill's The Walking Dead,overkills-the-walking-dead,49.7,7,49.9,7,2018,2010,Shooter,PC (Microsoft Windows)
20344,Trulon: The Shadow Engine,trulon-the-shadow-engine,49.7,3,50.0,0,2016,2010,"Role-playing (RPG), Strategy, Turn-based strategy (TBS), Indie","PlayStation 4, Linux, Android, PC (Microsoft Windows), iOS, Mac, Xbox One"
135,Devil May Cry 2,devil-may-cry-2,49.6,5,55.8,231,2003,2000,"Hack and slash/Beat 'em up, Adventure",PlayStation 2
112344,Stranded Sails,stranded-sails,49.5,4,50.0,3,2019,2010,"Role-playing (RPG), Simulator, Adventure, Indie","PlayStation 4, PC (Microsoft Windows), iOS, PlayStation 5, Xbox One, Nintendo Switch"
5982,Pirates of the Caribbean,pirates-of-the-caribbean,49.3,3,80.9,60,2003,2000,"Role-playing (RPG), Adventure","Xbox, PC (Microsoft Windows)"
18364,Divide,divide,49.2,6,,,2017,2010,"Adventure, Indie","PlayStation 4, PC (Microsoft Windows)"
19833,Flashback,flashback--1,49.0,6,79.1,17,2013,2010,"Platform, Role-playing (RPG), Adventure","PlayStation 3, PC (Microsoft Windows), Xbox 360, Xbox One"
982,Heavy Fire: Afghanistan,heavy-fire-afghanistan,49.0,4,32.1,8,2011,2010,Shooter,"PlayStation 3, Wii, PC (Microsoft Windows), Mac, Xbox 360"
7604,The Tomorrow Children,the-tomorrow-children,49.0,8,45.5,6,2016,2010,"Strategy, Adventure, Indie",PlayStation 4
1306,Medal of Honor: Warfighter,medal-of-honor-warfighter,48.9,9,62.1,161,2012,2010,Shooter,"PlayStation 3, PC (Microsoft Windows), Wii U, Xbox 360"
5330,NBA Live 14,nba-live-14,48.8,4,48.5,5,2013,2010,Sport,"PlayStation 4, Xbox One"
17804,Primal Carnage: Extinction,primal-carnage-extinction,48.8,4,60.0,4,2015,2010,"Shooter, Adventure, Indie","PlayStation 4, PC (Microsoft Windows)"
20278,Brain Exercises With Dr. Kawashima,brain-exercises-with-dr-kawashima,48.7,3,,,2009,2000,Puzzle,PC (Microsoft Windows)
5016,Monster Jam: Path of Destruction,monster-jam-path-of-destruction,48.7,3,75.0,1,2010,2010,Racing,"PlayStation 3, Wii, PlayStation Portable, Xbox 360, Nintendo DS"
61583,Destiny 2: Curse of Osiris,destiny-2-curse-of-osiris,48.6,6,59.7,36,2017,2010,"Shooter, Adventure","PlayStation 4, PC (Microsoft Windows), Xbox One"
7122,Ninja Gaiden 3,ninja-gaiden-3,48.6,7,63.3,33,2012,2010,"Hack and slash/Beat 'em up, Adventure","PlayStation 3, Xbox 360"
7363,Last Rebellion,last-rebellion,48.5,3,,,2010,2010,"Shooter, Role-playing (RPG)",PlayStation 3
11669,Vane,vane,48.4,7,54.7,14,2019,2010,"Puzzle, Adventure, Indie","PlayStation 4, PC (Microsoft Windows)"
138697,G.I. Joe: Operation Blackout,gi-joe-operation-blackout,48.3,3,45.5,5,2020,2020,"Shooter, Adventure","PlayStation 4, PC (Microsoft Windows), Xbox One, Nintendo Switch"
1886,Homefront: The Revolution,homefront-the-revolution,48.3,22,63.2,92,2016,2010,"Shooter, Adventure","PlayStation 4, PC (Microsoft Windows), Xbox One"
20156,Kung Fu High Impact,kung-fu-high-impact,48.3,3,80.0,1,2011,2010,"Fighting, Hack and slash/Beat 'em up",Xbox 360
25206,Mark McMorris Infinite Air,mark-mcmorris-infinite-air,48.3,3,70.3,6,2016,2010,"Simulator, Sport","PlayStation 4, PC (Microsoft Windows), Xbox One"
91299,Minecraft: Story Mode - Episode 2: Assembly Required,minecraft-story-mode-episode-2-assembly-required,48.3,6,,,2015,2010,"Point-and-click, Adventure","PlayStation 3, PlayStation 4, Android, PC (Microsoft Windows), iOS, Mac, Xbox 360, Xbox One"
7376,Mobile Suit Gundam: Crossfire,mobile-suit-gundam-crossfire,48.3,3,,,2006,2000,"Shooter, Simulator, Adventure",PlayStation 3
3787,The Ant Bully,the-ant-bully,48.3,3,23.0,3,2006,2000,Adventure,"Nintendo GameCube, Wii, PC (Microsoft Windows), PlayStation 2"
6251,WWE WrestleMania 21,wwe-wrestlemania-21,48.3,3,,,2005,2000,"Fighting, Sport","Xbox, Xbox 360"
5282,Wing Island,wing-island,48.3,3,,,2006,2000,Simulator,Wii
3215,NeverDead,neverdead,48.1,8,50.2,9,2012,2010,Shooter,"PlayStation 3, Xbox 360"
2915,Leisure Suit Larry: Reloaded,leisure-suit-larry-reloaded,48.0,5,60.7,20,2013,2010,"Point-and-click, Puzzle, Adventure","Linux, Android, PC (Microsoft Windows), iOS, Mac"
7246,Watchmen: The End Is Nigh,watchmen-the-end-is-nigh,48.0,4,65.8,31,2009,2000,Hack and slash/Beat 'em up,"PlayStation 3, PC (Microsoft Windows), Xbox 360"
16583,Transformers: Rise of the Dark Spark,transformers-rise-of-the-dark-spark--1,47.9,7,59.7,12,2014,2010,"Shooter, Strategy","PlayStation 3, PlayStation 4, PC (Microsoft Windows), Wii U, Xbox 360, Xbox One"
21354,TiQal,tiqal,47.8,4,,,2008,2000,Puzzle,Xbox 360
21675,Aliens vs. Predator: Requiem,aliens-vs-predator-requiem,47.7,3,,,2007,2000,Adventure,PlayStation Portable
19077,Ancient Wars: Sparta,ancient-wars-sparta,47.7,3,67.9,9,2007,2000,"Real Time Strategy (RTS), Strategy",PC (Microsoft Windows)
117509,XIII,xiii--1,47.7,3,46.5,12,2020,2020,"Shooter, Adventure","Xbox Series X|S, PlayStation 4, PC (Microsoft Windows), PlayStation 5, Xbox One, Nintendo Switch"
3978,187 Ride or Die,187-ride-or-die,47.5,4,58.1,5,2005,2000,"Shooter, Racing","Xbox, PlayStation 2"
2158,The Urbz: Sims in the City,the-urbz-sims-in-the-city,47.5,3,70.5,39,2004,2000,"Simulator, Strategy","Xbox, Nintendo GameCube, PlayStation 2"
27879,Saban's Mighty Morphin Power Rangers: Mega Battle,sabans-mighty-morphin-power-rangers-mega-battle--1,47.2,5,,,2017,2010,Hack and slash/Beat 'em up,"PlayStation 4, Xbox One"
119385,Contra: Rogue Corps,contra-rogue-corps,47.0,7,37.7,11,2019,2010,"Shooter, Platform, Arcade","PlayStation 4, PC (Microsoft Windows), Xbox One, Nintendo Switch"
53070,Grand Theft Auto: The Trilogy - The Definitive Edition,grand-theft-auto-the-trilogy-the-definitive-edition--1,47.0,6,79.1,22,2021,2020,"Shooter, Racing, Role-playing (RPG), Simulator, Adventure","Xbox Series X|S, PlayStation 4, Android, PC (Microsoft Windows), iOS, PlayStation 5, Xbox One, Nintendo Switch"
20099,Power Rangers Super Megaforce,power-rangers-super-megaforce,47.0,4,,,2014,2010,"Hack and slash/Beat 'em up, Adventure",Nintendo 3DS
7256,X-Blades,x-blades,47.0,3,53.5,30,2007,2000,"Shooter, Role-playing (RPG), Hack and slash/Beat 'em up, Adventure","PlayStation 3, PC (Microsoft Windows), Xbox 360"
2575,Dragon Ball Z For Kinect,dragon-ball-z-for-kinect,46.8,4,16.9,13,2012,2010,Fighting,Xbox 360
19883,Back in 1995,back-in-1995,46.7,3,50.0,2,2016,2010,"Shooter, Adventure, Indie","PlayStation 4, PC (Microsoft Windows), Mac, PlayStation Vita, Xbox One, Nintendo Switch"
4734,Bust-A-Move Bash!,bust-a-move-bash,46.7,3,,,2007,2000,Puzzle,Wii
4782,CSI: Hard Evidence,csi-hard-evidence,46.7,3,63.8,17,2007,2000,Adventure,"Wii, PC (Microsoft Windows), Mac, Xbox 360"
25339,Carnival Games VR,carnival-games-vr,46.7,3,80.0,1,2016,2010,"Simulator, Sport, Arcade","PlayStation VR, SteamVR, Oculus Rift"
16341,Clan of Champions,clan-of-champions,46.7,3,80.0,3,2012,2010,,"PlayStation 3, Linux, PC (Microsoft Windows)"
9828,El Matador,el-matador,46.7,3,61.1,16,2006,2000,Shooter,PC (Microsoft Windows)
43384,Ford Bold Moves Street Racing,ford-bold-moves-street-racing,46.7,3,,,2006,2000,Racing,"Xbox, PC (Microsoft Windows), PlayStation 2"
4877,G.I. Joe: The Rise of Cobra,g-i-joe-the-rise-of-cobra,46.7,3,75.0,3,2009,2000,Shooter,"PlayStation 3, Wii, PlayStation Portable, Xbox 360, Legacy Mobile Device, PlayStation 2"
7012,How to Train Your Dragon,how-to-train-your-dragon,46.7,3,58.0,8,2010,2010,Adventure,"PlayStation 3, Wii, Xbox 360"
22939,Kinect Fun Labs,kinect-fun-labs,46.7,3,70.0,1,2011,2010,,Xbox 360
2662,Kinect Joy Ride,kinect-joy-ride,46.7,3,75.0,3,2010,2010,"Racing, Arcade",Xbox 360
13153,Knock-knock,knock-knock,46.7,3,50.6,32,2013,2010,"Platform, Role-playing (RPG), Simulator, Strategy, Adventure, Indie, Arcade","PlayStation 4, Linux, Windows Phone, Android, PC (Microsoft Windows), iOS, Mac, PlayStation Vita, Xbox One, Nintendo Switch"
20540,Night Watch,night-watch,46.7,3,69.1,8,2005,2000,"Role-playing (RPG), Strategy, Tactical",PC (Microsoft Windows)
5076,Ninja Reflex,ninja-reflex,46.7,4,,,2008,2000,"Simulator, Indie","Wii, PC (Microsoft Windows), Nintendo DS"
19242,Rising Islands,rising-islands,46.7,3,50.0,0,2016,2010,"Platform, Adventure, Indie",PC (Microsoft Windows)
28129,Senran Kagura Reflexions,senran-kagura-reflexions,46.7,3,44.2,5,2017,2010,"Role-playing (RPG), Simulator, Adventure, Visual Novel","PC (Microsoft Windows), Nintendo Switch"
7855,Sonic Boom: Shattered Crystal,sonic-boom-shattered-crystal,46.7,3,45.2,7,2014,2010,Platform,Nintendo 3DS
1261,South Park: Tenorman's Revenge,south-park-tenorman-s-revenge,46.7,3,,,2012,2010,"Music, Platform",Xbox 360
21508,Swashbucklers: Blue vs. Grey,swashbucklers-blue-vs-grey,46.7,3,,,2007,2000,"Fighting, Adventure","PC (Microsoft Windows), PlayStation 2"
2631,Tetris Evolution,tetris-evolution,46.7,3,52.8,6,2007,2000,Puzzle,Xbox 360
41058,The Seven Deadly Sins: Knights of Britannia,the-seven-deadly-sins-knights-of-britannia,46.7,3,,,2018,2010,"Role-playing (RPG), Adventure",PlayStation 4
7212,Trials Frontier,trials-frontier,46.7,3,50.9,8,2014,2010,"Platform, Racing, Strategy, Arcade","Android, iOS"
7233,Venetica,venetica,46.7,3,60.6,30,2009,2000,"Role-playing (RPG), Adventure, Indie","PlayStation 3, PC (Microsoft Windows), Xbox 360"
1648,James Bond 007: Blood Stone,james-bond-007-blood-stone,46.5,9,71.0,69,2010,2010,Shooter,"PlayStation 3, PC (Microsoft Windows), Xbox 360, Nintendo DS"
28024,Skykeepers,skykeepers,46.5,4,,,2017,2010,"Platform, Adventure, Indie","PlayStation 4, PC (Microsoft Windows), Xbox One"
5617,Yaiba: Ninja Gaiden Z,yaiba-ninja-gaiden-z,46.4,12,65.1,18,2014,2010,"Hack and slash/Beat 'em up, Adventure","PlayStation 3, PC (Microsoft Windows), Xbox 360"
1241,Death by Degrees,death-by-degrees,46.3,3,61.0,7,2005,2000,"Fighting, Adventure",PlayStation 2
574,Eat Lead: The Return of Matt Hazard,eat-lead-the-return-of-matt-hazard,46.3,4,56.6,17,2009,2000,Shooter,"PlayStation 3, Xbox 360"
36506,Little Witch Academia: Chamber of Time,little-witch-academia-chamber-of-time,46.3,4,77.3,7,2017,2010,"Role-playing (RPG), Hack and slash/Beat 'em up, Adventure","PlayStation 4, PC (Microsoft Windows)"
5742,Xiaolin Showdown,xiaolin-showdown,46.2,5,,,2006,2000,"Fighting, Platform, Hack and slash/Beat 'em up, Adventure","Xbox, PlayStation Portable, Nintendo DS, PlayStation 2"
6912,Beowulf: The Game,beowulf-the-game,46.0,3,68.6,13,2007,2000,"Hack and slash/Beat 'em up, Adventure","PlayStation 3, PC (Microsoft Windows), PlayStation Portable, Xbox 360"
6925,Bomberman: Act Zero,bomberman-act-zero,46.0,3,28.9,5,2006,2000,Strategy,Xbox 360
116584,The Lord of the Rings: Gollum,the-lord-of-the-rings-gollum,46.0,4,40.2,14,2023,2020,Adventure,"Xbox Series X|S, PlayStation 4, PC (Microsoft Windows), PlayStation 5, Xbox One, Nintendo Switch"
21333,Tornado,tornado,46.0,3,,,2008,2000,Simulator,Nintendo DS
4731,Brunswick Pro Bowling,brunswick-pro-bowling,45.8,6,50.0,2,2007,2000,Sport,"PlayStation 3, PlayStation 4, Nintendo 3DS, Wii, iOS, Wii U, PlayStation Portable, Xbox 360, Xbox One, PlayStation 2"
16989,Teenage Mutant Ninja Turtles: Mutants in Manhattan,teenage-mutant-ninja-turtles-mutants-in-manhattan,45.8,13,50.9,17,2016,2010,"Fighting, Hack and slash/Beat 'em up","PlayStation 3, PlayStation 4, PC (Microsoft Windows), Xbox 360, Xbox One"
1649,007 Legends,007-legends,45.7,7,54.2,27,2012,2010,Shooter,"PlayStation 3, PC (Microsoft Windows), Wii U, Xbox 360"
19465,Akiba's Beat,akibas-beat,45.5,4,,,2016,2010,Role-playing (RPG),"PlayStation 4, PlayStation Vita"
27728,Reservoir Dogs: Bloody Days,reservoir-dogs-bloody-days,45.5,4,,,2017,2010,"Fighting, Shooter, Strategy, Indie",PC (Microsoft Windows)
5241,Toy Story Mania!,toy-story-mania,45.5,4,48.7,17,2009,2000,Arcade,"PlayStation 3, Wii, PC (Microsoft Windows), Xbox 360"
30150,Alien Rage: Unlimited,alien-rage-unlimited,45.3,4,55.1,13,2013,2010,Shooter,"PlayStation 3, PC (Microsoft Windows), Xbox 360"
55038,Immortal: Unchained,immortal-unchained,45.3,3,51.6,24,2018,2010,"Shooter, Role-playing (RPG), Adventure","PlayStation 4, PC (Microsoft Windows), Xbox One"
9018,Scourge Outbreak,scourge-outbreak,45.3,3,58.3,5,2013,2010,"Shooter, Indie","PlayStation 3, PC (Microsoft Windows), Mac, Xbox 360"
1021,Aliens: Colonial Marines,aliens-colonial-marines,45.0,14,47.2,109,2013,2010,Shooter,"PlayStation 3, PC (Microsoft Windows), Wii U, Xbox 360"
9824,Disciples III: Renaissance,disciples-iii-renaissance--1,45.0,3,48.3,24,2009,2000,"Role-playing (RPG), Strategy, Turn-based strategy (TBS)",PC (Microsoft Windows)
4825,EA Playground,ea-playground,45.0,3,,,2007,2000,"Puzzle, Sport","Wii, Nintendo DS"
2846,Family Guy Video Game!,family-guy-video-game,45.0,3,50.0,13,2006,2000,"Fighting, Shooter, Platform, Adventure","Xbox, PlayStation Portable, PlayStation 2"
3765,Madagascar: Escape 2 Africa,madagascar-escape-2-africa,45.0,3,64.5,20,2008,2000,Adventure,"PlayStation 3, Wii, PC (Microsoft Windows), Xbox 360, PlayStation 2"
17096,Soul Axiom,soul-axiom,45.0,6,50.0,2,2014,2010,"Puzzle, Adventure, Indie","PlayStation 4, Linux, PC (Microsoft Windows), Mac, Wii U, Xbox One"
13366,Syndrome,syndrome,44.6,5,44.6,7,2016,2010,"Shooter, Puzzle, Adventure","PlayStation 4, PC (Microsoft Windows), Xbox One, Nintendo Switch"
121435,WWE 2K20,wwe-2k20,44.6,7,55.3,25,2019,2010,"Simulator, Sport","PlayStation 4, PC (Microsoft Windows), Xbox One"
24282,Made Man,made-man,44.5,4,55.1,8,2006,2000,"Shooter, Adventure","PC (Microsoft Windows), PlayStation 2"
41827,School Girl/Zombie Hunter,school-girl-slash-zombie-hunter,44.5,6,60.0,4,2017,2010,"Shooter, Hack and slash/Beat 'em up","PlayStation 4, PC (Microsoft Windows)"
977,Resident Evil: Operation Raccoon City,resident-evil-operation-raccoon-city,44.3,9,50.9,92,2012,2010,"Shooter, Adventure","PlayStation 3, PC (Microsoft Windows), Xbox 360"
5141,Scene It? Bright Lights! Big Screen!,scene-it-bright-lights-big-screen,44.3,3,,,2009,2000,Quiz/Trivia,"PlayStation 3, Wii, Xbox 360"
8547,Steel Battalion: Heavy Armor,steel-battalion-heavy-armor,44.3,6,70.0,1,2012,2010,,Xbox 360
6192,Tecmo Classic Arcade,tecmo-classic-arcade,44.3,3,,,2005,2000,"Shooter, Puzzle, Sport, Strategy, Pinball, Adventure, Arcade",Xbox
11503,Mugen Souls Z,mugen-souls-z,44.2,5,60.0,1,2013,2010,"Role-playing (RPG), Strategy, Adventure","PlayStation 3, PC (Microsoft Windows), Nintendo Switch"
7381,NBA 07,nba-07,44.2,5,,,2006,2000,"Simulator, Sport","PlayStation 3, PlayStation Portable, PlayStation 2"
13163,Syberia 3,syberia-3,44.0,8,65.3,59,2017,2010,"Point-and-click, Puzzle, Adventure","PlayStation 4, Android, PC (Microsoft Windows), iOS, Mac, Xbox One, Nintendo Switch"
5243,Transformers: Dark of the Moon,transformers-dark-of-the-moon,44.0,3,74.6,10,2011,2010,Shooter,"PlayStation 3, Xbox 360"
20073,Valhalla Knights,valhalla-knights,44.0,3,,,2006,2000,Role-playing (RPG),"PlayStation Vita, PlayStation Portable"
5748,Big Mutha Truckers 2,big-mutha-truckers-2,43.8,3,59.5,6,2005,2000,Racing,"Xbox, PC (Microsoft Windows), PlayStation 2"
21328,Fable II: Pub Games,fable-ii-pub-games,43.8,4,,,2008,2000,Card & Board Game,Xbox 360
2660,Fighters Uncaged,fighters-uncaged,43.8,4,70.0,3,2010,2010,Fighting,Xbox 360
6196,Terminator 3: Rise of the Machines,terminator-3-rise-of-the-machines,43.8,4,40.1,5,2003,2000,"Fighting, Shooter","Xbox, Nintendo GameCube, Legacy Mobile Device, PlayStation 2"
122345,Calico,calico,43.7,3,64.5,13,2020,2020,"Role-playing (RPG), Simulator, Adventure, Indie","Google Stadia, Xbox Series X|S, PlayStation 4, PC (Microsoft Windows), PlayStation 5, Mac, Xbox One, Nintendo Switch"
26752,Spheroids,spheroids,43.7,3,70.0,0,2017,2010,"Platform, Adventure, Indie, Arcade","PlayStation 4, PC (Microsoft Windows), Wii U, PlayStation Vita, Xbox One, Nintendo Switch"
140701,Taxi Chaos,taxi-chaos,43.7,3,,,2021,2020,"Platform, Racing, Arcade","Xbox Series X|S, PlayStation 4, PC (Microsoft Windows), Xbox One, Nintendo Switch"
4682,Astro Boy: The Video Game,astro-boy-the-video-game,43.3,3,45.4,5,2009,2000,Platform,"Wii, PlayStation Portable, PlayStation 2"
20182,Energy Hook,energy-hook,43.3,3,50.0,0,2016,2010,"Sport, Indie","PlayStation 4, Linux, PC (Microsoft Windows), Mac"
4891,Godzilla: Unleashed,godzilla-unleashed,43.3,3,69.3,13,2007,2000,Fighting,"Wii, PlayStation 2"
7857,Hatred,hatred,43.3,3,48.9,74,2015,2010,"Shooter, Indie","Linux, PC (Microsoft Windows), Nintendo Switch"
20766,Tetris Splash,tetris-splash,43.3,3,,,2007,2000,Puzzle,Xbox 360
9548,Super Toy Cars,super-toy-cars,43.0,3,80.0,1,2014,2010,"Racing, Sport, Indie, Arcade","PlayStation 4, PC (Microsoft Windows), Mac, Wii U, Xbox One, Nintendo Switch"
8548,Call of Duty: Black Ops - Declassified,call-of-duty-black-ops-declassified,42.8,4,54.3,19,2012,2010,Shooter,PlayStation Vita
17080,LA Cops,la-cops,42.8,4,50.0,2,2015,2010,"Shooter, Strategy, Adventure, Indie","PlayStation 4, PC (Microsoft Windows), Mac, Xbox One"
4729,Brave: A Warrior's Tale,brave-a-warrior-s-tale,42.7,3,,,2009,2000,"Puzzle, Hack and slash/Beat 'em up, Adventure","Wii, Xbox 360"
2677,Guitar Hero: Smash Hits,guitar-hero-smash-hits,42.7,4,68.4,26,2009,2000,Music,"PlayStation 3, Wii, Xbox 360, PlayStation 2"
2776,SpongeBob SquarePants featuring Nicktoons: Globs of Doom,spongebob-squarepants-featuring-nicktoons-globs-of-doom,42.7,3,33.8,9,2008,2000,"Platform, Adventure","Wii, PlayStation 2"
11746,Criminal Girls: Invite Only,criminal-girls-invite-only,42.5,5,78.3,5,2013,2010,"Role-playing (RPG), Simulator, Strategy","PC (Microsoft Windows), PlayStation Vita"
7007,Hellboy: The Science of Evil,hellboy-the-science-of-evil,42.5,4,59.6,8,2008,2000,Adventure,"PlayStation 3, PlayStation Portable, Xbox 360"
4557,Adventure Time: Explore the Dungeon Because I Don't Know!,adventure-time-explore-the-dungeon-because-i-don-t-know,42.3,7,40.6,8,2013,2010,Adventure,"PlayStation 3, Nintendo 3DS, PC (Microsoft Windows), Wii U, Xbox 360"
19950,Commander Cherry's Puzzled Journey,commander-cherrys-puzzled-journey,42.0,3,,,2015,2010,"Platform, Puzzle","PlayStation 4, Xbox One"
76887,Fade to Silence,fade-to-silence--1,42.0,3,59.9,5,2018,2010,"Role-playing (RPG), Adventure","PlayStation 4, PC (Microsoft Windows), Xbox One"
17097,Infinity Runner,infinity-runner,42.0,3,50.0,4,2014,2010,"Fighting, Indie, Arcade","PlayStation 4, Linux, PC (Microsoft Windows), Mac, Wii U, Xbox One"
4945,Ju-on: The Grudge,ju-on-the-grudge,42.0,5,38.0,5,2009,2000,Adventure,Wii
21045,Lux-Pain,lux-pain,42.0,4,68.0,1,2008,2000,"Adventure, Visual Novel",Nintendo DS
4204,Terminator Salvation,terminator-salvation,42.0,5,38.1,37,2009,2000,"Shooter, Adventure","PlayStation 3, PC (Microsoft Windows), iOS, Xbox 360"
7221,Turning Point: Fall of Liberty,turning-point-fall-of-liberty,41.8,4,62.3,26,2008,2000,Shooter,"PlayStation 3, PC (Microsoft Windows), Xbox 360"
30847,Fear Effect Sedna,fear-effect-sedna,41.7,6,60.0,1,2018,2010,"Shooter, Puzzle, Role-playing (RPG), Strategy, Tactical, Adventure","PlayStation 4, PC (Microsoft Windows), Xbox One, Nintendo Switch"
10515,Light,light,41.7,3,50.0,0,2014,2010,"Puzzle, Strategy, Adventure, Indie","Linux, PC (Microsoft Windows), Mac"
210,Star Wars: The Clone Wars - Republic Heroes,star-wars-the-clone-wars-republic-heroes,41.7,3,50.9,32,2009,2000,"Shooter, Adventure","PlayStation 3, Wii, PC (Microsoft Windows), PlayStation Portable, Xbox 360, PlayStation 2"
11764,The Plan,the-plan,41.7,3,58.4,41,2013,2010,"Adventure, Indie","Linux, PC (Microsoft Windows), Mac"
2111,Dark,dark,41.6,7,39.6,19,2013,2010,"Role-playing (RPG), Strategy, Adventure","PC (Microsoft Windows), Xbox 360"
21287,The Punisher: No Mercy,the-punisher-no-mercy,41.5,4,,,2009,2000,Shooter,PlayStation 3
5615,Sacred 3,sacred-3,41.4,7,59.2,21,2014,2010,"Role-playing (RPG), Hack and slash/Beat 'em up, Arcade","PlayStation 3, PC (Microsoft Windows), PlayStation Vita, Xbox 360, Xbox One"
28243,Drive Girls,drive-girls,41.3,4,,,2017,2010,"Racing, Hack and slash/Beat 'em up",PlayStation Vita
37852,Milanoir,milanoir,41.3,4,60.0,1,2018,2010,"Shooter, Role-playing (RPG), Adventure, Indie, Arcade","PlayStation 4, PC (Microsoft Windows), Xbox One, Nintendo Switch"
7118,NFL Tour,nfl-tour,41.3,4,75.0,2,2008,2000,Sport,"PlayStation 3, Xbox 360"
21387,SNK vs Capcom Card Fighters DS,snk-vs-capcom-card-fighters-ds,41.3,4,53.0,0,2006,2000,"Puzzle, Strategy",Nintendo DS
14581,Super Dungeon Bros,super-dungeon-bros,41.3,4,40.0,4,2016,2010,"Platform, Adventure, Indie","PlayStation 4, PC (Microsoft Windows), Mac, Xbox One"
4936,Iron Man 2,iron-man-2,41.1,5,50.0,12,2010,2010,"Shooter, Adventure","PlayStation 3, Xbox 360"
7310,Bloodforge,bloodforge,41.0,5,,,2012,2010,Hack and slash/Beat 'em up,Xbox 360
10098,Code of Honor 2: Conspiracy Island,code-of-honor-2-conspiracy-island,41.0,3,,,2008,2000,Shooter,PC (Microsoft Windows)
4853,Fantastic Four: Rise of the Silver Surfer,fantastic-four-rise-of-the-silver-surfer,41.0,5,54.1,12,2007,2000,Adventure,"PlayStation 3, Wii, Xbox 360, PlayStation 2"
4904,Harry Potter and the Deathly Hallows: Part 1,harry-potter-and-the-deathly-hallows-part-1,41.0,4,47.7,62,2010,2010,Shooter,"PlayStation 3, Wii, PC (Microsoft Windows), Xbox 360"
54661,League of War: VR Arena,league-of-war-vr-arena,41.0,3,,,2017,2010,"Strategy, Arcade",PlayStation VR
20105,Power Rangers Megaforce,power-rangers-megaforce,41.0,5,,,2013,2010,"Hack and slash/Beat 'em up, Adventure",Nintendo 3DS
7305,The Fight: Lights Out,the-fight-lights-out,40.8,4,,,2010,2010,Fighting,PlayStation 3
8731,Godzilla: The Game,godzilla-the-game--1,40.6,8,60.0,8,2014,2010,"Fighting, Simulator, Adventure, Arcade","PlayStation 3, PlayStation 4"
20598,ArchLord,archlord,40.0,3,,,2006,2000,Role-playing (RPG),PC (Microsoft Windows)
103312,Babylon's Fall,babylons-fall,40.0,4,,,2022,2020,"Role-playing (RPG), Adventure","PlayStation 4, PC (Microsoft Windows), PlayStation 5"
7395,Devil's Third,devil-s-third,40.0,4,65.0,6,2015,2010,"Shooter, Hack and slash/Beat 'em up",Wii U
127356,Fast & Furious: Crossroads,fast-and-furious-crossroads,40.0,6,40.1,10,2020,2020,"Racing, Adventure","PlayStation 4, PC (Microsoft Windows), Xbox One"
7001,Golden Axe: Beast Rider,golden-axe-beast-rider,40.0,3,69.9,5,2008,2000,Hack and slash/Beat 'em up,"PlayStation 3, Xbox 360"
101173,Hypergun,hypergun,40.0,3,50.0,0,2018,2010,"Shooter, Indie","PlayStation 4, PC (Microsoft Windows), Xbox One"
4965,Kung Fu Panda 2,kung-fu-panda-2,40.0,3,75.0,2,2011,2010,Adventure,"PlayStation 3, Wii, Xbox 360"
16128,Kung Fu Rider,kung-fu-rider,40.0,3,,,2010,2010,"Fighting, Adventure",PlayStation 3
20588,Mage Knight: Apocalypse,mage-knight-apocalypse,40.0,3,,,2006,2000,"Role-playing (RPG), Adventure",PC (Microsoft Windows)
20780,Rocky & Bullwinkle,rocky-and-bullwinkle,40.0,3,,,,,Platform,"Atari 2600, Intellivision"
15100,SingStar: Ultimate Party,singstar-ultimate-party,40.0,4,,,2014,2010,Music,"PlayStation 3, PlayStation 4"
5170,Soulcalibur Legends,soulcalibur-legends,40.0,4,43.5,9,2007,2000,"Hack and slash/Beat 'em up, Adventure",Wii
26299,Surgeon Simulator: Experience Reality,surgeon-simulator-experience-reality,40.0,3,69.7,7,2016,2010,"Simulator, Adventure, Indie","PlayStation VR, SteamVR, Oculus Rift"
70186,The Shield: The Game,the-shield-the-game,40.0,3,,,2007,2000,Shooter,"PC (Microsoft Windows), PlayStation 2"
17248,The Sopranos: Road to Respect,the-sopranos-road-to-respect,40.0,3,,,2006,2000,Adventure,PlayStation 2
26868,We Are Chicago,we-are-chicago,40.0,4,40.0,0,2017,2010,"Simulator, Adventure, Indie","Linux, PC (Microsoft Windows), Mac"
12530,Umbrella Corps,umbrella-corps,39.9,16,39.9,20,2016,2010,"Shooter, Strategy","PlayStation 4, PC (Microsoft Windows)"
19453,Agony,agony--1,39.3,7,47.5,32,2018,2010,"Shooter, Adventure, Indie","PlayStation 4, PC (Microsoft Windows), Xbox One, Nintendo Switch"
4903,The Hardy Boys: The Hidden Theft,the-hardy-boys-the-hidden-theft,39.3,3,,,2008,2000,"Point-and-click, Puzzle, Adventure","Wii, PC (Microsoft Windows)"
9636,Doctor Who: The Eternity Clock,doctor-who-the-eternity-clock,39.0,4,,,2012,2010,"Platform, Puzzle, Adventure","PlayStation 3, PC (Microsoft Windows), PlayStation Vita"
6787,Double Dragon,double-dragon,39.0,3,74.8,166,1987,1980,"Fighting, Hack and slash/Beat 'em up, Adventure, Arcade","Arcade, Xbox 360"
7197,Stormrise,stormrise,39.0,5,39.8,7,2009,2000,"Real Time Strategy (RTS), Strategy","PlayStation 3, PC (Microsoft Windows), Xbox 360"
10100,Coffin Dodgers,coffin-dodgers,38.8,6,60.0,1,2015,2010,"Racing, Indie","PlayStation 4, Linux, PC (Microsoft Windows), Mac, Xbox One, Nintendo Switch"
195382,Bloodhound,bloodhound,38.7,3,,,2023,2020,"Shooter, Indie","Xbox Series X|S, PlayStation 4, PC (Microsoft Windows), PlayStation 5, Xbox One"
4920,Hysteria Hospital: Emergency Ward,hysteria-hospital-emergency-ward,38.7,3,,,2009,2000,Strategy,"Wii, PC (Microsoft Windows), Nintendo DS"
17004,Plantera,plantera,38.7,3,51.9,11,2016,2010,"Simulator, Strategy, Indie","Nintendo 3DS, PC (Microsoft Windows), Wii U, PlayStation Vita"
2598,Teenage Mutant Ninja Turtles: Out of the Shadows,teenage-mutant-ninja-turtles-out-of-the-shadows,38.6,7,44.5,12,2013,2010,"Hack and slash/Beat 'em up, Adventure","PlayStation 3, PC (Microsoft Windows), Xbox 360"
6851,One Piece: Romance Dawn,one-piece-romance-dawn,38.4,5,,,2012,2010,Role-playing (RPG),"Nintendo 3DS, PlayStation Portable"
24525,Dead or Alive Xtreme 3: Fortune,dead-or-alive-xtreme-3-fortune,38.3,3,,,2016,2010,Sport,PlayStation 4
6999,Fuzion Frenzy 2,fuzion-frenzy-2,38.3,3,70.0,3,2007,2000,,Xbox 360
9867,Hyperdimension Neptunia: Producing Perfection,hyperdimension-neptunia-producing-perfection,38.3,3,,,2013,2010,"Music, Role-playing (RPG), Simulator, Visual Novel",PlayStation Vita
21306,Street Trace: NYC,street-trace-nyc,38.3,3,,,2007,2000,"Shooter, Racing",Xbox 360
6938,Clash of the Titans: The Videogame,clash-of-the-titans-the-videogame,38.2,5,80.0,1,2010,2010,Adventure,"PlayStation 3, Xbox 360"
24783,Harmonix Music VR,harmonix-music-vr,38.0,5,,,2016,2010,Music,"PlayStation 4, PlayStation VR"
3771,Rambo: The Video Game,rambo-the-video-game,37.5,4,33.3,13,2014,2010,"Shooter, Adventure, Arcade","PlayStation 3, PC (Microsoft Windows), Xbox 360"
5322,Sonic Boom: Rise of Lyric,sonic-boom-rise-of-lyric,37.5,4,15.9,33,2014,2010,"Platform, Adventure",Wii U
5259,Wacky Races: Crash & Dash,wacky-races-crash-and-dash,37.5,4,,,2008,2000,Racing,"Wii, Nintendo DS"
4892,The Golden Compass,the-golden-compass,37.4,5,40.7,8,2007,2000,Adventure,"PlayStation 3, Wii, PC (Microsoft Windows), PlayStation Portable, Xbox 360, Nintendo DS, PlayStation 2"
17145,Project Root,project-root,37.3,3,50.0,0,2014,2010,"Shooter, Role-playing (RPG), Indie","PlayStation 4, PC (Microsoft Windows), PlayStation Vita, Xbox One"
25160,Star Trek: The Video Game,star-trek-the-video-game,37.0,9,,,2013,2010,"Shooter, Adventure","PlayStation 3, PC (Microsoft Windows), Xbox 360"
18167,Hello Neighbor,hello-neighbor,36.8,8,46.3,103,2017,2010,"Puzzle, Role-playing (RPG), Strategy, Adventure, Indie","Google Stadia, Xbox Series X|S, PlayStation 4, Android, PC (Microsoft Windows), iOS, PlayStation 5, Xbox One, Nintendo Switch"
9961,Albedo: Eyes from Outer Space,albedo-eyes-from-outer-space,36.7,3,30.0,6,2015,2010,"Shooter, Puzzle, Adventure, Indie","PlayStation 4, PC (Microsoft Windows), Mac, Xbox One"
21495,Arkanoid DS,arkanoid-ds,36.7,3,66.0,2,2008,2000,Puzzle,Nintendo DS
56510,Decay of Logos,decay-of-logos,36.7,3,42.9,5,2019,2010,"Role-playing (RPG), Adventure, Indie","PlayStation 4, PC (Microsoft Windows), Xbox One, Nintendo Switch"
4854,Far Cry Vengeance,far-cry-vengeance,36.7,3,30.5,10,2006,2000,Shooter,Wii
5251,Ultimate Duck Hunting,ultimate-duck-hunting,36.7,3,,,2006,2000,"Shooter, Simulator, Sport","Wii, PC (Microsoft Windows)"
119307,CrossfireX,crossfirex,36.3,4,36.4,9,2022,2020,Shooter,"Xbox Series X|S, Xbox One"
20309,Funk of Titans,funk-of-titans,36.3,4,50.0,2,2015,2010,"Platform, Adventure, Arcade","PlayStation 4, PC (Microsoft Windows), Wii U, PlayStation Vita, Xbox One"
2937,Takedown: Red Sabre,takedown-red-sabre,36.3,3,20.3,10,2013,2010,"Shooter, Simulator, Strategy, Tactical","PC (Microsoft Windows), Xbox 360"
5574,7 Days to Die,7-days-to-die,36.1,8,68.9,211,2024,2020,"Shooter, Role-playing (RPG), Simulator, Strategy, Adventure, Indie","Xbox Series X|S, PlayStation 4, Linux, PC (Microsoft Windows), PlayStation 5, Mac, Xbox One"
21338,Vampire Rain: Altered Species,vampire-rain-altered-species,35.7,3,,,2008,2000,Shooter,PlayStation 3
6162,State of Emergency 2,state-of-emergency-2,35.3,3,,,2006,2000,Shooter,"PC (Microsoft Windows), PlayStation 2"
37143,Bravo Team,bravo-team,35.0,5,,,2018,2010,Shooter,"PlayStation 4, PlayStation VR"
7499,Escape Dead Island,escape-dead-island,35.0,5,57.4,28,2014,2010,"Simulator, Adventure, Indie","PlayStation 3, PC (Microsoft Windows), Xbox 360"
4875,Furu Furu Park,furu-furu-park,35.0,3,,,2007,2000,Arcade,Wii
71456,Gungrave VR,gungrave-vr,35.0,3,,,2017,2010,Shooter,"PlayStation 4, PlayStation VR, PC (Microsoft Windows)"
20877,MilitAnt,militant,35.0,4,,,2016,2010,"Shooter, Indie","PlayStation 4, PC (Microsoft Windows)"
10090,Tony Hawk's Pro Skater 5,tony-hawks-pro-skater-5,35.0,6,59.5,20,2015,2010,"Sport, Arcade","PlayStation 3, PlayStation 4, Xbox 360, Xbox One"
6810,Bombshell,bombshell,33.8,4,50.6,10,2016,2010,"Shooter, Role-playing (RPG), Adventure, Arcade","PlayStation 4, PC (Microsoft Windows), Xbox One"
5255,Valhalla Knights: Eldar Saga,valhalla-knights-eldar-saga,33.5,4,,,2009,2000,"Role-playing (RPG), Strategy, Adventure",Wii
5744,Battlestar Galactica,battlestar-galactica,33.3,3,,,2003,2000,"Shooter, Simulator","Xbox, PlayStation 2"
36868,Bubsy: The Woolies Strike Back,bubsy-the-woolies-strike-back,33.3,6,26.0,6,2017,2010,"Platform, Adventure","PlayStation 4, PC (Microsoft Windows)"
5647,Enemy Front,enemy-front,33.3,3,56.6,49,2014,2010,Shooter,"PlayStation 3, PC (Microsoft Windows), Xbox 360"
1834,Family Guy: Back to the Multiverse,family-guy-back-to-the-multiverse,33.3,3,71.1,16,2012,2010,"Shooter, Adventure","PlayStation 3, PC (Microsoft Windows), Xbox 360"
4899,GT Pro Series,gt-pro-series,33.3,3,,,2006,2000,Racing,Wii
4941,Jenga World Tour,jenga-world-tour,33.3,3,,,2007,2000,"Puzzle, Strategy","Wii, Nintendo DS"
21929,Tony Hawk's Motion,tony-hawks-motion,33.3,3,,,2008,2000,Sport,Nintendo DS
7231,Vampire Rain,vampire-rain,33.3,3,37.5,5,2007,2000,Shooter,"PlayStation 3, Xbox 360"
15691,Alekhine's Gun,alekhines-gun,33.0,5,43.6,12,2016,2010,"Shooter, Strategy, Tactical, Adventure","PlayStation 4, PC (Microsoft Windows), Xbox One"
27569,Dying: Reborn,dying-reborn,33.0,5,60.0,4,2017,2010,"Puzzle, Adventure, Indie","PlayStation 4, PC (Microsoft Windows), PlayStation Vita, Xbox One, Nintendo Switch"
19967,Teenage Mutant Ninja Turtles,teenage-mutant-ninja-turtles--2,32.5,3,42.6,7,2013,2010,Hack and slash/Beat 'em up,"Nintendo 3DS, Wii, Xbox 360"
18815,Ghostbusters,ghostbusters--1,32.2,12,30.0,3,2016,2010,"Shooter, Adventure","PlayStation 4, PC (Microsoft Windows), Xbox One"
557,Prison Break: The Conspiracy,prison-break-the-conspiracy,31.7,3,65.4,19,2010,2010,"Puzzle, Hack and slash/Beat 'em up, Adventure","PlayStation 3, PC (Microsoft Windows), Xbox 360"
36544,Tennis World Tour,tennis-world-tour,31.7,3,70.0,7,2018,2010,"Simulator, Sport","PlayStation 4, PC (Microsoft Windows), Xbox One, Nintendo Switch"
103313,The Quiet Man,the-quiet-man,31.0,5,11.8,10,2018,2010,Hack and slash/Beat 'em up,"PlayStation 4, PC (Microsoft Windows)"
26503,Troll and I,troll-and-i,30.7,6,60.0,3,2017,2010,"Role-playing (RPG), Adventure","PlayStation 4, PC (Microsoft Windows), Xbox One, Nintendo Switch"
68287,Left Alive,left-alive,30.5,6,35.2,15,2019,2010,Shooter,"PlayStation 4, PC (Microsoft Windows)"
44116,Past Cure,past-cure,30.4,7,50.0,4,2018,2010,"Shooter, Indie","PlayStation 4, PC (Microsoft Windows), Xbox One"
5118,Ready 2 Rumble: Revolution,ready-2-rumble-revolution,30.0,3,,,2009,2000,"Fighting, Sport",Wii
76397,Super Seducer,super-seducer,30.0,3,56.3,12,2018,2010,"Role-playing (RPG), Simulator, Strategy, Adventure","PC (Microsoft Windows), Mac"
1831,The Walking Dead: Survival Instinct,the-walking-dead-survival-instinct,30.0,3,35.9,41,2013,2010,Shooter,"PlayStation 3, PC (Microsoft Windows), Wii U, Xbox 360"
25340,Weeping Doll,weeping-doll,30.0,5,,,2016,2010,"Puzzle, Role-playing (RPG), Adventure","PlayStation 4, PlayStation VR"
9397,The Expendables 2: The Videogame,the-expendables-2-the-videogame,29.0,5,22.8,5,2012,2010,"Shooter, Adventure","PlayStation 3, PC (Microsoft Windows), Xbox 360"
20030,Afro Samurai 2: Revenge of Kuma,afro-samurai-2-revenge-of-kuma,28.8,3,,,2015,2010,Adventure,"PlayStation 4, PC (Microsoft Windows)"
1196,Crash Boom Bang!,crash-boom-bang,27.7,3,24.0,8,2006,2000,"Puzzle, Quiz/Trivia",Nintendo DS
20577,Bubble Bobble Revolution,bubble-bobble-revolution,27.3,3,43.0,2,2005,2000,"Platform, Puzzle, Adventure",Nintendo DS
19916,Basement Crawl,basement-crawl,26.7,3,,,2014,2010,Strategy,PlayStation 4
7011,Hour of Victory,hour-of-victory,26.7,3,14.5,8,2007,2000,Shooter,"PC (Microsoft Windows), Xbox 360"
55244,Road Rage,road-rage,26.7,3,40.0,0,2017,2010,"Racing, Simulator","PlayStation 4, PC (Microsoft Windows), Xbox One"
5213,Target: Terror,target-terror,26.7,4,,,2004,2000,"Shooter, Strategy","Arcade, Wii"
4787,Fighter Within,fighter-within,24.9,8,,,2013,2010,"Fighting, Sport",Xbox One
25795,Cartoon Network: Battle Crashers,cartoon-network-battle-crashers,23.3,3,31.9,7,2016,2010,"Fighting, Hack and slash/Beat 'em up, Adventure, Arcade","PlayStation 4, Nintendo 3DS, Xbox One, Nintendo Switch"
7164,Rock Revolution,rock-revolution,23.3,3,45.0,3,2008,2000,Music,"PlayStation 3, Wii, Xbox 360"
3416,Amy,amy,22.5,4,37.1,15,2012,2010,Adventure,"PlayStation 3, Xbox 360"
19591,Dino Dini's Kick Off Revival,dino-dinis-kick-off-revival,22.5,4,70.0,2,2016,2010,"Simulator, Sport","PlayStation 4, PC (Microsoft Windows), PlayStation Vita"
19466,Underworld Ascendant,underworld-ascendant,21.3,4,40.0,2,2018,2010,"Role-playing (RPG), Adventure, Indie","PlayStation 4, Linux, PC (Microsoft Windows), Mac, Xbox One, Nintendo Switch"
20093,Dungeon Keeper,dungeon-keeper--1,20.0,3,13.1,6,2014,2010,"Real Time Strategy (RTS), Strategy","Android, iOS"
105269,Gene Rain,gene-rain,20.0,3,50.0,9,2018,2010,"Shooter, Role-playing (RPG), Adventure, Indie","PlayStation 4, PC (Microsoft Windows), Xbox One"
21048,Spogs Racing,spogs-racing,16.7,3,,,2008,2000,Racing,Wii
9901,Overlord: Fellowship of Evil,overlord-fellowship-of-evil,16.3,4,70.0,4,2015,2010,"Role-playing (RPG), Adventure","PlayStation 4, PC (Microsoft Windows), Xbox One"
7018,Infernal,infernal,0.0,6,47.7,23,2007,2000,"Shooter, Puzzle, Adventure","PC (Microsoft Windows), Xbox 360"
